[23Apr2025 02:47:44.946] [main/INFO] [cpw.mods.modlauncher.Launcher/MODLAUNCHER]: ModLauncher running: args [--launchTarget, forgeserver, --fml.forgeVersion, 47.3.7, --fml.mcVersion, 1.20.1, --fml.forgeGroup, net.minecraftforge, --fml.mcpVersion, 20230612.114412, nogui]
[23Apr2025 02:47:44.952] [main/INFO] [cpw.mods.modlauncher.Launcher/MODLAUNCHER]: ModLauncher 10.0.9+10.0.9+main.dcd20f30 starting: java version 17.0.14 by Ubuntu; OS Linux arch amd64 version 6.8.0-1026-azure
[23Apr2025 02:47:57.791] [main/INFO] [net.minecraftforge.fml.loading.ImmediateWindowHandler/]: ImmediateWindowProvider not loading because launch target is forgeserver
[23Apr2025 02:47:57.804] [main/INFO] [mixin-transmog/]: Mixin Transmogrifier is definitely up to no good...
[23Apr2025 02:47:57.846] [main/INFO] [mixin-transmog/]: crimes against java were committed
[23Apr2025 02:47:57.875] [main/INFO] [mixin-transmog/]: Original mixin transformation service successfully crobbed by mixin-transmogrifier!
[23Apr2025 02:47:57.918] [main/INFO] [mixin/]: SpongePowered MIXIN Subsystem Version=0.8.5 Source=union:/workspaces/ange/servidor_minecraft/mods/Connector-1.0.0-beta.39+1.20.1.jar%23281%23284!/ Service=ModLauncher Env=SERVER
[23Apr2025 02:47:58.811] [main/WARN] [net.minecraftforge.fml.loading.moddiscovery.ModFileParser/LOADING]: Mod file /workspaces/ange/servidor_minecraft/libraries/net/minecraftforge/fmlcore/1.20.1-47.3.7/fmlcore-1.20.1-47.3.7.jar is missing mods.toml file
[23Apr2025 02:47:58.812] [main/WARN] [net.minecraftforge.fml.loading.moddiscovery.ModFileParser/LOADING]: Mod file /workspaces/ange/servidor_minecraft/libraries/net/minecraftforge/javafmllanguage/1.20.1-47.3.7/javafmllanguage-1.20.1-47.3.7.jar is missing mods.toml file
[23Apr2025 02:47:58.813] [main/WARN] [net.minecraftforge.fml.loading.moddiscovery.ModFileParser/LOADING]: Mod file /workspaces/ange/servidor_minecraft/libraries/net/minecraftforge/lowcodelanguage/1.20.1-47.3.7/lowcodelanguage-1.20.1-47.3.7.jar is missing mods.toml file
[23Apr2025 02:47:58.814] [main/WARN] [net.minecraftforge.fml.loading.moddiscovery.ModFileParser/LOADING]: Mod file /workspaces/ange/servidor_minecraft/libraries/net/minecraftforge/mclanguage/1.20.1-47.3.7/mclanguage-1.20.1-47.3.7.jar is missing mods.toml file
[23Apr2025 02:47:59.454] [main/WARN] [net.minecraftforge.jarjar.selection.JarSelector/]: Attempted to select a dependency jar for JarJar which was passed in as source: resourcefullib. Using Mod File: /workspaces/ange/servidor_minecraft/mods/resourcefullib-forge-1.20.1-2.1.29.jar
[23Apr2025 02:47:59.454] [main/INFO] [net.minecraftforge.fml.loading.moddiscovery.JarInJarDependencyLocator/]: Found 33 dependencies adding them to mods collection
[23Apr2025 02:48:01.049] [main/INFO] [dev.su5ed.sinytra.connector.locator.DependencyResolver/]: Dependency resolution found 0 candidates to load
[23Apr2025 02:48:03.598] [main/INFO] [dev.su5ed.sinytra.connector.service.hacks.ModuleLayerMigrator/]: Successfully made module authlib transformable
[23Apr2025 02:48:06.633] [main/INFO] [mixin/]: Compatibility level set to JAVA_17
[23Apr2025 02:48:07.379] [main/INFO] [mixin/]: Successfully loaded Mixin Connector [com.sonicether.soundphysics.MixinConnector]
[23Apr2025 02:48:07.400] [main/INFO] [cpw.mods.modlauncher.LaunchServiceHandler/MODLAUNCHER]: Launching target 'forgeserver' with arguments [nogui]
[23Apr2025 02:48:07.435] [main/WARN] [mixin/]: Reference map 'hamsters.refmap.json' for hamsters.mixins.json could not be read. If this is a development environment you can ignore this message
[23Apr2025 02:48:07.445] [main/INFO] [Rubidium/]: Loaded configuration file for Rubidium: 41 options available, 0 override(s) found
[23Apr2025 02:48:07.502] [main/WARN] [mixin/]: Reference map 'handcrafted-forge-1.20.1-forge-refmap.json' for handcrafted.mixins.json could not be read. If this is a development environment you can ignore this message
[23Apr2025 02:48:07.528] [main/WARN] [mixin/]: Reference map 'expanded_ecosphere-forge-refmap.json' for wwoo.mixins.json could not be read. If this is a development environment you can ignore this message
[23Apr2025 02:48:07.542] [main/WARN] [mixin/]: Reference map 'arclight.mixins.refmap.json' for arclight.mixins.json could not be read. If this is a development environment you can ignore this message
[23Apr2025 02:48:07.583] [main/ERROR] [mixin/]: Error loading companion plugin class [juuxel.adorn.AdornMixinPlugin] for mixin config [auroras.mixins.json]. The plugin may be out of date: ClassNotFoundException:juuxel.adorn.AdornMixinPlugin
java.lang.ClassNotFoundException: juuxel.adorn.AdornMixinPlugin
	at jdk.internal.loader.BuiltinClassLoader.loadClass(BuiltinClassLoader.java:641) ~[?:?]
	at java.lang.ClassLoader.loadClass(ClassLoader.java:525) ~[?:?]
	at cpw.mods.cl.ModuleClassLoader.loadClass(ModuleClassLoader.java:137) ~[securejarhandler-2.1.10.jar:?]
	at java.lang.ClassLoader.loadClass(ClassLoader.java:525) ~[?:?]
	at cpw.mods.cl.ModuleClassLoader.loadClass(ModuleClassLoader.java:137) ~[securejarhandler-2.1.10.jar:?]
	at java.lang.ClassLoader.loadClass(ClassLoader.java:525) ~[?:?]
	at java.lang.Class.forName0(Native Method) ~[?:?]
	at java.lang.Class.forName(Class.java:467) ~[?:?]
	at org.spongepowered.asm.service.modlauncher.ModLauncherClassProvider.findClass(ModLauncherClassProvider.java:76) ~[Connector-1.0.0-beta.39+1.20.1.jar%23281%23284!/:0.12.8+mixin.0.8.5]
	at org.spongepowered.asm.mixin.transformer.PluginHandle.<init>(PluginHandle.java:96) ~[Connector-1.0.0-beta.39+1.20.1.jar%23281%23284!/:0.12.8+mixin.0.8.5]
	at org.spongepowered.asm.mixin.transformer.MixinConfig.onSelect(MixinConfig.java:708) ~[Connector-1.0.0-beta.39+1.20.1.jar%23281%23284!/:0.12.8+mixin.0.8.5]
	at org.spongepowered.asm.mixin.transformer.MixinProcessor.selectConfigs(MixinProcessor.java:498) ~[Connector-1.0.0-beta.39+1.20.1.jar%23281%23284!/:0.12.8+mixin.0.8.5]
	at org.spongepowered.asm.mixin.transformer.MixinProcessor.select(MixinProcessor.java:460) ~[Connector-1.0.0-beta.39+1.20.1.jar%23281%23284!/:0.12.8+mixin.0.8.5]
	at org.spongepowered.asm.mixin.transformer.MixinProcessor.checkSelect(MixinProcessor.java:438) ~[Connector-1.0.0-beta.39+1.20.1.jar%23281%23284!/:0.12.8+mixin.0.8.5]
	at org.spongepowered.asm.mixin.transformer.MixinProcessor.applyMixins(MixinProcessor.java:290) ~[Connector-1.0.0-beta.39+1.20.1.jar%23281%23284!/:0.12.8+mixin.0.8.5]
	at org.spongepowered.asm.mixin.transformer.MixinTransformer.transformClass(MixinTransformer.java:250) ~[Connector-1.0.0-beta.39+1.20.1.jar%23281%23284!/:0.12.8+mixin.0.8.5]
	at org.spongepowered.asm.service.modlauncher.MixinTransformationHandler.processClass(MixinTransformationHandler.java:131) ~[Connector-1.0.0-beta.39+1.20.1.jar%23281%23284!/:0.12.8+mixin.0.8.5]
	at org.spongepowered.asm.launch.MixinLaunchPluginLegacy.processClass(MixinLaunchPluginLegacy.java:131) ~[mixin-0.8.5.jar%2365!/:0.8.5+Jenkins-b310.git-155314e6e91465dad727e621a569906a410cd6f4]
	at cpw.mods.modlauncher.serviceapi.ILaunchPluginService.processClassWithFlags(ILaunchPluginService.java:156) ~[modlauncher-10.0.9.jar%2355!/:10.0.9+10.0.9+main.dcd20f30]
	at cpw.mods.modlauncher.LaunchPluginHandler.offerClassNodeToPlugins(LaunchPluginHandler.java:88) ~[modlauncher-10.0.9.jar%2355!/:?]
	at cpw.mods.modlauncher.ClassTransformer.transform(ClassTransformer.java:120) ~[modlauncher-10.0.9.jar%2355!/:?]
	at cpw.mods.modlauncher.TransformingClassLoader.maybeTransformClassBytes(TransformingClassLoader.java:50) ~[modlauncher-10.0.9.jar%2355!/:?]
	at cpw.mods.cl.ModuleClassLoader.readerToClass(ModuleClassLoader.java:113) ~[securejarhandler-2.1.10.jar:?]
	at cpw.mods.cl.ModuleClassLoader.lambda$findClass$15(ModuleClassLoader.java:219) ~[securejarhandler-2.1.10.jar:?]
	at cpw.mods.cl.ModuleClassLoader.loadFromModule(ModuleClassLoader.java:229) ~[securejarhandler-2.1.10.jar:?]
	at cpw.mods.cl.ModuleClassLoader.findClass(ModuleClassLoader.java:219) ~[securejarhandler-2.1.10.jar:?]
	at cpw.mods.cl.ModuleClassLoader.loadClass(ModuleClassLoader.java:135) ~[securejarhandler-2.1.10.jar:?]
	at java.lang.ClassLoader.loadClass(ClassLoader.java:525) ~[?:?]
	at java.lang.Class.forName0(Native Method) ~[?:?]
	at java.lang.Class.forName(Class.java:467) ~[?:?]
	at dev.su5ed.sinytra.connector.service.ConnectorLoaderService$1.lambda$updateModuleReads$0(ConnectorLoaderService.java:60) ~[Connector-1.0.0-beta.39+1.20.1.jar%23281!/:1.0.0-beta.39+1.20.1]
	at cpw.mods.modlauncher.api.LamdbaExceptionUtils.uncheck(LamdbaExceptionUtils.java:95) ~[modlauncher-10.0.9.jar%2355!/:10.0.9+10.0.9+main.dcd20f30]
	at dev.su5ed.sinytra.connector.service.ConnectorLoaderService$1.updateModuleReads(ConnectorLoaderService.java:60) ~[Connector-1.0.0-beta.39+1.20.1.jar%23281!/:1.0.0-beta.39+1.20.1]
	at net.minecraftforge.fml.loading.ImmediateWindowHandler.acceptGameLayer(ImmediateWindowHandler.java:71) ~[fmlloader-1.20.1-47.3.7.jar%2369!/:1.0]
	at net.minecraftforge.fml.loading.FMLLoader.beforeStart(FMLLoader.java:207) ~[fmlloader-1.20.1-47.3.7.jar%2369!/:1.0]
	at net.minecraftforge.fml.loading.targets.CommonLaunchHandler.launchService(CommonLaunchHandler.java:92) ~[fmlloader-1.20.1-47.3.7.jar%2369!/:?]
	at cpw.mods.modlauncher.LaunchServiceHandlerDecorator.launch(LaunchServiceHandlerDecorator.java:30) ~[modlauncher-10.0.9.jar%2355!/:?]
	at cpw.mods.modlauncher.LaunchServiceHandler.launch(LaunchServiceHandler.java:53) ~[modlauncher-10.0.9.jar%2355!/:?]
	at cpw.mods.modlauncher.LaunchServiceHandler.launch(LaunchServiceHandler.java:71) ~[modlauncher-10.0.9.jar%2355!/:?]
	at cpw.mods.modlauncher.Launcher.run(Launcher.java:108) ~[modlauncher-10.0.9.jar%2355!/:?]
	at cpw.mods.modlauncher.Launcher.main(Launcher.java:78) ~[modlauncher-10.0.9.jar%2355!/:?]
	at cpw.mods.modlauncher.BootstrapLaunchConsumer.accept(BootstrapLaunchConsumer.java:26) ~[modlauncher-10.0.9.jar%2355!/:?]
	at cpw.mods.modlauncher.BootstrapLaunchConsumer.accept(BootstrapLaunchConsumer.java:23) ~[modlauncher-10.0.9.jar%2355!/:?]
	at cpw.mods.bootstraplauncher.BootstrapLauncher.main(BootstrapLauncher.java:141) ~[bootstraplauncher-1.1.2.jar:?]
[23Apr2025 02:48:07.858] [main/INFO] [Canary/]: Loaded configuration file for Canary: 116 options available, 0 override(s) found
[23Apr2025 02:48:07.965] [main/INFO] [Puzzles Lib/]: Loading 206 mods:
	- a_good_place 1.20-1.2.4
	- advancednetherite 2.0.3
	- advancementplaques 1.5.1
	- alexscaves 2.0.1
	- alexsmobs 1.22.8
	- ambientsounds 5.3.9
	- amecsapi 1.5.3+mc1.20-pre1
	- amendments 1.20-1.2.8
	- ancient_elements 1.3.4
	- animal_feeding_trough 1.1.0+1.20.1-forge
	- animalistic_a 1.2.2
	- apexcore 10.0.0
	- aquacombat 1.2
	- aquamirae 6.API15
	- aquatic_frontiers 1.7
	- architectury 9.2.14
	- armoroftheages 1.2.1
	- astikorcarts 1.1.7
	- auroras 1.5.2
	- azurelib 2.0.39
	- azurelibarmor 2.0.3
	- balm 7.3.9
	- benssharks 1.2.4.9
	- better_armory_mod 1.6
	- biomeswevegone 1.5.3
	- bloodandmadness 2.0
	- born_in_chaos_v1 1.0.0
	- canary 0.3.3
	- cataclysm 2.12
	- cataclysmiccombat 1.2
	- cavernous 2.1.2
	- cfm 7.0.0-pre36
	- citadel 2.6.0
	- cloth_config 11.1.118
	- combatroll 1.3.1+1.20.1
	- commonality 7.0.0
	- connectorextras 1.10.0+1.20.1
	- connectorextras_architectury_bridge 1.10.0+1.20.1
	- connectorextras_continuity_compat 1.10.0+1.20.1
	- connectorextras_emi_bridge 1.10.0+1.20.1
	- connectorextras_energy_bridge 1.10.0+1.20.1
	- connectorextras_geckolib_fabric_compat 1.10.0+1.20.1
	- connectorextras_jei_bridge 1.10.0+1.20.1
	- connectorextras_kubejs_bridge 1.10.0+1.20.1
	- connectorextras_modmenu_bridge 1.10.0+1.20.1
	- connectorextras_pehkui_bridge 1.10.0+1.20.1
	- connectorextras_rei_bridge 1.10.0+1.20.1
	- connectorextras_terrablender_bridge 1.10.0+1.20.1
	- connectormod 1.0.0-beta.39+1.20.1
	- corail_woodcutter 3.0.5
	- corgilib 4.0.3.3
	- cozy_home 3.0.2
	- crackerslib 1.20.1-0.3.2.1
	- creativecore 2.11.25
	- creeperoverhaul 3.0.2
	- cristellib 1.1.5
	- curios 5.7.2+1.20.1
	- do_a_barrel_roll 3.5.6+1.20.1
	- dungeons_arise 2.1.58-1.20.x
	- dungeons_arise_seven_seas 1.0.2
	- dungeons_enhanced 5.2.2
	- easymagic 8.0.1
	- ecologics 2.2.0
	- eeeabsmobs 1.20.1-0.6
	- efm_compat 2.0
	- elevatorid 1.20.1-lex-1.9
	- endermanoverhaul 1.0.4
	- endertrigon 1.20.1-1.1
	- epiceldenring 1.6.6
	- epicfight 20.9.7
	- epicpaladins 0.1.1-1.20.1-forge
	- epicsamurai 0.0.40-1.20.1-neo
	- epicsoulsbosses 1.2.0
	- expanded_ecosphere 3.2.4
	- faded_conquest_2 1.0.0
	- falchionmoveset 20.8.2
	- fallingleaves 2.1.0-beta.1
	- fallingtree 4.3.4
	- fantasyfurniture 9.0.0
	- farlanders 1.4.1
	- farmersdelight 1.20.1-1.2.2a
	- ferritecore 6.0.1
	- forge 47.3.7
	- forgeconfigapiport 8.0.0
	- forgeconfigscreens 8.0.2
	- fusion 1.1.1
	- gamma_beasts 1.0.1
	- geckolib 4.4.9
	- globalxp 1.11
	- gravestone 1.20.1-1.0.10
	- guardvillagers 1.20.1-1.6.6
	- hamsters 1.20.1-1.0.3
	- handcrafted 3.0.6
	- hangglider 8.0.1
	- heartstone 1.20-1.3.0
	- iceandfire 2.1.13-1.20.1
	- iceberg 1.1.21
	- illageandspillage 1.1.0
	- immediatelyfast 1.2.20+1.20.4
	- incendium 5.3.4
	- infinity_cave 0.4
	- invmove 0.8.4
	- itemborders 1.2.1
	- jade 11.8.0
	- jei 15.3.0.4
	- jet_and_elias_armors 1.0.0
	- journeymap 5.9.18p1
	- jrftl 1.6.0
	- jumpoverfences 1.3.1
	- kambrik 6.1.1+1.20.1
	- keebszs_battle_towers 0.6.0-1.20.1
	- knightquest 1.5.2
	- kotlinforforge 4.8.0
	- kuma_api 20.1.8
	- l_g_c 0.7
	- limitmobspawn 20.1.1
	- lionfishapi 1.9
	- lios_overhauled_villages 0.0.4-1.18.2-1.21-Universal
	- lithostitched 1.4
	- lookinsharp 1.0.3
	- loot_journal 3.1.1
	- luminous_nether 1.2.0
	- luminoustag 1.0.0
	- luphieclutteredmod 2.1
	- magistuarmory 9.2
	- mcwbridges 2.1.1
	- mcwdoors 1.1.1
	- mermod 3.0.1
	- mg_secrets_of_mermaids 1.0.2
	- minecraft 1.20.1
	- mixinextras 0.3.6
	- modmenu 7.2.2
	- mokels_witch_boss 1.0.0
	- moonlight 1.20-2.13.58
	- moremobvariants 1.3.0.1
	- mowziesmobs 1.6.4
	- mr_bucketable 3.2
	- mr_dungeons_andtaverns 3.0.3.f
	- mvs 4.1.2-1.20-forge
	- notenoughanimations 1.7.0
	- nullscape 1.2.4
	- obscure_api 15
	- obscure_tooltips 2.2
	- ohthetreesyoullgrow 1.20.1-1.3.4
	- oresabovediamonds 10.0.1b
	- overweight_farming 1.20.1-2.1.0-forge
	- phantom 20.1.5
	- pickablepets 1.2.4
	- pizzacraft 7.0.8
	- playeranimator 1.0.2-rc1+1.20
	- polly_pets 1.0.0
	- polymorph 0.49.5+1.20.1
	- pots_and_mimics 1.0.2
	- prism 1.0.5
	- projectvibrantjourneys 1.20.1-6.0.0
	- puzzlesaccessapi 8.0.7
	- puzzleslib 8.1.17
	- reach_entity_attributes 2.4.0
	- rechiseled 1.1.5c
	- resourcefulconfig 2.1.3
	- resourcefullib 2.1.29
	- revampedpiles 0.2.0
	- ring_of_teleport 1.6.2
	- rpgsmw 8.51.20.1
	- rubidium 0.7.1a
	- runecraft_metals_of_gielinor 1.0.0
	- scuba_gear 1.0.6
	- seadwellers 2.9.9
	- selfexpression 2.15.2
	- shouldersurfing 1.20.1-2.9.6
	- shrines 1.20.1-6.0.2
	- simplyswords 1.54.0-1.20.1
	- smallships 2.0.0-b1.4
	- sodium 0.5.3
	- soul_like_armors_reworked 140
	- sound_physics_remastered 1.20.1-1.1.2
	- spectrelib 0.13.15+1.20.1
	- structure_gel 2.15.1
	- supermartijn642configlib 1.1.8
	- supermartijn642corelib 1.1.17+a
	- t_and_t 0.0NONE
	- takesapillage 1.0.3
	- taxcp 1.0.1
	- taxwl 1.0.2
	- tectonic 2.4.1
	- terrablender 3.0.1.7
	- the_pillager_legion_ 1.5.0
	- theorcs 1.0-FORGE-1.20.x
	- totw_modded 1.0.4
	- trashslot 15.1.0
	- travelersbackpack 9.1.12
	- travelerstitles 1.20-Forge-4.0.2
	- twilightforest 4.3.2145
	- undergarden 0.8.14
	- underground_jungle 20.1.0
	- uniquedungeons 1.0
	- universalbonemeal 8.0.1
	- unloaded_activity 0.6.3
	- variantvanillablocks 1.3.6
	- visualworkbench 8.0.0
	- walljump 1.20.1-1.1.5-forge
	- weapons_deluxe 1.0.0
	- wom 20.1.8.5.2
	- wwoo_forge 2.0.0
	- xpbook 2.2.1
	- yungsapi 1.20-Forge-4.0.6
[23Apr2025 02:48:07.995] [main/WARN] [mixin/]: Reference map 'mixins.aquatic_frontiers.refmap.json' for mixins.aquatic_frontiers.json could not be read. If this is a development environment you can ignore this message
[23Apr2025 02:48:08.011] [main/WARN] [mixin/]: Reference map 'Aquamirae.refmap.json' for aquamirae.mixins.json could not be read. If this is a development environment you can ignore this message
[23Apr2025 02:48:08.040] [main/WARN] [mixin/]: Reference map 'cristellib-forge-refmap.json' for cristellib.mixins.json could not be read. If this is a development environment you can ignore this message
[23Apr2025 02:48:08.381] [main/WARN] [mixin/]: Reference map 'smallships-forge-refmap.json' for smallships.mixins.json could not be read. If this is a development environment you can ignore this message
[23Apr2025 02:48:08.386] [main/WARN] [mixin/]: Reference map 'trashslot.refmap.json' for trashslot.mixins.json could not be read. If this is a development environment you can ignore this message
[23Apr2025 02:48:08.444] [main/WARN] [mixin/]: Reference map 'lookinsharp-forge-1.20.1-forge-refmap.json' for lookinsharp.mixins.json could not be read. If this is a development environment you can ignore this message
[23Apr2025 02:48:08.529] [main/WARN] [mixin/]: Reference map 'simplyswords-forge-refmap.json' for simplyswords.mixins.json could not be read. If this is a development environment you can ignore this message
[23Apr2025 02:48:08.596] [main/WARN] [mixin/]: Reference map 'mvs-forge-refmap.json' for mvs-forge.mixins.json could not be read. If this is a development environment you can ignore this message
[23Apr2025 02:48:08.695] [main/WARN] [mixin/]: Reference map 'apexcore.refmap.json' for apexcore.mixins.json could not be read. If this is a development environment you can ignore this message
[23Apr2025 02:48:08.708] [main/WARN] [mixin/]: Reference map 'heartstone-common-refmap.json' for heartstone-common.mixins.json could not be read. If this is a development environment you can ignore this message
[23Apr2025 02:48:11.315] [main/ERROR] [net.minecraftforge.fml.loading.RuntimeDistCleaner/DISTXFORM]: Attempted to load class net/minecraft/client/renderer/Sheets for invalid dist DEDICATED_SERVER
[23Apr2025 02:48:11.316] [main/WARN] [mixin/]: Error loading class: net/minecraft/client/renderer/Sheets (java.lang.RuntimeException: Attempted to load class net/minecraft/client/renderer/Sheets for invalid dist DEDICATED_SERVER)
[23Apr2025 02:48:11.316] [main/WARN] [mixin/]: @Mixin target net.minecraft.client.renderer.Sheets was not found mixin.undergroundjungle.json:SheetsMixin from mod underground_jungle
[23Apr2025 02:48:11.584] [main/WARN] [mixin/]: Error loading class: org/figuramc/figura/avatar/Avatar (java.lang.ClassNotFoundException: org.figuramc.figura.avatar.Avatar)
[23Apr2025 02:48:11.587] [main/WARN] [mixin/]: @Mixin target org.figuramc.figura.avatar.Avatar was not found mermod.mixins.json:AvatarMixin from mod mermod
[23Apr2025 02:48:11.788] [main/ERROR] [net.minecraftforge.fml.loading.RuntimeDistCleaner/DISTXFORM]: Attempted to load class net/minecraft/client/gui/screens/inventory/AbstractContainerScreen for invalid dist DEDICATED_SERVER
[23Apr2025 02:48:11.788] [main/WARN] [mixin/]: Error loading class: net/minecraft/client/gui/screens/inventory/AbstractContainerScreen (java.lang.RuntimeException: Attempted to load class net/minecraft/client/gui/screens/inventory/AbstractContainerScreen for invalid dist DEDICATED_SERVER)
[23Apr2025 02:48:11.789] [main/WARN] [mixin/]: @Mixin target net.minecraft.client.gui.screens.inventory.AbstractContainerScreen was not found itemborders.mixins.json:AbstractContainerScreenMixin from mod itemborders
[23Apr2025 02:48:11.791] [main/ERROR] [net.minecraftforge.fml.loading.RuntimeDistCleaner/DISTXFORM]: Attempted to load class net/minecraft/client/gui/Gui for invalid dist DEDICATED_SERVER
[23Apr2025 02:48:11.791] [main/WARN] [mixin/]: Error loading class: net/minecraft/client/gui/Gui (java.lang.RuntimeException: Attempted to load class net/minecraft/client/gui/Gui for invalid dist DEDICATED_SERVER)
[23Apr2025 02:48:11.791] [main/WARN] [mixin/]: @Mixin target net.minecraft.client.gui.Gui was not found itemborders.mixins.json:GuiMixin from mod itemborders
[23Apr2025 02:48:12.323] [main/WARN] [mixin/]: Error loading class: com/mojang/blaze3d/audio/Channel (java.lang.ClassNotFoundException: com.mojang.blaze3d.audio.Channel)
[23Apr2025 02:48:12.323] [main/WARN] [mixin/]: @Mixin target com.mojang.blaze3d.audio.Channel was not found assets/sound_physics_remastered/sound_physics_remastered.mixins.json:ChannelAccessor from mod (unknown)
[23Apr2025 02:48:12.848] [main/INFO] [MixinExtras|Service/]: Initializing MixinExtras via com.llamalad7.mixinextras.service.MixinExtrasServiceImpl(version=0.3.6).
[23Apr2025 02:48:17.421] [main/WARN] [mixin/]: @Final field f_153328_:I in forge-unloadedactivity.mixins.json:chunk.randomTicks.PlantStemMixin from mod (unknown) should be final
[23Apr2025 02:48:18.481] [main/WARN] [mixin/]: @Final field f_58320_:Lit/unimi/dsi/fastutil/objects/Object2IntOpenHashMap; in forge-unloadedactivity.mixins.json:block_entities.AbstractFurnaceBlockEntityMixin from mod (unknown) should be final
[23Apr2025 02:48:18.571] [main/INFO] [mixin/]: uniquedungeons.mixin.json:ItemStackMixin from mod uniquedungeons->@Invoker[METHOD_PROXY]::invoke$shouldShowInTooltip(ILnet/minecraft/world/item/ItemStack$TooltipPart;)Z should be static as its target is
[23Apr2025 02:48:18.958] [main/WARN] [mixin/]: @Final field f_31427_:[I in mixins.epicfight.json:MixinWitherBoss from mod epicfight should be final
[23Apr2025 02:48:18.959] [main/WARN] [mixin/]: @Final field f_31428_:[I in mixins.epicfight.json:MixinWitherBoss from mod epicfight should be final
[23Apr2025 02:48:22.529] [main/WARN] [mixin/]: @Final field f_26027_:Lnet/minecraft/world/entity/ai/targeting/TargetingConditions; in guardvillagers.mixins.json:DefendVillageGoalGolemMixin from mod guardvillagers should be final
[23Apr2025 02:48:22.927] [main/WARN] [net.minecraft.network.syncher.SynchedEntityData/]: defineId called for: class net.minecraft.world.entity.LivingEntity from class yesman.epicfight.world.capabilities.entitypatch.LivingEntityPatch
[23Apr2025 02:48:22.930] [main/WARN] [net.minecraft.network.syncher.SynchedEntityData/]: defineId called for: class net.minecraft.world.entity.LivingEntity from class yesman.epicfight.world.capabilities.entitypatch.LivingEntityPatch
[23Apr2025 02:48:22.930] [main/WARN] [net.minecraft.network.syncher.SynchedEntityData/]: defineId called for: class net.minecraft.world.entity.LivingEntity from class yesman.epicfight.world.capabilities.entitypatch.LivingEntityPatch
[23Apr2025 02:48:22.930] [main/WARN] [net.minecraft.network.syncher.SynchedEntityData/]: defineId called for: class net.minecraft.world.entity.LivingEntity from class yesman.epicfight.world.capabilities.entitypatch.LivingEntityPatch
[23Apr2025 02:48:23.032] [main/WARN] [mixin/]: Method overwrite conflict for scheduleRandomTick in corgilib-common.mixins.json:chunk.MixinChunkAccess from mod corgilib, previously written by dev.corgitaco.ohthetreesyoullgrow.mixin.chunk.MixinChunkAccess. Skipping method.
[23Apr2025 02:48:23.033] [main/WARN] [mixin/]: Method overwrite conflict for getScheduledRandomTicks in corgilib-common.mixins.json:chunk.MixinChunkAccess from mod corgilib, previously written by dev.corgitaco.ohthetreesyoullgrow.mixin.chunk.MixinChunkAccess. Skipping method.
[23Apr2025 02:48:24.772] [main/WARN] [mixin/]: Mixin alexscaves.mixins.json:SwampHutPieceMixin from mod alexscaves has multiple constructors, (Lnet/minecraft/world/level/levelgen/structure/pieces/StructurePieceType;IIIIIILnet/minecraft/core/Direction;)V was selected

[23Apr2025 02:48:27.535] [modloading-worker-0/INFO] [dev.su5ed.sinytra.connectorextras.terrablenderbridge.TerraBlenderBridge/]: Injecting TerraBlender API classes
[23Apr2025 02:48:28.458] [modloading-worker-0/INFO] [Expanded Ecosphere/]: Loading Expanded Ecosphere
[23Apr2025 02:48:28.635] [modloading-worker-0/INFO] [com.autovw.advancednetherite.AdvancedNetherite/]: Hello world!
[23Apr2025 02:48:29.595] [modloading-worker-0/INFO] [com.yellowbrossproductions.illageandspillage.IllageAndSpillage/]: Loading config: /workspaces/ange/servidor_minecraft/config/illageandspillage-client.toml
[23Apr2025 02:48:29.603] [modloading-worker-0/INFO] [com.yellowbrossproductions.illageandspillage.IllageAndSpillage/]: Built config: /workspaces/ange/servidor_minecraft/config/illageandspillage-client.toml
[23Apr2025 02:48:29.611] [modloading-worker-0/INFO] [com.yellowbrossproductions.illageandspillage.IllageAndSpillage/]: Loaded config: /workspaces/ange/servidor_minecraft/config/illageandspillage-client.toml
[23Apr2025 02:48:29.612] [modloading-worker-0/INFO] [com.yellowbrossproductions.illageandspillage.IllageAndSpillage/]: Loading config: /workspaces/ange/servidor_minecraft/config/illageandspillage-common.toml
[23Apr2025 02:48:29.612] [modloading-worker-0/INFO] [com.yellowbrossproductions.illageandspillage.IllageAndSpillage/]: Built config: /workspaces/ange/servidor_minecraft/config/illageandspillage-common.toml
[23Apr2025 02:48:29.619] [modloading-worker-0/INFO] [com.yellowbrossproductions.illageandspillage.IllageAndSpillage/]: Loaded config: /workspaces/ange/servidor_minecraft/config/illageandspillage-common.toml
[23Apr2025 02:48:29.994] [modloading-worker-0/INFO] [Puzzles Lib/]: Constructing common components for visualworkbench:main
[23Apr2025 02:48:30.059] [modloading-worker-0/INFO] [Puzzles Lib/]: Constructing common components for universalbonemeal:main
[23Apr2025 02:48:30.066] [modloading-worker-0/INFO] [Expanded Ecosphere/]: [Expanded Ecosphere Updater] Found no updates
[23Apr2025 02:48:30.089] [modloading-worker-0/WARN] [fallingleaves/]: Falling Leaves is a client only mod and should be removed from the mods list
[23Apr2025 02:48:30.259] [modloading-worker-0/INFO] [epicfight/]: Loaded mod compat: GeckolibCompat
[23Apr2025 02:48:30.261] [modloading-worker-0/INFO] [epicfight/]: Loaded mod compat: AzureLibCompat
[23Apr2025 02:48:30.261] [modloading-worker-0/INFO] [epicfight/]: Loaded mod compat: AzureLibArmorCompat
[23Apr2025 02:48:30.270] [modloading-worker-0/INFO] [epicfight/]: Loaded mod compat: IceAndFireCompat
[23Apr2025 02:48:30.322] [modloading-worker-0/INFO] [net.minecraftforge.common.ForgeMod/FORGEMOD]: Forge mod loading, version 47.3.7, for MC 1.20.1 with MCP 20230612.114412
[23Apr2025 02:48:30.323] [modloading-worker-0/INFO] [net.minecraftforge.common.MinecraftForge/FORGE]: MinecraftForge v47.3.7 Initialized
[23Apr2025 02:48:30.456] [modloading-worker-0/INFO] [xyz.apex.forge.commonality.Mods.CommonalityMod/]: Running Minecraft '1.20.1', & Forge '47.3.7' on Java '17.0.14, Ubuntu'
[23Apr2025 02:48:30.469] [modloading-worker-0/INFO] [TrustedSourceList/]: Loading BlackListed sources from remote... (https://api.stopmodreposts.org/minecraft/sites.txt)
[23Apr2025 02:48:30.852] [modloading-worker-0/INFO] [TrustedSourceList/]: Loaded 564 BlackListed sources from remote
[23Apr2025 02:48:30.853] [modloading-worker-0/INFO] [TrustManager/]: Loading mod 'commonality' TrustWorthiness...
[23Apr2025 02:48:30.854] [modloading-worker-0/FATAL] [TrustManager/]: Could not determine mod trust worthiness, Assuming Jar was downloaded from trusted source!
[23Apr2025 02:48:30.854] [modloading-worker-0/INFO] [TrustManager/]: Loaded mod 'commonality' TrustWorthiness: UNKNOWN
[23Apr2025 02:48:30.892] [modloading-worker-0/INFO] [thedarkcolour.kotlinforforge.test.KotlinForForge/]: Kotlin For Forge Enabled!
[23Apr2025 02:48:30.926] [modloading-worker-0/INFO] [unloaded_activity/]: Loading config.
[23Apr2025 02:48:30.962] [modloading-worker-0/INFO] [unloaded_activity/]: Nice weather today, huh?
[23Apr2025 02:48:30.980] [modloading-worker-0/INFO] [Puzzles Lib/]: Constructing common components for puzzleslib:main
[23Apr2025 02:48:31.458] [modloading-worker-0/INFO] [Jump over Fences/]: This mod should only be installed on the client to save RAM
[23Apr2025 02:48:32.656] [modloading-worker-0/INFO] [Puzzles Lib/]: Constructing common components for hangglider:main
[23Apr2025 02:48:33.205] [modloading-worker-0/INFO] [Animal Feeding Trough/]: [Animal Feeding Trough] Load Complete! Enjoy :D
[23Apr2025 02:48:33.259] [modloading-worker-0/INFO] [dev.architectury.networking.forge.NetworkManagerImpl/]: Registering C2S receiver with id architectury:sync_ids
[23Apr2025 02:48:33.696] [modloading-worker-0/INFO] [de.cristelknight999.wwoo_forge.wwoo_forge/]: Enabling William Wythers' Overhauled Overworld [FORGE]
[23Apr2025 02:48:34.072] [modloading-worker-0/INFO] [com.silverminer.shrines.Shrines/]: Shrines 1.20.1-6.0.2 initialized
[23Apr2025 02:48:34.088] [modloading-worker-0/INFO] [Puzzles Lib/]: Constructing common components for easymagic:main
[23Apr2025 02:48:34.229] [modloading-worker-0/ERROR] [net.minecraftforge.eventbus.EventSubclassTransformer/EVENTBUS]: Could not find parent net/minecraft/client/renderer/entity/layers/RenderLayer for class com/obscuria/obscureapi/client/renderer/PatreonLayer in classloader cpw.mods.modlauncher.TransformingClassLoader@6b0325d0 on thread Thread[modloading-worker-0,5,main]
[23Apr2025 02:48:34.232] [modloading-worker-0/INFO] [net.potionstudios.biomeswevegone.BiomesWeveGone/]: Registering Oh The Biomes We've Gone items
[23Apr2025 02:48:34.230] [modloading-worker-0/ERROR] [net.minecraftforge.eventbus.EventSubclassTransformer/EVENTBUS]: An error occurred building event handler
java.lang.ClassNotFoundException: net.minecraft.client.renderer.entity.layers.RenderLayer
	at cpw.mods.cl.ModuleClassLoader.loadClass(ModuleClassLoader.java:141) ~[securejarhandler-2.1.10.jar:?]
	at java.lang.ClassLoader.loadClass(ClassLoader.java:525) ~[?:?]
	at net.minecraftforge.eventbus.EventSubclassTransformer.buildEvents(EventSubclassTransformer.java:97) ~[eventbus-6.0.5.jar%2352!/:?]
	at net.minecraftforge.eventbus.EventSubclassTransformer.transform(EventSubclassTransformer.java:48) ~[eventbus-6.0.5.jar%2352!/:?]
	at net.minecraftforge.eventbus.EventBusEngine.processClass(EventBusEngine.java:26) ~[eventbus-6.0.5.jar%2352!/:?]
	at net.minecraftforge.eventbus.service.ModLauncherService.processClassWithFlags(ModLauncherService.java:32) ~[eventbus-6.0.5.jar%2352!/:6.0.5+6.0.5+master.eb8e549b]
	at cpw.mods.modlauncher.LaunchPluginHandler.offerClassNodeToPlugins(LaunchPluginHandler.java:88) ~[modlauncher-10.0.9.jar%2355!/:?]
	at cpw.mods.modlauncher.ClassTransformer.transform(ClassTransformer.java:120) ~[modlauncher-10.0.9.jar%2355!/:?]
	at cpw.mods.modlauncher.TransformingClassLoader.maybeTransformClassBytes(TransformingClassLoader.java:50) ~[modlauncher-10.0.9.jar%2355!/:?]
	at cpw.mods.cl.ModuleClassLoader.readerToClass(ModuleClassLoader.java:113) ~[securejarhandler-2.1.10.jar:?]
	at cpw.mods.cl.ModuleClassLoader.lambda$findClass$15(ModuleClassLoader.java:219) ~[securejarhandler-2.1.10.jar:?]
	at cpw.mods.cl.ModuleClassLoader.loadFromModule(ModuleClassLoader.java:229) ~[securejarhandler-2.1.10.jar:?]
	at cpw.mods.cl.ModuleClassLoader.findClass(ModuleClassLoader.java:219) ~[securejarhandler-2.1.10.jar:?]
	at cpw.mods.cl.ModuleClassLoader.loadClass(ModuleClassLoader.java:135) ~[securejarhandler-2.1.10.jar:?]
	at java.lang.ClassLoader.loadClass(ClassLoader.java:525) ~[?:?]
	at java.lang.ClassLoader.defineClass0(Native Method) ~[?:?]
	at java.lang.System$2.defineClass(System.java:2324) ~[?:?]
	at java.lang.invoke.MethodHandles$Lookup$ClassDefiner.defineClass(MethodHandles.java:2439) ~[?:?]
	at java.lang.invoke.MethodHandles$Lookup$ClassDefiner.defineClassAsLookup(MethodHandles.java:2420) ~[?:?]
	at java.lang.invoke.MethodHandles$Lookup.defineHiddenClass(MethodHandles.java:2127) ~[?:?]
	at java.lang.invoke.InnerClassLambdaMetafactory.generateInnerClass(InnerClassLambdaMetafactory.java:407) ~[?:?]
	at java.lang.invoke.InnerClassLambdaMetafactory.spinInnerClass(InnerClassLambdaMetafactory.java:315) ~[?:?]
	at java.lang.invoke.InnerClassLambdaMetafactory.buildCallSite(InnerClassLambdaMetafactory.java:228) ~[?:?]
	at java.lang.invoke.LambdaMetafactory.metafactory(LambdaMetafactory.java:341) ~[?:?]
	at java.lang.invoke.BootstrapMethodInvoker.invoke(BootstrapMethodInvoker.java:134) ~[?:?]
	at java.lang.invoke.CallSite.makeSite(CallSite.java:315) ~[?:?]
	at java.lang.invoke.MethodHandleNatives.linkCallSiteImpl(MethodHandleNatives.java:281) ~[?:?]
	at java.lang.invoke.MethodHandleNatives.linkCallSite(MethodHandleNatives.java:271) ~[?:?]
	at com.obscuria.obscureapi.client.renderer.PatreonLayer$Mode.<clinit>(PatreonLayer.java:55) ~[obscure_api-15.jar%23406!/:com.obscuria]
	at com.obscuria.obscureapi.ObscureAPIConfig$Client.<clinit>(ObscureAPIConfig.java:28) ~[obscure_api-15.jar%23406!/:com.obscuria]
	at com.obscuria.obscureapi.ObscureAPIConfig.register(ObscureAPIConfig.java:46) ~[obscure_api-15.jar%23406!/:com.obscuria]
	at com.obscuria.obscureapi.ObscureAPI.<init>(ObscureAPI.java:69) ~[obscure_api-15.jar%23406!/:com.obscuria]
	at jdk.internal.reflect.NativeConstructorAccessorImpl.newInstance0(Native Method) ~[?:?]
	at jdk.internal.reflect.NativeConstructorAccessorImpl.newInstance(NativeConstructorAccessorImpl.java:77) ~[?:?]
	at jdk.internal.reflect.DelegatingConstructorAccessorImpl.newInstance(DelegatingConstructorAccessorImpl.java:45) ~[?:?]
	at java.lang.reflect.Constructor.newInstanceWithCaller(Constructor.java:500) ~[?:?]
	at java.lang.reflect.Constructor.newInstance(Constructor.java:481) ~[?:?]
	at net.minecraftforge.fml.javafmlmod.FMLModContainer.constructMod(FMLModContainer.java:70) ~[javafmllanguage-1.20.1-47.3.7.jar%23469!/:?]
	at net.minecraftforge.fml.ModContainer.lambda$buildTransitionHandler$4(ModContainer.java:124) ~[fmlcore-1.20.1-47.3.7.jar%23468!/:?]
	at java.util.concurrent.CompletableFuture$AsyncRun.run(CompletableFuture.java:1804) ~[?:?]
	at java.util.concurrent.CompletableFuture$AsyncRun.exec(CompletableFuture.java:1796) ~[?:?]
	at java.util.concurrent.ForkJoinTask.doExec(ForkJoinTask.java:373) ~[?:?]
	at java.util.concurrent.ForkJoinPool$WorkQueue.topLevelExec(ForkJoinPool.java:1182) ~[?:?]
	at java.util.concurrent.ForkJoinPool.scan(ForkJoinPool.java:1655) ~[?:?]
	at java.util.concurrent.ForkJoinPool.runWorker(ForkJoinPool.java:1622) ~[?:?]
	at java.util.concurrent.ForkJoinWorkerThread.run(ForkJoinWorkerThread.java:165) ~[?:?]
[23Apr2025 02:48:34.239] [modloading-worker-0/ERROR] [net.minecraftforge.fml.loading.RuntimeDistCleaner/DISTXFORM]: Attempted to load class com/obscuria/obscureapi/client/renderer/PatreonLayer for invalid dist DEDICATED_SERVER
[23Apr2025 02:48:34.439] [modloading-worker-0/INFO] [net.potionstudios.biomeswevegone.BiomesWeveGone/]: Registering Oh The Biomes We've Gone Blocks
[23Apr2025 02:48:34.485] [modloading-worker-0/INFO] [dev.architectury.networking.forge.NetworkManagerImpl/]: Registering C2S receiver with id pickablepets:convert
[23Apr2025 02:48:34.489] [modloading-worker-0/INFO] [dev.architectury.networking.forge.NetworkManagerImpl/]: Registering C2S receiver with id pickablepets:input
[23Apr2025 02:48:34.492] [modloading-worker-0/INFO] [dev.architectury.networking.forge.NetworkManagerImpl/]: Registering C2S receiver with id pickablepets:convert
[23Apr2025 02:48:34.493] [modloading-worker-0/INFO] [dev.architectury.networking.forge.NetworkManagerImpl/]: Registering C2S receiver with id pickablepets:manager
[23Apr2025 02:48:34.553] [modloading-worker-0/INFO] [net.potionstudios.biomeswevegone.BiomesWeveGone/]: Registering Oh The Biomes We've Gone Wood
[23Apr2025 02:48:34.557] [modloading-worker-0/INFO] [net.potionstudios.biomeswevegone.BiomesWeveGone/]: Registering Oh The Biomes We've Gone Block Entities
[23Apr2025 02:48:34.561] [modloading-worker-0/INFO] [net.potionstudios.biomeswevegone.BiomesWeveGone/]: Registering Oh The Biomes We've Gone Entities
[23Apr2025 02:48:34.565] [modloading-worker-0/INFO] [net.potionstudios.biomeswevegone.BiomesWeveGone/]: Registering Oh The Biomes We've Gone Creative Tabs
[23Apr2025 02:48:34.565] [modloading-worker-0/INFO] [net.potionstudios.biomeswevegone.BiomesWeveGone/]: Registering Oh The Biomes We've Gone Sounds
[23Apr2025 02:48:34.566] [modloading-worker-0/INFO] [net.potionstudios.biomeswevegone.BiomesWeveGone/]: Registering Oh The Biomes We've Gone Block Predicate
[23Apr2025 02:48:34.581] [modloading-worker-0/INFO] [net.potionstudios.biomeswevegone.BiomesWeveGone/]: Registering Oh The Biomes We've Gone State Providers
[23Apr2025 02:48:34.584] [modloading-worker-0/INFO] [net.potionstudios.biomeswevegone.BiomesWeveGone/]: Registering Oh The Biomes We've Gone Tree Decorators
[23Apr2025 02:48:34.616] [modloading-worker-0/INFO] [net.potionstudios.biomeswevegone.BiomesWeveGone/]: Registering Oh The Biomes We've Gone Custom Features
[23Apr2025 02:48:34.617] [modloading-worker-0/INFO] [net.potionstudios.biomeswevegone.BiomesWeveGone/]: Registering Oh The Biomes We've Gone Structure Pieces
[23Apr2025 02:48:34.618] [modloading-worker-0/INFO] [net.potionstudios.biomeswevegone.BiomesWeveGone/]: Registering Oh The Biomes We've Gone Custom Structure Types
[23Apr2025 02:48:34.623] [modloading-worker-0/INFO] [dev.architectury.networking.forge.NetworkManagerImpl/]: Registering C2S receiver with id magistuarmory:packet_long_reach_attack
[23Apr2025 02:48:34.625] [modloading-worker-0/INFO] [dev.architectury.networking.forge.NetworkManagerImpl/]: Registering C2S receiver with id magistuarmory:packet_lance_collision
[23Apr2025 02:48:34.623] [modloading-worker-0/INFO] [net.potionstudios.biomeswevegone.BiomesWeveGone/]: Registering Oh The Biomes We've Gone Configured Features
[23Apr2025 02:48:34.641] [modloading-worker-0/INFO] [net.potionstudios.biomeswevegone.BiomesWeveGone/]: Creating and Registering Overworld Vegetation Configured Features
[23Apr2025 02:48:34.753] [modloading-worker-0/INFO] [azurelib/FileWatching]: Registered azurelib config for auto-sync function
[23Apr2025 02:48:34.784] [modloading-worker-0/INFO] [net.potionstudios.biomeswevegone.BiomesWeveGone/]: Registering Oh The Biomes We've Gone Tree Configured Features
[23Apr2025 02:48:34.795] [modloading-worker-0/INFO] [net.potionstudios.biomeswevegone.BiomesWeveGone/]: Creating and Registering Vanilla Configured Features
[23Apr2025 02:48:34.806] [modloading-worker-0/INFO] [net.potionstudios.biomeswevegone.BiomesWeveGone/]: Registering Oh The Biomes You'll Go Overworld Configured Features
[23Apr2025 02:48:34.815] [modloading-worker-0/INFO] [net.potionstudios.biomeswevegone.BiomesWeveGone/]: Registering Oh The Biomes We've Gone Placed Features
[23Apr2025 02:48:34.837] [modloading-worker-0/INFO] [net.potionstudios.biomeswevegone.BiomesWeveGone/]: Creating and Registering Overworld Tree Placed Features
[23Apr2025 02:48:34.847] [modloading-worker-0/INFO] [net.potionstudios.biomeswevegone.BiomesWeveGone/]: Creating and Registering Overworld Vegetation Placed Features
[23Apr2025 02:48:34.848] [modloading-worker-0/INFO] [net.potionstudios.biomeswevegone.BiomesWeveGone/]: Creating and Registering Vanilla Placed Features
[23Apr2025 02:48:34.851] [modloading-worker-0/INFO] [net.potionstudios.biomeswevegone.BiomesWeveGone/]: Registering Oh The Biomes We've Gone Custom Surface Rules
[23Apr2025 02:48:34.867] [modloading-worker-0/INFO] [net.potionstudios.biomeswevegone.BiomesWeveGone/]: Registering Oh The Biomes We've Gone Template Pools
[23Apr2025 02:48:34.892] [modloading-worker-0/INFO] [net.potionstudios.biomeswevegone.BiomesWeveGone/]: Registering Oh The Biome's We've Gone Village Template Pools
[23Apr2025 02:48:34.904] [modloading-worker-0/INFO] [net.potionstudios.biomeswevegone.BiomesWeveGone/]: Registering Oh The Biomes We've Gone Poi Types
[23Apr2025 02:48:34.908] [modloading-worker-0/INFO] [net.potionstudios.biomeswevegone.BiomesWeveGone/]: Registering Oh The Biomes We've Gone Villager Professions
[23Apr2025 02:48:34.909] [modloading-worker-0/INFO] [net.potionstudios.biomeswevegone.BiomesWeveGone/]: Registering Oh The Biomes We've Gone Custom Structure Processors
[23Apr2025 02:48:35.798] [modloading-worker-0/INFO] [TrustManager/]: Loading mod 'fantasyfurniture' TrustWorthiness...
[23Apr2025 02:48:35.803] [modloading-worker-0/FATAL] [TrustManager/]: Could not determine mod trust worthiness, Assuming Jar was downloaded from trusted source!
[23Apr2025 02:48:35.803] [modloading-worker-0/INFO] [TrustManager/]: Loaded mod 'fantasyfurniture' TrustWorthiness: UNKNOWN
[23Apr2025 02:48:35.799] [modloading-worker-0/INFO] [TrustManager/]: Loading mod 'apexcore' TrustWorthiness...
[23Apr2025 02:48:35.803] [modloading-worker-0/FATAL] [TrustManager/]: Could not determine mod trust worthiness, Assuming Jar was downloaded from trusted source!
[23Apr2025 02:48:35.804] [modloading-worker-0/INFO] [TrustManager/]: Loaded mod 'apexcore' TrustWorthiness: UNKNOWN
[23Apr2025 02:48:36.530] [main/INFO] [net.minecraft.resources.RegistryDataLoader/]: Capturing existing worldgen registries
[23Apr2025 02:48:36.530] [main/INFO] [net.minecraft.resources.RegistryDataLoader/]: Found 0 injected RegistryDataLoader worldgen registries
[23Apr2025 02:48:39.436] [main/INFO] [Moonlight/]: Initialized block sets in 47ms
[23Apr2025 02:48:42.937] [main/INFO] [ModdingLegacy/StructureGel/]: [structure_gel] Registering data for structure_gel:loot_table_alias
[23Apr2025 02:48:42.947] [main/INFO] [ModdingLegacy/StructureGel/]: [structure_gel] Registering data for structure_gel:data_handler_type
[23Apr2025 02:48:42.951] [main/INFO] [ModdingLegacy/StructureGel/]: [structure_gel] Registering data for structure_gel:dynamic_spawner
[23Apr2025 02:48:42.953] [main/INFO] [ModdingLegacy/StructureGel/]: [structure_gel] Registering data for structure_gel:jigsaw_type
[23Apr2025 02:48:43.135] [main/WARN] [net.minecraft.network.syncher.SynchedEntityData/]: defineId called for: class net.minecraft.world.entity.player.Player from class yesman.epicfight.world.capabilities.entitypatch.player.PlayerPatch
[23Apr2025 02:48:43.259] [main/WARN] [net.minecraft.network.syncher.SynchedEntityData/]: defineId called for: class com.nitespring.bloodborne.common.entities.mobs.parent.AbstractBloodborneEntity from class com.nitespring.bloodborne.common.entities.mobs.parent.AbstractHuntsmanEntity
[23Apr2025 02:48:43.259] [main/WARN] [net.minecraft.network.syncher.SynchedEntityData/]: defineId called for: class com.nitespring.bloodborne.common.entities.mobs.parent.AbstractBloodborneEntity from class com.nitespring.bloodborne.common.entities.mobs.parent.AbstractHuntsmanEntity
[23Apr2025 02:48:43.299] [main/WARN] [net.minecraft.network.syncher.SynchedEntityData/]: defineId called for: class com.github.alexmodguy.alexscaves.server.entity.living.TremorzillaEntity from class com.github.alexmodguy.alexscaves.server.entity.living.LicowitchEntity
[23Apr2025 02:48:43.334] [main/WARN] [net.minecraft.network.syncher.SynchedEntityData/]: defineId called for: class net.minecraft.world.entity.boss.wither.WitherBoss from class yesman.epicfight.world.capabilities.entitypatch.boss.WitherPatch
[23Apr2025 02:48:43.334] [main/WARN] [net.minecraft.network.syncher.SynchedEntityData/]: defineId called for: class net.minecraft.world.entity.boss.wither.WitherBoss from class yesman.epicfight.world.capabilities.entitypatch.boss.WitherPatch
[23Apr2025 02:48:43.334] [main/WARN] [net.minecraft.network.syncher.SynchedEntityData/]: defineId called for: class net.minecraft.world.entity.boss.wither.WitherBoss from class yesman.epicfight.world.capabilities.entitypatch.boss.WitherPatch
[23Apr2025 02:48:43.335] [main/WARN] [net.minecraft.network.syncher.SynchedEntityData/]: defineId called for: class net.minecraft.world.entity.boss.wither.WitherBoss from class yesman.epicfight.world.capabilities.entitypatch.boss.WitherPatch
[23Apr2025 02:48:43.335] [main/WARN] [net.minecraft.network.syncher.SynchedEntityData/]: defineId called for: class net.minecraft.world.entity.boss.wither.WitherBoss from class yesman.epicfight.world.capabilities.entitypatch.boss.WitherPatch
[23Apr2025 02:48:43.335] [main/WARN] [net.minecraft.network.syncher.SynchedEntityData/]: defineId called for: class net.minecraft.world.entity.boss.wither.WitherBoss from class yesman.epicfight.world.capabilities.entitypatch.boss.WitherPatch
[23Apr2025 02:48:43.335] [main/WARN] [net.minecraft.network.syncher.SynchedEntityData/]: defineId called for: class net.minecraft.world.entity.boss.wither.WitherBoss from class yesman.epicfight.world.capabilities.entitypatch.boss.WitherPatch
[23Apr2025 02:48:43.335] [main/WARN] [net.minecraft.network.syncher.SynchedEntityData/]: defineId called for: class net.minecraft.world.entity.boss.wither.WitherBoss from class yesman.epicfight.world.capabilities.entitypatch.boss.WitherPatch
[23Apr2025 02:48:43.335] [main/WARN] [net.minecraft.network.syncher.SynchedEntityData/]: defineId called for: class net.minecraft.world.entity.boss.wither.WitherBoss from class yesman.epicfight.world.capabilities.entitypatch.boss.WitherPatch
[23Apr2025 02:48:43.622] [modloading-worker-0/INFO] [Sound Physics - General/]: Reloading reverb parameters
[23Apr2025 02:48:43.735] [modloading-worker-0/WARN] [Sound Physics - General/]: Sound event ecologics:entity.camel.death not found
[23Apr2025 02:48:43.737] [modloading-worker-0/WARN] [Sound Physics - General/]: Sound event ecologics:entity.penguin.hurt not found
[23Apr2025 02:48:43.739] [modloading-worker-0/WARN] [Sound Physics - General/]: Sound event cataclysm:strongswingattack not found
[23Apr2025 02:48:43.740] [modloading-worker-0/WARN] [Sound Physics - General/]: Sound event ecologics:entity.camel.angry not found
[23Apr2025 02:48:43.743] [modloading-worker-0/WARN] [Sound Physics - General/]: Sound event ecologics:entity.coconut_crab.hurt not found
[23Apr2025 02:48:43.742] [modloading-worker-0/INFO] [ring_of_teleport/]: RingOfTeleport common setup
[23Apr2025 02:48:43.743] [modloading-worker-0/WARN] [Sound Physics - General/]: Sound event ecologics:entity.squirrel.hurt not found
[23Apr2025 02:48:43.746] [modloading-worker-0/WARN] [Sound Physics - General/]: Sound event ecologics:entity.camel.hurt not found
[23Apr2025 02:48:43.747] [modloading-worker-0/WARN] [Sound Physics - General/]: Sound event ecologics:entity.squirrel.death not found
[23Apr2025 02:48:43.751] [modloading-worker-0/WARN] [Sound Physics - General/]: Sound event ecologics:entity.coconut_crab.ambient not found
[23Apr2025 02:48:43.751] [modloading-worker-0/WARN] [Sound Physics - General/]: Sound event ecologics:entity.camel.step not found
[23Apr2025 02:48:43.753] [modloading-worker-0/WARN] [Sound Physics - General/]: Sound event ecologics:block.coconut.smash not found
[23Apr2025 02:48:43.754] [modloading-worker-0/WARN] [Sound Physics - General/]: Sound event ecologics:entity.coconut_crab.death not found
[23Apr2025 02:48:43.754] [modloading-worker-0/WARN] [Sound Physics - General/]: Sound event ecologics:entity.squirrel.ambient not found
[23Apr2025 02:48:43.755] [modloading-worker-0/WARN] [Sound Physics - General/]: Sound event ecologics:entity.camel.ambient not found
[23Apr2025 02:48:43.755] [modloading-worker-0/WARN] [Sound Physics - General/]: Sound event ecologics:block.thin_ice.crack not found
[23Apr2025 02:48:43.757] [modloading-worker-0/WARN] [Sound Physics - General/]: Sound event cataclysm:swingattack not found
[23Apr2025 02:48:43.758] [modloading-worker-0/WARN] [Sound Physics - General/]: Sound event ecologics:entity.camel.eat not found
[23Apr2025 02:48:43.758] [modloading-worker-0/WARN] [Sound Physics - General/]: Sound event ecologics:entity.penguin.death not found
[23Apr2025 02:48:43.759] [modloading-worker-0/WARN] [Sound Physics - General/]: Sound event ecologics:entity.camel.chest not found
[23Apr2025 02:48:43.759] [modloading-worker-0/WARN] [Sound Physics - General/]: Sound event ecologics:music_disc.coconut not found
[23Apr2025 02:48:43.760] [modloading-worker-0/WARN] [Sound Physics - General/]: Sound event ecologics:entity.penguin.ambient not found
[23Apr2025 02:48:43.809] [modloading-worker-0/INFO] [CorgiLib/]: Initializing network...
[23Apr2025 02:48:43.826] [modloading-worker-0/INFO] [CorgiLib/]: Initialized network!
[23Apr2025 02:48:43.826] [modloading-worker-0/INFO] [com.github.nyuppo.MoreMobVariants/]: Giving mobs a fresh coat of paint...
[23Apr2025 02:48:43.836] [modloading-worker-0/INFO] [com.becks.uniquedungeons.UniqueDungeons/]: HELLO FROM COMMON SETUP
[23Apr2025 02:48:43.841] [modloading-worker-0/INFO] [com.becks.uniquedungeons.UniqueDungeons/]: DIRT BLOCK >> minecraft:dirt
[23Apr2025 02:48:43.967] [Forge Version Check/INFO] [net.minecraftforge.fml.VersionChecker/]: [guardvillagers] Starting version check at https://raw.githubusercontent.com/seymourimadeit/guardvillagers/master/update.json
[23Apr2025 02:48:44.200] [Forge Version Check/INFO] [net.minecraftforge.fml.VersionChecker/]: [guardvillagers] Found status: BETA Current: 1.20.1-1.6.6 Target: 1.20-1.6.5
[23Apr2025 02:48:44.200] [Forge Version Check/INFO] [net.minecraftforge.fml.VersionChecker/]: [sound_physics_remastered] Starting version check at https://maxhenkel.de/update/sound_physics_remastered.json
[23Apr2025 02:48:44.287] [main/INFO] [com.tiviacz.travelersbackpack.TravelersBackpack/]: Registered the FluidEffect with Unique ID of minecraft:water for Water (Fluid Amount Required: 1000) with the ID 0
[23Apr2025 02:48:44.288] [main/INFO] [com.tiviacz.travelersbackpack.TravelersBackpack/]: Registered the FluidEffect with Unique ID of minecraft:lava for Lava (Fluid Amount Required: 1000) with the ID 1
[23Apr2025 02:48:44.288] [main/INFO] [com.tiviacz.travelersbackpack.TravelersBackpack/]: Registered the FluidEffect with Unique ID of travelersbackpack:potion for Uncraftable Potion (Fluid Amount Required: 250) with the ID 2
[23Apr2025 02:48:44.288] [main/INFO] [com.tiviacz.travelersbackpack.TravelersBackpack/]: Registered the FluidEffect with Unique ID of minecraft:milk for Milk (Fluid Amount Required: 1000) with the ID 3
[23Apr2025 02:48:44.325] [main/INFO] [terrablender/]: Registered region minecraft:overworld to index 0 for type OVERWORLD
[23Apr2025 02:48:44.326] [main/INFO] [terrablender/]: Registered region minecraft:nether to index 0 for type NETHER
[23Apr2025 02:48:44.327] [main/INFO] [terrablender/]: Registered region underground_jungle:region to index 1 for type OVERWORLD
[23Apr2025 02:48:44.432] [main/INFO] [terrablender/]: Registered region biomeswevegone:region_0 to index 2 for type OVERWORLD
[23Apr2025 02:48:44.432] [main/INFO] [terrablender/]: Registered region biomeswevegone:region_1 to index 3 for type OVERWORLD
[23Apr2025 02:48:44.432] [main/INFO] [terrablender/]: Registered region biomeswevegone:region_2 to index 4 for type OVERWORLD
[23Apr2025 02:48:44.468] [main/INFO] [journeymap/]: Initializing Packet Registries
[23Apr2025 02:48:44.580] [main/INFO] [Moonlight/]: Initialized color sets in 80ms
[23Apr2025 02:48:44.609] [modloading-worker-0/INFO] [ring_of_teleport/]: Hello world from RingOfTeleport
[23Apr2025 02:48:44.609] [modloading-worker-0/INFO] [ring_of_teleport/]: RingOfTeleport IMC
[23Apr2025 02:48:44.645] [modloading-worker-0/INFO] [com.eeeab.eeeabsmobs.EEEABMobs/]: Registering custom criteria trigger...
[23Apr2025 02:48:44.689] [modloading-worker-0/INFO] [Jade/]: Start loading plugin at bl4ckscor3.mod.globalxp.compat.WailaDataProvider
[23Apr2025 02:48:44.701] [modloading-worker-0/INFO] [Jade/]: Start loading plugin at com.teamderpy.shouldersurfing.compatibility.ShoulderSurfingJadePlugin
[23Apr2025 02:48:44.704] [modloading-worker-0/INFO] [Jade/]: Start loading plugin at de.maxhenkel.gravestone.integration.waila.PluginGraveStone
[23Apr2025 02:48:44.708] [modloading-worker-0/INFO] [Jade/]: Start loading plugin at twilightforest.compat.jade.JadeCompat
[23Apr2025 02:48:44.710] [modloading-worker-0/INFO] [Jade/]: Start loading plugin at snownee.jade.addon.vanilla.VanillaPlugin
[23Apr2025 02:48:44.732] [modloading-worker-0/INFO] [Jade/]: Start loading plugin at snownee.jade.addon.universal.UniversalPlugin
[23Apr2025 02:48:44.739] [modloading-worker-0/INFO] [Jade/]: Start loading plugin at snownee.jade.addon.core.CorePlugin
[23Apr2025 02:48:44.821] [modloading-worker-0/INFO] [de.mennomax.astikorcarts.AstikorCarts/]: Automatic pull animal configuration:
pull_animals = [
    "minecraft:camel",
    "minecraft:donkey",
    "minecraft:horse",
    "minecraft:mule",
    "minecraft:skeleton_horse",
    "minecraft:zombie_horse",
    "minecraft:player",
    "wom:lupus_rex",
    "iceandfire:hippocampus",
    "iceandfire:dread_horse",
    "alexscaves:candicorn"
  ]
[23Apr2025 02:48:44.999] [main/ERROR] [net.minecraft.Util/]: Entity knightquest:netherman_teleport_charge has no attributes
[23Apr2025 02:48:45.000] [main/ERROR] [net.minecraft.Util/]: Entity knightquest:netherman_teleport_charge has no attributes
[23Apr2025 02:48:45.000] [main/ERROR] [net.minecraft.Util/]: Entity knightquest:netherman_teleport_charge has no attributes
[23Apr2025 02:48:45.001] [main/ERROR] [net.minecraft.Util/]: Entity knightquest:netherman_teleport_charge has no attributes
[23Apr2025 02:48:45.001] [main/ERROR] [net.minecraft.Util/]: Entity knightquest:netherman_teleport_charge has no attributes
[23Apr2025 02:48:45.002] [main/ERROR] [net.minecraft.Util/]: Entity knightquest:netherman_teleport_charge has no attributes
[23Apr2025 02:48:45.002] [main/ERROR] [net.minecraft.Util/]: Entity knightquest:netherman_teleport_charge has no attributes
[23Apr2025 02:48:45.003] [main/ERROR] [net.minecraft.Util/]: Entity knightquest:netherman_teleport_charge has no attributes
[23Apr2025 02:48:45.003] [main/ERROR] [net.minecraft.Util/]: Entity knightquest:netherman_teleport_charge has no attributes
[23Apr2025 02:48:45.004] [main/ERROR] [net.minecraft.Util/]: Entity knightquest:netherman_teleport_charge has no attributes
[23Apr2025 02:48:45.004] [main/ERROR] [net.minecraft.Util/]: Entity knightquest:netherman_teleport_charge has no attributes
[23Apr2025 02:48:45.004] [main/ERROR] [net.minecraft.Util/]: Entity knightquest:netherman_teleport_charge has no attributes
[23Apr2025 02:48:45.005] [main/ERROR] [net.minecraft.Util/]: Entity knightquest:netherman_teleport_charge has no attributes
[23Apr2025 02:48:45.005] [main/ERROR] [net.minecraft.Util/]: Entity knightquest:netherman_teleport_charge has no attributes
[23Apr2025 02:48:45.006] [main/ERROR] [net.minecraft.Util/]: Entity knightquest:netherman_teleport_charge has no attributes
[23Apr2025 02:48:45.006] [main/ERROR] [net.minecraft.Util/]: Entity knightquest:netherman_teleport_charge has no attributes
[23Apr2025 02:48:45.006] [main/ERROR] [net.minecraft.Util/]: Entity knightquest:netherman_teleport_charge has no attributes
[23Apr2025 02:48:45.006] [main/ERROR] [net.minecraft.Util/]: Entity knightquest:netherman_teleport_charge has no attributes
[23Apr2025 02:48:45.007] [main/ERROR] [net.minecraft.Util/]: Entity knightquest:netherman_teleport_charge has no attributes
[23Apr2025 02:48:45.007] [main/ERROR] [net.minecraft.Util/]: Entity knightquest:netherman_teleport_charge has no attributes
[23Apr2025 02:48:45.007] [main/ERROR] [net.minecraft.Util/]: Entity knightquest:netherman_teleport_charge has no attributes
[23Apr2025 02:48:45.008] [main/ERROR] [net.minecraft.Util/]: Entity knightquest:netherman_teleport_charge has no attributes
[23Apr2025 02:48:45.008] [main/ERROR] [net.minecraft.Util/]: Entity knightquest:netherman_teleport_charge has no attributes
[23Apr2025 02:48:45.008] [main/ERROR] [net.minecraft.Util/]: Entity knightquest:netherman_teleport_charge has no attributes
[23Apr2025 02:48:45.009] [main/ERROR] [net.minecraft.Util/]: Entity knightquest:netherman_teleport_charge has no attributes
[23Apr2025 02:48:45.009] [main/ERROR] [net.minecraft.Util/]: Entity knightquest:netherman_teleport_charge has no attributes
[23Apr2025 02:48:45.009] [main/ERROR] [net.minecraft.Util/]: Entity knightquest:netherman_teleport_charge has no attributes
[23Apr2025 02:48:45.010] [main/ERROR] [net.minecraft.Util/]: Entity knightquest:netherman_teleport_charge has no attributes
[23Apr2025 02:48:45.010] [main/ERROR] [net.minecraft.Util/]: Entity knightquest:netherman_teleport_charge has no attributes
[23Apr2025 02:48:45.011] [main/ERROR] [net.minecraft.Util/]: Entity knightquest:netherman_teleport_charge has no attributes
[23Apr2025 02:48:45.011] [main/ERROR] [net.minecraft.Util/]: Entity knightquest:netherman_teleport_charge has no attributes
[23Apr2025 02:48:45.011] [main/ERROR] [net.minecraft.Util/]: Entity knightquest:netherman_teleport_charge has no attributes
[23Apr2025 02:48:45.012] [main/ERROR] [net.minecraft.Util/]: Entity knightquest:netherman_teleport_charge has no attributes
[23Apr2025 02:48:45.012] [main/ERROR] [net.minecraft.Util/]: Entity knightquest:netherman_teleport_charge has no attributes
[23Apr2025 02:48:45.013] [main/ERROR] [net.minecraft.Util/]: Entity knightquest:netherman_teleport_charge has no attributes
[23Apr2025 02:48:45.013] [main/ERROR] [net.minecraft.Util/]: Entity knightquest:netherman_teleport_charge has no attributes
[23Apr2025 02:48:45.014] [main/ERROR] [net.minecraft.Util/]: Entity knightquest:netherman_teleport_charge has no attributes
[23Apr2025 02:48:45.014] [main/ERROR] [net.minecraft.Util/]: Entity knightquest:netherman_teleport_charge has no attributes
[23Apr2025 02:48:45.015] [main/ERROR] [net.minecraft.Util/]: Entity knightquest:netherman_teleport_charge has no attributes
[23Apr2025 02:48:45.015] [main/ERROR] [net.minecraft.Util/]: Entity knightquest:netherman_teleport_charge has no attributes
[23Apr2025 02:48:45.015] [main/ERROR] [net.minecraft.Util/]: Entity knightquest:netherman_teleport_charge has no attributes
[23Apr2025 02:48:45.016] [main/ERROR] [net.minecraft.Util/]: Entity knightquest:netherman_teleport_charge has no attributes
[23Apr2025 02:48:45.016] [main/ERROR] [net.minecraft.Util/]: Entity knightquest:netherman_teleport_charge has no attributes
[23Apr2025 02:48:45.017] [main/ERROR] [net.minecraft.Util/]: Entity knightquest:netherman_teleport_charge has no attributes
[23Apr2025 02:48:45.017] [main/ERROR] [net.minecraft.Util/]: Entity knightquest:netherman_teleport_charge has no attributes
[23Apr2025 02:48:45.018] [main/ERROR] [net.minecraft.Util/]: Entity knightquest:netherman_teleport_charge has no attributes
[23Apr2025 02:48:45.018] [main/ERROR] [net.minecraft.Util/]: Entity knightquest:netherman_teleport_charge has no attributes
[23Apr2025 02:48:45.249] [Forge Version Check/INFO] [net.minecraftforge.fml.VersionChecker/]: [sound_physics_remastered] Found status: OUTDATED Current: 1.20.1-1.1.2 Target: 1.20.1-1.3.0
[23Apr2025 02:48:45.250] [Forge Version Check/INFO] [net.minecraftforge.fml.VersionChecker/]: [structure_gel] Starting version check at http://changelogs.moddinglegacy.com/structure-gel.json
[23Apr2025 02:48:45.554] [Forge Version Check/INFO] [net.minecraftforge.fml.VersionChecker/]: [structure_gel] Found status: BETA Current: 2.15.1 Target: null
[23Apr2025 02:48:45.554] [Forge Version Check/INFO] [net.minecraftforge.fml.VersionChecker/]: [advancementplaques] Starting version check at https://mc-update-check.anthonyhilyard.com/499826
[23Apr2025 02:48:45.875] [Forge Version Check/INFO] [net.minecraftforge.fml.VersionChecker/]: [advancementplaques] Found status: OUTDATED Current: 1.5.1 Target: 1.6.9
[23Apr2025 02:48:45.876] [Forge Version Check/INFO] [net.minecraftforge.fml.VersionChecker/]: [corail_woodcutter] Starting version check at https://raw.githubusercontent.com/Corail31/trash/master/update_woodcutter.json
[23Apr2025 02:48:45.891] [Forge Version Check/INFO] [net.minecraftforge.fml.VersionChecker/]: [corail_woodcutter] Found status: OUTDATED Current: 3.0.5 Target: 3.0.6
[23Apr2025 02:48:45.892] [Forge Version Check/INFO] [net.minecraftforge.fml.VersionChecker/]: [advancednetherite] Starting version check at https://raw.githubusercontent.com/Autovw/ModUpdates/master/advancednetherite/update.json
[23Apr2025 02:48:45.908] [Forge Version Check/INFO] [net.minecraftforge.fml.VersionChecker/]: [advancednetherite] Found status: BETA_OUTDATED Current: 2.0.3 Target: 2.1.3
[23Apr2025 02:48:45.909] [Forge Version Check/INFO] [net.minecraftforge.fml.VersionChecker/]: [mr_dungeons_andtaverns] Starting version check at https://api.modrinth.com/updates/tpehi7ww/forge_updates.json
[23Apr2025 02:48:46.018] [Forge Version Check/INFO] [net.minecraftforge.fml.VersionChecker/]: [mr_dungeons_andtaverns] Found status: OUTDATED Current: 3.0.3.f Target: 3.0.3.f+mod
[23Apr2025 02:48:46.021] [Forge Version Check/INFO] [net.minecraftforge.fml.VersionChecker/]: [cfm] Starting version check at https://mrcrayfish.com/modupdatejson?id=cfm
[23Apr2025 02:48:46.583] [Forge Version Check/INFO] [net.minecraftforge.fml.VersionChecker/]: [cfm] Found status: BETA Current: 7.0.0-pre36 Target: 7.0.0-pre36
[23Apr2025 02:48:46.583] [Forge Version Check/INFO] [net.minecraftforge.fml.VersionChecker/]: [visualworkbench] Starting version check at https://raw.githubusercontent.com/Fuzss/modresources/main/update/visualworkbench.json
[23Apr2025 02:48:46.597] [Forge Version Check/INFO] [net.minecraftforge.fml.VersionChecker/]: [visualworkbench] Found status: UP_TO_DATE Current: 8.0.0 Target: null
[23Apr2025 02:48:46.598] [Forge Version Check/INFO] [net.minecraftforge.fml.VersionChecker/]: [universalbonemeal] Starting version check at https://raw.githubusercontent.com/Fuzss/modresources/main/update/universalbonemeal.json
[23Apr2025 02:48:46.610] [Forge Version Check/INFO] [net.minecraftforge.fml.VersionChecker/]: [universalbonemeal] Found status: UP_TO_DATE Current: 8.0.1 Target: null
[23Apr2025 02:48:46.611] [Forge Version Check/INFO] [net.minecraftforge.fml.VersionChecker/]: [travelersbackpack] Starting version check at https://gist.githubusercontent.com/Tiviacz1337/906937677aa472285dff9d6c2a189d5e/raw
[23Apr2025 02:48:46.664] [Forge Version Check/INFO] [net.minecraftforge.fml.VersionChecker/]: [travelersbackpack] Found status: OUTDATED Current: 9.1.12 Target: 9.1.16
[23Apr2025 02:48:46.665] [Forge Version Check/INFO] [net.minecraftforge.fml.VersionChecker/]: [puzzlesaccessapi] Starting version check at https://raw.githubusercontent.com/Fuzss/modresources/main/update/puzzlesaccessapi.json
[23Apr2025 02:48:46.676] [Forge Version Check/INFO] [net.minecraftforge.fml.VersionChecker/]: [puzzlesaccessapi] Found status: BETA Current: 8.0.7 Target: null
[23Apr2025 02:48:46.677] [Forge Version Check/INFO] [net.minecraftforge.fml.VersionChecker/]: [forge] Starting version check at https://files.minecraftforge.net/net/minecraftforge/forge/promotions_slim.json
[23Apr2025 02:48:46.852] [Forge Version Check/INFO] [net.minecraftforge.fml.VersionChecker/]: [forge] Found status: OUTDATED Current: 47.3.7 Target: 47.4.0
[23Apr2025 02:48:46.852] [Forge Version Check/INFO] [net.minecraftforge.fml.VersionChecker/]: [forgeconfigscreens] Starting version check at https://raw.githubusercontent.com/Fuzss/modresources/main/update/forgeconfigscreens.json
[23Apr2025 02:48:46.863] [Forge Version Check/INFO] [net.minecraftforge.fml.VersionChecker/]: [forgeconfigscreens] Found status: UP_TO_DATE Current: 8.0.2 Target: null
[23Apr2025 02:48:46.863] [Forge Version Check/INFO] [net.minecraftforge.fml.VersionChecker/]: [commonality] Starting version check at https://api.modrinth.com/updates/apexcore/forge_updates.json
[23Apr2025 02:48:46.955] [Forge Version Check/INFO] [net.minecraftforge.fml.VersionChecker/]: [commonality] Found status: OUTDATED Current: 7.0.0 Target: 10.0.0
[23Apr2025 02:48:46.955] [Forge Version Check/INFO] [net.minecraftforge.fml.VersionChecker/]: [gravestone] Starting version check at https://maxhenkel.de/update/gravestone.json
[23Apr2025 02:48:47.153] [Forge Version Check/INFO] [net.minecraftforge.fml.VersionChecker/]: [gravestone] Found status: UP_TO_DATE Current: 1.20.1-1.0.10 Target: null
[23Apr2025 02:48:47.153] [Forge Version Check/INFO] [net.minecraftforge.fml.VersionChecker/]: [canary] Starting version check at https://github.com/AbdElAziz333/Canary/raw/mc1.19.2/dev/updates.json
[23Apr2025 02:48:47.315] [Forge Version Check/INFO] [net.minecraftforge.fml.VersionChecker/]: [canary] Found status: UP_TO_DATE Current: 0.3.3 Target: null
[23Apr2025 02:48:47.315] [Forge Version Check/INFO] [net.minecraftforge.fml.VersionChecker/]: [puzzleslib] Starting version check at https://raw.githubusercontent.com/Fuzss/modresources/main/update/puzzleslib.json
[23Apr2025 02:48:47.332] [Forge Version Check/INFO] [net.minecraftforge.fml.VersionChecker/]: [puzzleslib] Found status: OUTDATED Current: 8.1.17 Target: 8.1.32
[23Apr2025 02:48:47.335] [Forge Version Check/INFO] [net.minecraftforge.fml.VersionChecker/]: [pizzacraft] Starting version check at https://gist.githubusercontent.com/Tiviacz1337/b916e3981957f1e6f2de99ea0aa328fa/raw
[23Apr2025 02:48:47.353] [Forge Version Check/INFO] [net.minecraftforge.fml.VersionChecker/]: [pizzacraft] Found status: UP_TO_DATE Current: 7.0.8 Target: null
[23Apr2025 02:48:47.354] [Forge Version Check/INFO] [net.minecraftforge.fml.VersionChecker/]: [aquamirae] Starting version check at https://raw.githubusercontent.com/ObscuriaLithium/Home/main/aquamirae/versions.json
[23Apr2025 02:48:47.372] [Forge Version Check/WARN] [net.minecraftforge.fml.VersionChecker/]: Failed to process update information
com.google.gson.JsonSyntaxException: java.lang.IllegalStateException: Expected BEGIN_OBJECT but was NUMBER at line 1 column 4 path $
	at com.google.gson.Gson.fromJson(Gson.java:1226) ~[gson-2.10.jar%2372!/:?]
	at com.google.gson.Gson.fromJson(Gson.java:1124) ~[gson-2.10.jar%2372!/:?]
	at com.google.gson.Gson.fromJson(Gson.java:1034) ~[gson-2.10.jar%2372!/:?]
	at com.google.gson.Gson.fromJson(Gson.java:969) ~[gson-2.10.jar%2372!/:?]
	at net.minecraftforge.fml.VersionChecker$1.process(VersionChecker.java:183) ~[fmlcore-1.20.1-47.3.7.jar%23468!/:?]
	at java.lang.Iterable.forEach(Iterable.java:75) ~[?:?]
	at net.minecraftforge.fml.VersionChecker$1.run(VersionChecker.java:114) ~[fmlcore-1.20.1-47.3.7.jar%23468!/:?]
Caused by: java.lang.IllegalStateException: Expected BEGIN_OBJECT but was NUMBER at line 1 column 4 path $
	at com.google.gson.stream.JsonReader.beginObject(JsonReader.java:393) ~[gson-2.10.jar%2372!/:?]
	at com.google.gson.internal.bind.MapTypeAdapterFactory$Adapter.read(MapTypeAdapterFactory.java:182) ~[gson-2.10.jar%2372!/:?]
	at com.google.gson.internal.bind.MapTypeAdapterFactory$Adapter.read(MapTypeAdapterFactory.java:144) ~[gson-2.10.jar%2372!/:?]
	at com.google.gson.Gson.fromJson(Gson.java:1214) ~[gson-2.10.jar%2372!/:?]
	... 6 more
[23Apr2025 02:48:47.373] [Forge Version Check/INFO] [net.minecraftforge.fml.VersionChecker/]: [farlanders] Starting version check at http://changelogs.moddinglegacy.com/the-farlanders.json
[23Apr2025 02:48:47.454] [Forge Version Check/INFO] [net.minecraftforge.fml.VersionChecker/]: [farlanders] Found status: UP_TO_DATE Current: 1.4.1 Target: null
[23Apr2025 02:48:47.454] [Forge Version Check/INFO] [net.minecraftforge.fml.VersionChecker/]: [prism] Starting version check at https://mc-update-check.anthonyhilyard.com/638111
[23Apr2025 02:48:47.483] [Forge Version Check/INFO] [net.minecraftforge.fml.VersionChecker/]: [prism] Found status: UP_TO_DATE Current: 1.0.5 Target: null
[23Apr2025 02:48:47.484] [Forge Version Check/INFO] [net.minecraftforge.fml.VersionChecker/]: [mcwdoors] Starting version check at https://raw.githubusercontent.com/sketchmacaw/macawsmods/master/doors.json
[23Apr2025 02:48:47.495] [Forge Version Check/INFO] [net.minecraftforge.fml.VersionChecker/]: [mcwdoors] Found status: OUTDATED Current: 1.1.1 Target: 1.1.2
[23Apr2025 02:48:47.496] [Forge Version Check/INFO] [net.minecraftforge.fml.VersionChecker/]: [limitmobspawn] Starting version check at https://version.kotori316.com/get-version/1.20.1/forge/limitmobspawn
[23Apr2025 02:48:47.568] [Forge Version Check/INFO] [net.minecraftforge.fml.VersionChecker/]: [limitmobspawn] Found status: BETA Current: 20.1.1 Target: 20.1.1
[23Apr2025 02:48:47.568] [Forge Version Check/INFO] [net.minecraftforge.fml.VersionChecker/]: [twilightforest] Starting version check at https://gh.tamaized.com/TeamTwilight/twilightforest/update.json
[23Apr2025 02:48:47.733] [Forge Version Check/INFO] [net.minecraftforge.fml.VersionChecker/]: [twilightforest] Found status: AHEAD Current: 4.3.2145 Target: null
[23Apr2025 02:48:47.733] [Forge Version Check/INFO] [net.minecraftforge.fml.VersionChecker/]: [mcwbridges] Starting version check at https://raw.githubusercontent.com/sketchmacaw/macawsmods/master/bridges.json
[23Apr2025 02:48:47.746] [Forge Version Check/INFO] [net.minecraftforge.fml.VersionChecker/]: [mcwbridges] Found status: OUTDATED Current: 2.1.1 Target: 3.0.0
[23Apr2025 02:48:47.746] [Forge Version Check/INFO] [net.minecraftforge.fml.VersionChecker/]: [hangglider] Starting version check at https://raw.githubusercontent.com/Fuzss/modresources/main/update/hangglider.json
[23Apr2025 02:48:47.757] [Forge Version Check/INFO] [net.minecraftforge.fml.VersionChecker/]: [hangglider] Found status: UP_TO_DATE Current: 8.0.1 Target: null
[23Apr2025 02:48:47.757] [Forge Version Check/INFO] [net.minecraftforge.fml.VersionChecker/]: [smallships] Starting version check at https://raw.githubusercontent.com/talhanation/smallships/main/update.json
[23Apr2025 02:48:47.769] [Forge Version Check/INFO] [net.minecraftforge.fml.VersionChecker/]: [smallships] Found status: UP_TO_DATE Current: 2.0.0-b1.4 Target: null
[23Apr2025 02:48:47.769] [Forge Version Check/INFO] [net.minecraftforge.fml.VersionChecker/]: [mr_bucketable] Starting version check at https://api.modrinth.com/updates/liI36we9/forge_updates.json
[23Apr2025 02:48:47.817] [Forge Version Check/INFO] [net.minecraftforge.fml.VersionChecker/]: [mr_bucketable] Found status: OUTDATED Current: 3.2 Target: 3.2+mod
[23Apr2025 02:48:47.817] [Forge Version Check/INFO] [net.minecraftforge.fml.VersionChecker/]: [shrines] Starting version check at https://raw.githubusercontent.com/Silverminer007/MinecraftModsUpdateChecker/master/shrines-structures.json
[23Apr2025 02:48:47.826] [Forge Version Check/INFO] [net.minecraftforge.fml.VersionChecker/]: [shrines] Found status: BETA Current: 1.20.1-6.0.2 Target: null
[23Apr2025 02:48:47.827] [Forge Version Check/INFO] [net.minecraftforge.fml.VersionChecker/]: [easymagic] Starting version check at https://raw.githubusercontent.com/Fuzss/modresources/main/update/easymagic.json
[23Apr2025 02:48:47.837] [Forge Version Check/INFO] [net.minecraftforge.fml.VersionChecker/]: [easymagic] Found status: UP_TO_DATE Current: 8.0.1 Target: null
[23Apr2025 02:48:47.837] [Forge Version Check/INFO] [net.minecraftforge.fml.VersionChecker/]: [obscure_api] Starting version check at https://raw.githubusercontent.com/ObscuriaLithium/Home/main/obscure_api/versions.json
[23Apr2025 02:48:47.855] [Forge Version Check/WARN] [net.minecraftforge.fml.VersionChecker/]: Failed to process update information
com.google.gson.JsonSyntaxException: java.lang.IllegalStateException: Expected BEGIN_OBJECT but was NUMBER at line 1 column 4 path $
	at com.google.gson.Gson.fromJson(Gson.java:1226) ~[gson-2.10.jar%2372!/:?]
	at com.google.gson.Gson.fromJson(Gson.java:1124) ~[gson-2.10.jar%2372!/:?]
	at com.google.gson.Gson.fromJson(Gson.java:1034) ~[gson-2.10.jar%2372!/:?]
	at com.google.gson.Gson.fromJson(Gson.java:969) ~[gson-2.10.jar%2372!/:?]
	at net.minecraftforge.fml.VersionChecker$1.process(VersionChecker.java:183) ~[fmlcore-1.20.1-47.3.7.jar%23468!/:?]
	at java.lang.Iterable.forEach(Iterable.java:75) ~[?:?]
	at net.minecraftforge.fml.VersionChecker$1.run(VersionChecker.java:114) ~[fmlcore-1.20.1-47.3.7.jar%23468!/:?]
Caused by: java.lang.IllegalStateException: Expected BEGIN_OBJECT but was NUMBER at line 1 column 4 path $
	at com.google.gson.stream.JsonReader.beginObject(JsonReader.java:393) ~[gson-2.10.jar%2372!/:?]
	at com.google.gson.internal.bind.MapTypeAdapterFactory$Adapter.read(MapTypeAdapterFactory.java:182) ~[gson-2.10.jar%2372!/:?]
	at com.google.gson.internal.bind.MapTypeAdapterFactory$Adapter.read(MapTypeAdapterFactory.java:144) ~[gson-2.10.jar%2372!/:?]
	at com.google.gson.Gson.fromJson(Gson.java:1214) ~[gson-2.10.jar%2372!/:?]
	... 6 more
[23Apr2025 02:48:47.858] [Forge Version Check/INFO] [net.minecraftforge.fml.VersionChecker/]: [journeymap] Starting version check at https://forge.curseupdate.com/32274/journeymap
[23Apr2025 02:48:48.006] [Forge Version Check/INFO] [net.minecraftforge.fml.VersionChecker/]: [journeymap] Found status: OUTDATED Current: 5.9.18p1 Target: 5.10.3
[23Apr2025 02:48:48.006] [Forge Version Check/INFO] [net.minecraftforge.fml.VersionChecker/]: [itemborders] Starting version check at https://mc-update-check.anthonyhilyard.com/513769
[23Apr2025 02:48:48.035] [Forge Version Check/INFO] [net.minecraftforge.fml.VersionChecker/]: [itemborders] Found status: OUTDATED Current: 1.2.1 Target: 1.2.2
[23Apr2025 02:48:48.037] [Forge Version Check/INFO] [net.minecraftforge.fml.VersionChecker/]: [scuba_gear] Starting version check at http://changelogs.moddinglegacy.com/scuba-gear.json
[23Apr2025 02:48:48.118] [Forge Version Check/INFO] [net.minecraftforge.fml.VersionChecker/]: [scuba_gear] Found status: BETA Current: 1.0.6 Target: null
[23Apr2025 02:48:48.118] [Forge Version Check/INFO] [net.minecraftforge.fml.VersionChecker/]: [moonlight] Starting version check at https://raw.githubusercontent.com/MehVahdJukaar/Moonlight/multi-loader/forge/update.json
[23Apr2025 02:48:48.127] [Forge Version Check/INFO] [net.minecraftforge.fml.VersionChecker/]: [moonlight] Found status: BETA Current: 1.20-2.13.58 Target: null
[23Apr2025 02:48:48.128] [Forge Version Check/INFO] [net.minecraftforge.fml.VersionChecker/]: [iceberg] Starting version check at https://mc-update-check.anthonyhilyard.com/520110
[23Apr2025 02:48:48.157] [Forge Version Check/INFO] [net.minecraftforge.fml.VersionChecker/]: [iceberg] Found status: OUTDATED Current: 1.1.21 Target: 1.1.25
[23Apr2025 02:48:48.157] [Forge Version Check/INFO] [net.minecraftforge.fml.VersionChecker/]: [apexcore] Starting version check at https://api.modrinth.com/updates/apexcore/forge_updates.json
[23Apr2025 02:48:48.196] [Forge Version Check/INFO] [net.minecraftforge.fml.VersionChecker/]: [apexcore] Found status: UP_TO_DATE Current: 10.0.0 Target: null
[23Apr2025 02:48:48.196] [Forge Version Check/INFO] [net.minecraftforge.fml.VersionChecker/]: [fantasyfurniture] Starting version check at https://api.modrinth.com/updates/fantasy-furniture/forge_updates.json
[23Apr2025 02:48:48.230] [Forge Version Check/INFO] [net.minecraftforge.fml.VersionChecker/]: [fantasyfurniture] Found status: UP_TO_DATE Current: 9.0.0 Target: null
[23Apr2025 02:48:58.688] [main/INFO] [com.mojang.authlib.yggdrasil.YggdrasilAuthenticationService/]: Environment: authHost='https://authserver.mojang.com', accountsHost='https://api.mojang.com', sessionHost='https://sessionserver.mojang.com', servicesHost='https://api.minecraftservices.com', name='PROD'
[23Apr2025 02:48:58.921] [main/ERROR] [net.minecraft.Util/]: Entity knightquest:netherman_teleport_charge has no attributes
[23Apr2025 02:48:58.922] [main/ERROR] [net.minecraft.Util/]: Entity knightquest:netherman_teleport_charge has no attributes
[23Apr2025 02:48:58.922] [main/ERROR] [net.minecraft.Util/]: Entity knightquest:netherman_teleport_charge has no attributes
[23Apr2025 02:48:58.923] [main/ERROR] [net.minecraft.Util/]: Entity knightquest:netherman_teleport_charge has no attributes
[23Apr2025 02:48:58.923] [main/ERROR] [net.minecraft.Util/]: Entity knightquest:netherman_teleport_charge has no attributes
[23Apr2025 02:48:58.924] [main/ERROR] [net.minecraft.Util/]: Entity knightquest:netherman_teleport_charge has no attributes
[23Apr2025 02:48:58.924] [main/ERROR] [net.minecraft.Util/]: Entity knightquest:netherman_teleport_charge has no attributes
[23Apr2025 02:48:58.924] [main/ERROR] [net.minecraft.Util/]: Entity knightquest:netherman_teleport_charge has no attributes
[23Apr2025 02:48:58.925] [main/ERROR] [net.minecraft.Util/]: Entity knightquest:netherman_teleport_charge has no attributes
[23Apr2025 02:48:58.925] [main/ERROR] [net.minecraft.Util/]: Entity knightquest:netherman_teleport_charge has no attributes
[23Apr2025 02:48:58.925] [main/ERROR] [net.minecraft.Util/]: Entity knightquest:netherman_teleport_charge has no attributes
[23Apr2025 02:48:58.926] [main/ERROR] [net.minecraft.Util/]: Entity knightquest:netherman_teleport_charge has no attributes
[23Apr2025 02:48:58.926] [main/ERROR] [net.minecraft.Util/]: Entity knightquest:netherman_teleport_charge has no attributes
[23Apr2025 02:48:58.926] [main/ERROR] [net.minecraft.Util/]: Entity knightquest:netherman_teleport_charge has no attributes
[23Apr2025 02:48:58.927] [main/ERROR] [net.minecraft.Util/]: Entity knightquest:netherman_teleport_charge has no attributes
[23Apr2025 02:48:58.927] [main/ERROR] [net.minecraft.Util/]: Entity knightquest:netherman_teleport_charge has no attributes
[23Apr2025 02:48:58.928] [main/ERROR] [net.minecraft.Util/]: Entity knightquest:netherman_teleport_charge has no attributes
[23Apr2025 02:48:58.928] [main/ERROR] [net.minecraft.Util/]: Entity knightquest:netherman_teleport_charge has no attributes
[23Apr2025 02:48:58.929] [main/ERROR] [net.minecraft.Util/]: Entity knightquest:netherman_teleport_charge has no attributes
[23Apr2025 02:48:58.929] [main/ERROR] [net.minecraft.Util/]: Entity knightquest:netherman_teleport_charge has no attributes
[23Apr2025 02:48:58.929] [main/ERROR] [net.minecraft.Util/]: Entity knightquest:netherman_teleport_charge has no attributes
[23Apr2025 02:48:58.931] [main/ERROR] [net.minecraft.Util/]: Entity knightquest:netherman_teleport_charge has no attributes
[23Apr2025 02:48:58.931] [main/ERROR] [net.minecraft.Util/]: Entity knightquest:netherman_teleport_charge has no attributes
[23Apr2025 02:48:58.932] [main/ERROR] [net.minecraft.Util/]: Entity knightquest:netherman_teleport_charge has no attributes
[23Apr2025 02:48:58.932] [main/ERROR] [net.minecraft.Util/]: Entity knightquest:netherman_teleport_charge has no attributes
[23Apr2025 02:48:58.933] [main/ERROR] [net.minecraft.Util/]: Entity knightquest:netherman_teleport_charge has no attributes
[23Apr2025 02:48:58.933] [main/ERROR] [net.minecraft.Util/]: Entity knightquest:netherman_teleport_charge has no attributes
[23Apr2025 02:48:58.933] [main/ERROR] [net.minecraft.Util/]: Entity knightquest:netherman_teleport_charge has no attributes
[23Apr2025 02:48:58.934] [main/ERROR] [net.minecraft.Util/]: Entity knightquest:netherman_teleport_charge has no attributes
[23Apr2025 02:48:58.936] [main/ERROR] [net.minecraft.Util/]: Entity knightquest:netherman_teleport_charge has no attributes
[23Apr2025 02:48:58.936] [main/ERROR] [net.minecraft.Util/]: Entity knightquest:netherman_teleport_charge has no attributes
[23Apr2025 02:48:58.936] [main/ERROR] [net.minecraft.Util/]: Entity knightquest:netherman_teleport_charge has no attributes
[23Apr2025 02:48:58.937] [main/ERROR] [net.minecraft.Util/]: Entity knightquest:netherman_teleport_charge has no attributes
[23Apr2025 02:48:58.937] [main/ERROR] [net.minecraft.Util/]: Entity knightquest:netherman_teleport_charge has no attributes
[23Apr2025 02:48:58.937] [main/ERROR] [net.minecraft.Util/]: Entity knightquest:netherman_teleport_charge has no attributes
[23Apr2025 02:48:58.937] [main/ERROR] [net.minecraft.Util/]: Entity knightquest:netherman_teleport_charge has no attributes
[23Apr2025 02:48:58.937] [main/ERROR] [net.minecraft.Util/]: Entity knightquest:netherman_teleport_charge has no attributes
[23Apr2025 02:48:58.938] [main/ERROR] [net.minecraft.Util/]: Entity knightquest:netherman_teleport_charge has no attributes
[23Apr2025 02:48:58.938] [main/ERROR] [net.minecraft.Util/]: Entity knightquest:netherman_teleport_charge has no attributes
[23Apr2025 02:48:58.938] [main/ERROR] [net.minecraft.Util/]: Entity knightquest:netherman_teleport_charge has no attributes
[23Apr2025 02:48:58.938] [main/ERROR] [net.minecraft.Util/]: Entity knightquest:netherman_teleport_charge has no attributes
[23Apr2025 02:48:58.939] [main/ERROR] [net.minecraft.Util/]: Entity knightquest:netherman_teleport_charge has no attributes
[23Apr2025 02:48:58.939] [main/ERROR] [net.minecraft.Util/]: Entity knightquest:netherman_teleport_charge has no attributes
[23Apr2025 02:48:58.939] [main/ERROR] [net.minecraft.Util/]: Entity knightquest:netherman_teleport_charge has no attributes
[23Apr2025 02:48:58.939] [main/ERROR] [net.minecraft.Util/]: Entity knightquest:netherman_teleport_charge has no attributes
[23Apr2025 02:48:58.940] [main/ERROR] [net.minecraft.Util/]: Entity knightquest:netherman_teleport_charge has no attributes
[23Apr2025 02:48:58.940] [main/ERROR] [net.minecraft.Util/]: Entity knightquest:netherman_teleport_charge has no attributes
[23Apr2025 02:48:59.189] [main/ERROR] [net.minecraft.Util/]: Entity knightquest:netherman_teleport_charge has no attributes
[23Apr2025 02:48:59.190] [main/ERROR] [net.minecraft.Util/]: Entity knightquest:netherman_teleport_charge has no attributes
[23Apr2025 02:48:59.190] [main/ERROR] [net.minecraft.Util/]: Entity knightquest:netherman_teleport_charge has no attributes
[23Apr2025 02:48:59.190] [main/ERROR] [net.minecraft.Util/]: Entity knightquest:netherman_teleport_charge has no attributes
[23Apr2025 02:48:59.191] [main/ERROR] [net.minecraft.Util/]: Entity knightquest:netherman_teleport_charge has no attributes
[23Apr2025 02:48:59.191] [main/ERROR] [net.minecraft.Util/]: Entity knightquest:netherman_teleport_charge has no attributes
[23Apr2025 02:48:59.192] [main/ERROR] [net.minecraft.Util/]: Entity knightquest:netherman_teleport_charge has no attributes
[23Apr2025 02:48:59.192] [main/ERROR] [net.minecraft.Util/]: Entity knightquest:netherman_teleport_charge has no attributes
[23Apr2025 02:48:59.192] [main/ERROR] [net.minecraft.Util/]: Entity knightquest:netherman_teleport_charge has no attributes
[23Apr2025 02:48:59.192] [main/ERROR] [net.minecraft.Util/]: Entity knightquest:netherman_teleport_charge has no attributes
[23Apr2025 02:48:59.193] [main/ERROR] [net.minecraft.Util/]: Entity knightquest:netherman_teleport_charge has no attributes
[23Apr2025 02:48:59.193] [main/ERROR] [net.minecraft.Util/]: Entity knightquest:netherman_teleport_charge has no attributes
[23Apr2025 02:48:59.193] [main/ERROR] [net.minecraft.Util/]: Entity knightquest:netherman_teleport_charge has no attributes
[23Apr2025 02:48:59.194] [main/ERROR] [net.minecraft.Util/]: Entity knightquest:netherman_teleport_charge has no attributes
[23Apr2025 02:48:59.194] [main/ERROR] [net.minecraft.Util/]: Entity knightquest:netherman_teleport_charge has no attributes
[23Apr2025 02:48:59.194] [main/ERROR] [net.minecraft.Util/]: Entity knightquest:netherman_teleport_charge has no attributes
[23Apr2025 02:48:59.194] [main/ERROR] [net.minecraft.Util/]: Entity knightquest:netherman_teleport_charge has no attributes
[23Apr2025 02:48:59.195] [main/ERROR] [net.minecraft.Util/]: Entity knightquest:netherman_teleport_charge has no attributes
[23Apr2025 02:48:59.195] [main/ERROR] [net.minecraft.Util/]: Entity knightquest:netherman_teleport_charge has no attributes
[23Apr2025 02:48:59.195] [main/ERROR] [net.minecraft.Util/]: Entity knightquest:netherman_teleport_charge has no attributes
[23Apr2025 02:48:59.197] [main/ERROR] [net.minecraft.Util/]: Entity knightquest:netherman_teleport_charge has no attributes
[23Apr2025 02:48:59.197] [main/ERROR] [net.minecraft.Util/]: Entity knightquest:netherman_teleport_charge has no attributes
[23Apr2025 02:48:59.198] [main/ERROR] [net.minecraft.Util/]: Entity knightquest:netherman_teleport_charge has no attributes
[23Apr2025 02:48:59.199] [main/ERROR] [net.minecraft.Util/]: Entity knightquest:netherman_teleport_charge has no attributes
[23Apr2025 02:48:59.200] [main/ERROR] [net.minecraft.Util/]: Entity knightquest:netherman_teleport_charge has no attributes
[23Apr2025 02:48:59.200] [main/ERROR] [net.minecraft.Util/]: Entity knightquest:netherman_teleport_charge has no attributes
[23Apr2025 02:48:59.201] [main/ERROR] [net.minecraft.Util/]: Entity knightquest:netherman_teleport_charge has no attributes
[23Apr2025 02:48:59.201] [main/ERROR] [net.minecraft.Util/]: Entity knightquest:netherman_teleport_charge has no attributes
[23Apr2025 02:48:59.201] [main/ERROR] [net.minecraft.Util/]: Entity knightquest:netherman_teleport_charge has no attributes
[23Apr2025 02:48:59.202] [main/ERROR] [net.minecraft.Util/]: Entity knightquest:netherman_teleport_charge has no attributes
[23Apr2025 02:48:59.202] [main/ERROR] [net.minecraft.Util/]: Entity knightquest:netherman_teleport_charge has no attributes
[23Apr2025 02:48:59.203] [main/ERROR] [net.minecraft.Util/]: Entity knightquest:netherman_teleport_charge has no attributes
[23Apr2025 02:48:59.203] [main/ERROR] [net.minecraft.Util/]: Entity knightquest:netherman_teleport_charge has no attributes
[23Apr2025 02:48:59.203] [main/ERROR] [net.minecraft.Util/]: Entity knightquest:netherman_teleport_charge has no attributes
[23Apr2025 02:48:59.204] [main/ERROR] [net.minecraft.Util/]: Entity knightquest:netherman_teleport_charge has no attributes
[23Apr2025 02:48:59.204] [main/ERROR] [net.minecraft.Util/]: Entity knightquest:netherman_teleport_charge has no attributes
[23Apr2025 02:48:59.205] [main/ERROR] [net.minecraft.Util/]: Entity knightquest:netherman_teleport_charge has no attributes
[23Apr2025 02:48:59.205] [main/ERROR] [net.minecraft.Util/]: Entity knightquest:netherman_teleport_charge has no attributes
[23Apr2025 02:48:59.205] [main/ERROR] [net.minecraft.Util/]: Entity knightquest:netherman_teleport_charge has no attributes
[23Apr2025 02:48:59.206] [main/ERROR] [net.minecraft.Util/]: Entity knightquest:netherman_teleport_charge has no attributes
[23Apr2025 02:48:59.207] [main/ERROR] [net.minecraft.Util/]: Entity knightquest:netherman_teleport_charge has no attributes
[23Apr2025 02:48:59.208] [main/ERROR] [net.minecraft.Util/]: Entity knightquest:netherman_teleport_charge has no attributes
[23Apr2025 02:48:59.208] [main/ERROR] [net.minecraft.Util/]: Entity knightquest:netherman_teleport_charge has no attributes
[23Apr2025 02:48:59.209] [main/ERROR] [net.minecraft.Util/]: Entity knightquest:netherman_teleport_charge has no attributes
[23Apr2025 02:48:59.209] [main/ERROR] [net.minecraft.Util/]: Entity knightquest:netherman_teleport_charge has no attributes
[23Apr2025 02:48:59.210] [main/ERROR] [net.minecraft.Util/]: Entity knightquest:netherman_teleport_charge has no attributes
[23Apr2025 02:48:59.210] [main/ERROR] [net.minecraft.Util/]: Entity knightquest:netherman_teleport_charge has no attributes
[23Apr2025 02:49:09.121] [main/WARN] [net.minecraft.server.packs.VanillaPackResourcesBuilder/]: Assets URL 'union:/workspaces/ange/servidor_minecraft/libraries/net/minecraft/server/1.20.1-20230612.114412/server-1.20.1-20230612.114412-srg.jar%23467!/assets/.mcassetsroot' uses unexpected schema
[23Apr2025 02:49:09.122] [main/WARN] [net.minecraft.server.packs.VanillaPackResourcesBuilder/]: Assets URL 'union:/workspaces/ange/servidor_minecraft/libraries/net/minecraft/server/1.20.1-20230612.114412/server-1.20.1-20230612.114412-srg.jar%23467!/data/.mcassetsroot' uses unexpected schema
[23Apr2025 02:49:09.253] [main/WARN] [Cristel Lib/]: Expanded Ecosphere Default World Gen accepted!
[23Apr2025 02:49:09.253] [main/WARN] [Cristel Lib/]: Disables granit, etc. accepted!
[23Apr2025 02:49:09.253] [main/ERROR] [Cristel Lib/]: Forcing LARGE biomes condition is false, skipping
[23Apr2025 02:49:09.253] [main/ERROR] [Cristel Lib/]: Cristel Lib Config Pack has no data
[23Apr2025 02:49:09.254] [main/ERROR] [Cristel Lib/]: T&T Waystone Patch Pack condition is false, skipping
[23Apr2025 02:49:12.886] [main/ERROR] [net.minecraft.Util/]: Invalid path in pack: bloodandmadness:forge/biome_modifier/celestial_emissary_I.json, ignoring
[23Apr2025 02:49:12.887] [main/ERROR] [net.minecraft.Util/]: Invalid path in pack: bloodandmadness:forge/biome_modifier/brainsucker_I.json, ignoring
[23Apr2025 02:49:14.360] [main/INFO] [com.github.alexthe666.alexsmobs.AlexsMobs/]: Adding datapack listener capsid_recipes
[23Apr2025 02:49:14.611] [Worker-Main-1/ERROR] [net.minecraft.tags.TagLoader/]: Couldn't load tag totw_modded:has_structure/aether_tower as it is missing following references: #aether:is_aether (from totw_modded-forge-1.20.1-1.0.4.jar)
[23Apr2025 02:49:14.614] [Worker-Main-1/ERROR] [net.minecraft.tags.TagLoader/]: Couldn't load tag totw_modded:has_structure/everdawn_tower as it is missing following references: blue_skies:unorthodox_valley (from totw_modded-forge-1.20.1-1.0.4.jar), 
	blue_skies:shaded_woodlands (from totw_modded-forge-1.20.1-1.0.4.jar), 
	blue_skies:crystal_dunes (from totw_modded-forge-1.20.1-1.0.4.jar), 
	blue_skies:crystal_dunes_spikes (from totw_modded-forge-1.20.1-1.0.4.jar), 
	blue_skies:sunset_maple_forest (from totw_modded-forge-1.20.1-1.0.4.jar), 
	blue_skies:rising_creek (from totw_modded-forge-1.20.1-1.0.4.jar), 
	blue_skies:crystal_roughs (from totw_modded-forge-1.20.1-1.0.4.jar), 
	blue_skies:searing_grassland (from totw_modded-forge-1.20.1-1.0.4.jar), 
	blue_skies:crescent_orchard (from totw_modded-forge-1.20.1-1.0.4.jar)
[23Apr2025 02:49:14.617] [Worker-Main-3/ERROR] [net.minecraft.tags.TagLoader/]: Couldn't load tag forge:armors/helmets as it is missing following references: epicsamurai:mask_netherite_samurai_helmet (from epicsamurai-0.0.40-1.20.1-neo.jar), 
	epicsamurai:mask_amethyst_samurai_helmet (from epicsamurai-0.0.40-1.20.1-neo.jar), 
	epicsamurai:mask_quartz_samurai_helmet (from epicsamurai-0.0.40-1.20.1-neo.jar), 
	epicsamurai:mask_straw_hat (from epicsamurai-0.0.40-1.20.1-neo.jar)
[23Apr2025 02:49:14.619] [Worker-Main-3/ERROR] [net.minecraft.tags.TagLoader/]: Couldn't load tag forge:armors as it is missing following references: #forge:armors/helmets (from epicsamurai-0.0.40-1.20.1-neo.jar), 
	#forge:armors/helmets (from forge-1.20.1-47.3.7-universal.jar)
[23Apr2025 02:49:14.617] [Worker-Main-1/ERROR] [net.minecraft.tags.TagLoader/]: Couldn't load tag totw_modded:has_structure/venus_tower as it is missing following references: ad_astra:infernal_venus_barrens (from totw_modded-forge-1.20.1-1.0.4.jar)
[23Apr2025 02:49:14.622] [Worker-Main-1/ERROR] [net.minecraft.tags.TagLoader/]: Couldn't load tag totw_modded:has_structure/moon_tower as it is missing following references: ad_astra:lunar_wastelands (from totw_modded-forge-1.20.1-1.0.4.jar)
[23Apr2025 02:49:14.623] [Worker-Main-1/ERROR] [net.minecraft.tags.TagLoader/]: Couldn't load tag totw_modded:has_structure/ratlantis_tower as it is missing following references: rats:ratlantis (from totw_modded-forge-1.20.1-1.0.4.jar)
[23Apr2025 02:49:14.623] [Worker-Main-1/ERROR] [net.minecraft.tags.TagLoader/]: Couldn't load tag totw_modded:has_structure/everbright_tower as it is missing following references: blue_skies:calming_skies (from totw_modded-forge-1.20.1-1.0.4.jar), 
	blue_skies:brightlands (from totw_modded-forge-1.20.1-1.0.4.jar), 
	blue_skies:slushlands (from totw_modded-forge-1.20.1-1.0.4.jar), 
	blue_skies:frostbitten_forest (from totw_modded-forge-1.20.1-1.0.4.jar), 
	blue_skies:frostbitten_forest_clearing (from totw_modded-forge-1.20.1-1.0.4.jar), 
	blue_skies:snow_covered_pines (from totw_modded-forge-1.20.1-1.0.4.jar), 
	blue_skies:brisk_meadow (from totw_modded-forge-1.20.1-1.0.4.jar), 
	blue_skies:polar_highland (from totw_modded-forge-1.20.1-1.0.4.jar)
[23Apr2025 02:49:14.627] [Worker-Main-1/ERROR] [net.minecraft.tags.TagLoader/]: Couldn't load tag totw_modded:has_structure/mars_tower as it is missing following references: ad_astra:martian_canyon_creek (from totw_modded-forge-1.20.1-1.0.4.jar), 
	ad_astra:martian_wastelands (from totw_modded-forge-1.20.1-1.0.4.jar)
[23Apr2025 02:49:14.627] [Worker-Main-3/ERROR] [net.minecraft.tags.TagLoader/]: Couldn't load tag epicsamurai:dampens_vibrations as it is missing following references: epicsamurai:sculk_samurai_boots (from epicsamurai-0.0.40-1.20.1-neo.jar)
[23Apr2025 02:49:14.628] [Worker-Main-1/ERROR] [net.minecraft.tags.TagLoader/]: Couldn't load tag totw_modded:has_structure/glacio_tower as it is missing following references: ad_astra:glacio_snowy_barrens (from totw_modded-forge-1.20.1-1.0.4.jar), 
	ad_astra:glacio_ice_peaks (from totw_modded-forge-1.20.1-1.0.4.jar)
[23Apr2025 02:49:14.628] [Worker-Main-1/ERROR] [net.minecraft.tags.TagLoader/]: Couldn't load tag totw_modded:has_structure/mercury_tower as it is missing following references: ad_astra:mercury_deltas (from totw_modded-forge-1.20.1-1.0.4.jar)
[23Apr2025 02:49:14.628] [Worker-Main-3/ERROR] [net.minecraft.tags.TagLoader/]: Couldn't load tag deeperdarker:dampens_vibrations as it is missing following references: epicsamurai:sculk_samurai_boots (from epicsamurai-0.0.40-1.20.1-neo.jar)
[23Apr2025 02:49:14.638] [Worker-Main-3/ERROR] [net.minecraft.tags.TagLoader/]: Couldn't load tag eldritch_end:etyr_armor as it is missing following references: epicsamurai:etyrite_samurai_helmet (from epicsamurai-0.0.40-1.20.1-neo.jar), 
	epicsamurai:etyrite_samurai_chestplate (from epicsamurai-0.0.40-1.20.1-neo.jar), 
	epicsamurai:etyrite_samurai_leggings (from epicsamurai-0.0.40-1.20.1-neo.jar), 
	epicsamurai:etyrite_samurai_boots (from epicsamurai-0.0.40-1.20.1-neo.jar)
[23Apr2025 02:49:14.698] [Worker-Main-3/ERROR] [net.minecraft.tags.TagLoader/]: Couldn't load tag minecraft:impact_projectiles as it is missing following references: ancient_elements:crystalbeam_projectile (from ancient_elements-1.3.4.jar), 
	ancient_elements:deflected_wind (from ancient_elements-1.3.4.jar), 
	ancient_elements:moltenspearprojektile (from ancient_elements-1.3.4.jar), 
	ancient_elements:wind (from ancient_elements-1.3.4.jar)
[23Apr2025 02:49:14.788] [Worker-Main-2/ERROR] [net.minecraft.tags.TagLoader/]: Couldn't load tag block_utils:v1.1/transparent as it is missing following references: minecraft:short_grass (from Fantactic Biomes Cave 2.1.2 1.20+1.20.4-for+fab.jar)
[23Apr2025 02:49:14.793] [Worker-Main-2/ERROR] [net.minecraft.tags.TagLoader/]: Couldn't load tag forge:couch as it is missing following references: cozy_home:couch_oak_white_middle (from Cozy_home-3.0.2-1.20.1.jar), 
	cozy_home:couch_oak_white_right (from Cozy_home-3.0.2-1.20.1.jar), 
	cozy_home:couch_oak_white (from Cozy_home-3.0.2-1.20.1.jar), 
	cozy_home:couch_oak_white_left (from Cozy_home-3.0.2-1.20.1.jar)
[23Apr2025 02:49:14.794] [Worker-Main-2/ERROR] [net.minecraft.tags.TagLoader/]: Couldn't load tag cavernous:everything_but_birch_logs as it is missing following references: minecraft:short_grass (from Fantactic Biomes Cave 2.1.2 1.20+1.20.4-for+fab.jar)
[23Apr2025 02:49:14.803] [Worker-Main-2/ERROR] [net.minecraft.tags.TagLoader/]: Couldn't load tag fabric:needs_tool_level_0 as it is missing following references: cozy_home:oak_planked_wall (from Cozy_home-3.0.2-1.20.1.jar), 
	cozy_home:spruce_planked_wall (from Cozy_home-3.0.2-1.20.1.jar), 
	cozy_home:birch_planked_wall (from Cozy_home-3.0.2-1.20.1.jar), 
	cozy_home:acacia_planked_wall (from Cozy_home-3.0.2-1.20.1.jar), 
	cozy_home:dark_oak_planked_wall (from Cozy_home-3.0.2-1.20.1.jar), 
	cozy_home:jungle_planked_wall (from Cozy_home-3.0.2-1.20.1.jar), 
	cozy_home:mangrove_planked_wall (from Cozy_home-3.0.2-1.20.1.jar), 
	cozy_home:crimson_planked_wall (from Cozy_home-3.0.2-1.20.1.jar), 
	cozy_home:warped_planked_wall (from Cozy_home-3.0.2-1.20.1.jar), 
	cozy_home:table_oak_single (from Cozy_home-3.0.2-1.20.1.jar), 
	cozy_home:table_spruce_single (from Cozy_home-3.0.2-1.20.1.jar), 
	cozy_home:table_birch_single (from Cozy_home-3.0.2-1.20.1.jar), 
	cozy_home:table_jungle_single (from Cozy_home-3.0.2-1.20.1.jar), 
	cozy_home:table_acacia_single (from Cozy_home-3.0.2-1.20.1.jar), 
	cozy_home:table_dark_oak_single (from Cozy_home-3.0.2-1.20.1.jar), 
	cozy_home:table_mangrove_single (from Cozy_home-3.0.2-1.20.1.jar), 
	cozy_home:table_cherry_single (from Cozy_home-3.0.2-1.20.1.jar), 
	cozy_home:desk_crimson (from Cozy_home-3.0.2-1.20.1.jar), 
	cozy_home:desk_warped (from Cozy_home-3.0.2-1.20.1.jar), 
	cozy_home:table_bamboo_single (from Cozy_home-3.0.2-1.20.1.jar), 
	cozy_home:table_stump_oak_single (from Cozy_home-3.0.2-1.20.1.jar), 
	cozy_home:table_stump_spruce_single (from Cozy_home-3.0.2-1.20.1.jar), 
	cozy_home:table_stump_birch_single (from Cozy_home-3.0.2-1.20.1.jar), 
	cozy_home:table_stump_jungle_single (from Cozy_home-3.0.2-1.20.1.jar), 
	cozy_home:table_stump_acacia_single (from Cozy_home-3.0.2-1.20.1.jar), 
	cozy_home:table_stump_dark_oak_single (from Cozy_home-3.0.2-1.20.1.jar), 
	cozy_home:table_stump_mangrove_single (from Cozy_home-3.0.2-1.20.1.jar), 
	cozy_home:table_stump_cherry_single (from Cozy_home-3.0.2-1.20.1.jar), 
	cozy_home:table_stump_crimson_single (from Cozy_home-3.0.2-1.20.1.jar), 
	cozy_home:table_stump_warped_single (from Cozy_home-3.0.2-1.20.1.jar), 
	cozy_home:lamp_white (from Cozy_home-3.0.2-1.20.1.jar), 
	cozy_home:lamp_orange (from Cozy_home-3.0.2-1.20.1.jar), 
	cozy_home:lamp_magenta (from Cozy_home-3.0.2-1.20.1.jar), 
	cozy_home:lamp_light_blue (from Cozy_home-3.0.2-1.20.1.jar), 
	cozy_home:lamp_yellow (from Cozy_home-3.0.2-1.20.1.jar), 
	cozy_home:lamp_lime (from Cozy_home-3.0.2-1.20.1.jar), 
	cozy_home:lamp_pink (from Cozy_home-3.0.2-1.20.1.jar), 
	cozy_home:lamp_gray (from Cozy_home-3.0.2-1.20.1.jar), 
	cozy_home:lamp_light_gray (from Cozy_home-3.0.2-1.20.1.jar), 
	cozy_home:lamp_cyan (from Cozy_home-3.0.2-1.20.1.jar), 
	cozy_home:lamp_purple (from Cozy_home-3.0.2-1.20.1.jar), 
	cozy_home:lamp_blue (from Cozy_home-3.0.2-1.20.1.jar), 
	cozy_home:lamp_brown (from Cozy_home-3.0.2-1.20.1.jar), 
	cozy_home:lamp_green (from Cozy_home-3.0.2-1.20.1.jar), 
	cozy_home:lamp_red (from Cozy_home-3.0.2-1.20.1.jar), 
	cozy_home:lamp_black (from Cozy_home-3.0.2-1.20.1.jar), 
	cozy_home:counter_quartz (from Cozy_home-3.0.2-1.20.1.jar), 
	cozy_home:counter_quartz_storage (from Cozy_home-3.0.2-1.20.1.jar), 
	cozy_home:counter_quartz_sink (from Cozy_home-3.0.2-1.20.1.jar), 
	cozy_home:drawer_oak (from Cozy_home-3.0.2-1.20.1.jar), 
	cozy_home:drawer_spruce (from Cozy_home-3.0.2-1.20.1.jar), 
	cozy_home:drawer_birch (from Cozy_home-3.0.2-1.20.1.jar), 
	cozy_home:drawer_jungle (from Cozy_home-3.0.2-1.20.1.jar), 
	cozy_home:drawer_acacia (from Cozy_home-3.0.2-1.20.1.jar), 
	cozy_home:drawer_dark_oak (from Cozy_home-3.0.2-1.20.1.jar), 
	cozy_home:drawer_mangrove (from Cozy_home-3.0.2-1.20.1.jar), 
	cozy_home:drawer_cherry (from Cozy_home-3.0.2-1.20.1.jar), 
	cozy_home:drawer_crimson (from Cozy_home-3.0.2-1.20.1.jar), 
	cozy_home:drawer_warped (from Cozy_home-3.0.2-1.20.1.jar), 
	cozy_home:plank_oak_0 (from Cozy_home-3.0.2-1.20.1.jar), 
	cozy_home:plank_birch_0 (from Cozy_home-3.0.2-1.20.1.jar), 
	cozy_home:plank_jungle_0 (from Cozy_home-3.0.2-1.20.1.jar), 
	cozy_home:plank_dark_oak_0 (from Cozy_home-3.0.2-1.20.1.jar), 
	cozy_home:plank_mangrove_0 (from Cozy_home-3.0.2-1.20.1.jar), 
	cozy_home:plank_cherry_0 (from Cozy_home-3.0.2-1.20.1.jar), 
	cozy_home:plank_bamboo_0 (from Cozy_home-3.0.2-1.20.1.jar), 
	cozy_home:plank_crimson_0 (from Cozy_home-3.0.2-1.20.1.jar), 
	cozy_home:plank_warped_0 (from Cozy_home-3.0.2-1.20.1.jar), 
	cozy_home:plank_spruce_0 (from Cozy_home-3.0.2-1.20.1.jar), 
	cozy_home:plank_acacia_0 (from Cozy_home-3.0.2-1.20.1.jar), 
	cozy_home:desk_oak (from Cozy_home-3.0.2-1.20.1.jar), 
	cozy_home:desk_spruce (from Cozy_home-3.0.2-1.20.1.jar), 
	cozy_home:desk_birch (from Cozy_home-3.0.2-1.20.1.jar), 
	cozy_home:desk_jungle (from Cozy_home-3.0.2-1.20.1.jar), 
	cozy_home:desk_acacia (from Cozy_home-3.0.2-1.20.1.jar), 
	cozy_home:desk_dark_oak (from Cozy_home-3.0.2-1.20.1.jar), 
	cozy_home:desk_mangrove (from Cozy_home-3.0.2-1.20.1.jar), 
	cozy_home:desk_cherry (from Cozy_home-3.0.2-1.20.1.jar), 
	cozy_home:desk_quartz (from Cozy_home-3.0.2-1.20.1.jar), 
	cozy_home:table_crimson_single (from Cozy_home-3.0.2-1.20.1.jar), 
	cozy_home:table_warped_single (from Cozy_home-3.0.2-1.20.1.jar), 
	cozy_home:tent (from Cozy_home-3.0.2-1.20.1.jar), 
	cozy_home:rug_trader_single (from Cozy_home-3.0.2-1.20.1.jar), 
	cozy_home:oak_chair_tucked (from Cozy_home-3.0.2-1.20.1.jar), 
	cozy_home:oak_mirror_top (from Cozy_home-3.0.2-1.20.1.jar), 
	cozy_home:oak_mirror_bottom (from Cozy_home-3.0.2-1.20.1.jar), 
	cozy_home:oak_mirror_middle (from Cozy_home-3.0.2-1.20.1.jar), 
	cozy_home:spruce_chair_tucked (from Cozy_home-3.0.2-1.20.1.jar), 
	cozy_home:birch_chair_tucked (from Cozy_home-3.0.2-1.20.1.jar), 
	cozy_home:jungle_chair_tucked (from Cozy_home-3.0.2-1.20.1.jar), 
	cozy_home:spruce_mirror_top (from Cozy_home-3.0.2-1.20.1.jar), 
	cozy_home:spruce_mirror_middle (from Cozy_home-3.0.2-1.20.1.jar), 
	cozy_home:spruce_mirror_bottom (from Cozy_home-3.0.2-1.20.1.jar), 
	cozy_home:birch_mirror_top (from Cozy_home-3.0.2-1.20.1.jar), 
	cozy_home:birch_mirror_middle (from Cozy_home-3.0.2-1.20.1.jar), 
	cozy_home:birch_mirror_bottom (from Cozy_home-3.0.2-1.20.1.jar), 
	cozy_home:jungle_mirror_top (from Cozy_home-3.0.2-1.20.1.jar), 
	cozy_home:jungle_mirror_middle (from Cozy_home-3.0.2-1.20.1.jar), 
	cozy_home:jungle_mirror_bottom (from Cozy_home-3.0.2-1.20.1.jar), 
	cozy_home:acacia_mirror_top (from Cozy_home-3.0.2-1.20.1.jar), 
	cozy_home:acacia_mirror_middle (from Cozy_home-3.0.2-1.20.1.jar), 
	cozy_home:acacia_mirror_bottom (from Cozy_home-3.0.2-1.20.1.jar), 
	cozy_home:dark_oak_mirror_top (from Cozy_home-3.0.2-1.20.1.jar), 
	cozy_home:dark_oak_mirror_middle (from Cozy_home-3.0.2-1.20.1.jar), 
	cozy_home:dark_oak_mirror_bottom (from Cozy_home-3.0.2-1.20.1.jar), 
	cozy_home:mangrove_mirror_top (from Cozy_home-3.0.2-1.20.1.jar), 
	cozy_home:mangrove_mirror_middle (from Cozy_home-3.0.2-1.20.1.jar), 
	cozy_home:mangrove_mirror_bottom (from Cozy_home-3.0.2-1.20.1.jar), 
	cozy_home:crimson_mirror_top (from Cozy_home-3.0.2-1.20.1.jar), 
	cozy_home:crimson_mirror_middle (from Cozy_home-3.0.2-1.20.1.jar), 
	cozy_home:crimson_mirror_bottom (from Cozy_home-3.0.2-1.20.1.jar), 
	cozy_home:warped_mirror_top (from Cozy_home-3.0.2-1.20.1.jar), 
	cozy_home:warped_mirror_middle (from Cozy_home-3.0.2-1.20.1.jar), 
	cozy_home:warped_mirror_bottom (from Cozy_home-3.0.2-1.20.1.jar), 
	cozy_home:acacia_chair_tucked (from Cozy_home-3.0.2-1.20.1.jar), 
	cozy_home:dark_oak_chair_tucked (from Cozy_home-3.0.2-1.20.1.jar), 
	cozy_home:mangrove_chair_tucked (from Cozy_home-3.0.2-1.20.1.jar), 
	cozy_home:crimson_chair_tucked (from Cozy_home-3.0.2-1.20.1.jar), 
	cozy_home:warped_chair_tucked (from Cozy_home-3.0.2-1.20.1.jar), 
	cozy_home:lamp_white_off (from Cozy_home-3.0.2-1.20.1.jar), 
	cozy_home:lamp_orange_off (from Cozy_home-3.0.2-1.20.1.jar), 
	cozy_home:lamp_magenta_off (from Cozy_home-3.0.2-1.20.1.jar), 
	cozy_home:lamp_light_blue_off (from Cozy_home-3.0.2-1.20.1.jar), 
	cozy_home:lamp_yellow_off (from Cozy_home-3.0.2-1.20.1.jar), 
	cozy_home:lamp_lime_off (from Cozy_home-3.0.2-1.20.1.jar), 
	cozy_home:lamp_pink_off (from Cozy_home-3.0.2-1.20.1.jar), 
	cozy_home:lamp_gray_off (from Cozy_home-3.0.2-1.20.1.jar), 
	cozy_home:lamp_light_gray_off (from Cozy_home-3.0.2-1.20.1.jar), 
	cozy_home:lamp_cyan_off (from Cozy_home-3.0.2-1.20.1.jar), 
	cozy_home:lamp_purple_off (from Cozy_home-3.0.2-1.20.1.jar), 
	cozy_home:lamp_blue_off (from Cozy_home-3.0.2-1.20.1.jar), 
	cozy_home:lamp_brown_off (from Cozy_home-3.0.2-1.20.1.jar), 
	cozy_home:lamp_green_off (from Cozy_home-3.0.2-1.20.1.jar), 
	cozy_home:lamp_red_off (from Cozy_home-3.0.2-1.20.1.jar), 
	cozy_home:lamp_black_off (from Cozy_home-3.0.2-1.20.1.jar), 
	cozy_home:drawer_oak_left (from Cozy_home-3.0.2-1.20.1.jar), 
	cozy_home:drawer_oak_right (from Cozy_home-3.0.2-1.20.1.jar), 
	cozy_home:drawer_oak_middle (from Cozy_home-3.0.2-1.20.1.jar), 
	cozy_home:drawer_spruce_left (from Cozy_home-3.0.2-1.20.1.jar), 
	cozy_home:drawer_spruce_middle (from Cozy_home-3.0.2-1.20.1.jar), 
	cozy_home:drawer_spruce_right (from Cozy_home-3.0.2-1.20.1.jar), 
	cozy_home:drawer_birch_left (from Cozy_home-3.0.2-1.20.1.jar), 
	cozy_home:drawer_birch_middle (from Cozy_home-3.0.2-1.20.1.jar), 
	cozy_home:drawer_birch_right (from Cozy_home-3.0.2-1.20.1.jar), 
	cozy_home:drawer_jungle_left (from Cozy_home-3.0.2-1.20.1.jar), 
	cozy_home:drawer_jungle_middle (from Cozy_home-3.0.2-1.20.1.jar), 
	cozy_home:drawer_jungle_right (from Cozy_home-3.0.2-1.20.1.jar), 
	cozy_home:drawer_acacia_left (from Cozy_home-3.0.2-1.20.1.jar), 
	cozy_home:drawer_acacia_middle (from Cozy_home-3.0.2-1.20.1.jar), 
	cozy_home:drawer_acacia_right (from Cozy_home-3.0.2-1.20.1.jar), 
	cozy_home:drawer_dark_oak_left (from Cozy_home-3.0.2-1.20.1.jar), 
	cozy_home:drawer_dark_oak_middle (from Cozy_home-3.0.2-1.20.1.jar), 
	cozy_home:drawer_dark_oak_right (from Cozy_home-3.0.2-1.20.1.jar), 
	cozy_home:drawer_mangrove_left (from Cozy_home-3.0.2-1.20.1.jar), 
	cozy_home:drawer_mangrove_middle (from Cozy_home-3.0.2-1.20.1.jar), 
	cozy_home:drawer_mangrove_right (from Cozy_home-3.0.2-1.20.1.jar), 
	cozy_home:drawer_crimson_left (from Cozy_home-3.0.2-1.20.1.jar), 
	cozy_home:drawer_crimson_middle (from Cozy_home-3.0.2-1.20.1.jar), 
	cozy_home:drawer_crimson_right (from Cozy_home-3.0.2-1.20.1.jar), 
	cozy_home:drawer_warped_left (from Cozy_home-3.0.2-1.20.1.jar), 
	cozy_home:drawer_warped_middle (from Cozy_home-3.0.2-1.20.1.jar), 
	cozy_home:drawer_warped_right (from Cozy_home-3.0.2-1.20.1.jar), 
	cozy_home:oak_planked_wall_bottom (from Cozy_home-3.0.2-1.20.1.jar), 
	cozy_home:oak_planked_wall_middle (from Cozy_home-3.0.2-1.20.1.jar), 
	cozy_home:oak_planked_wall_top (from Cozy_home-3.0.2-1.20.1.jar), 
	cozy_home:spruce_planked_wall_bottom (from Cozy_home-3.0.2-1.20.1.jar), 
	cozy_home:spruce_planked_wall_middle (from Cozy_home-3.0.2-1.20.1.jar), 
	cozy_home:spruce_planked_wall_top (from Cozy_home-3.0.2-1.20.1.jar), 
	cozy_home:birch_planked_wall_bottom (from Cozy_home-3.0.2-1.20.1.jar), 
	cozy_home:birch_planked_wall_middle (from Cozy_home-3.0.2-1.20.1.jar), 
	cozy_home:birch_planked_wall_top (from Cozy_home-3.0.2-1.20.1.jar), 
	cozy_home:acacia_planked_wall_bottom (from Cozy_home-3.0.2-1.20.1.jar), 
	cozy_home:acacia_planked_wall_middle (from Cozy_home-3.0.2-1.20.1.jar), 
	cozy_home:acacia_planked_wall_top (from Cozy_home-3.0.2-1.20.1.jar), 
	cozy_home:dark_oak_planked_wall_bottom (from Cozy_home-3.0.2-1.20.1.jar), 
	cozy_home:dark_oak_planked_wall_middle (from Cozy_home-3.0.2-1.20.1.jar), 
	cozy_home:dark_oak_planked_wall_top (from Cozy_home-3.0.2-1.20.1.jar), 
	cozy_home:jungle_planked_wall_bottom (from Cozy_home-3.0.2-1.20.1.jar), 
	cozy_home:jungle_planked_wall_middle (from Cozy_home-3.0.2-1.20.1.jar), 
	cozy_home:jungle_planked_wall_top (from Cozy_home-3.0.2-1.20.1.jar), 
	cozy_home:mangrove_planked_wall_bottom (from Cozy_home-3.0.2-1.20.1.jar), 
	cozy_home:mangrove_planked_wall_middle (from Cozy_home-3.0.2-1.20.1.jar), 
	cozy_home:mangrove_planked_wall_top (from Cozy_home-3.0.2-1.20.1.jar), 
	cozy_home:crimson_planked_wall_bottom (from Cozy_home-3.0.2-1.20.1.jar), 
	cozy_home:crimson_planked_wall_middle (from Cozy_home-3.0.2-1.20.1.jar), 
	cozy_home:crimson_planked_wall_top (from Cozy_home-3.0.2-1.20.1.jar), 
	cozy_home:warped_planked_wall_bottom (from Cozy_home-3.0.2-1.20.1.jar), 
	cozy_home:warped_planked_wall_middle (from Cozy_home-3.0.2-1.20.1.jar), 
	cozy_home:warped_planked_wall_top (from Cozy_home-3.0.2-1.20.1.jar), 
	cozy_home:tent_open (from Cozy_home-3.0.2-1.20.1.jar), 
	cozy_home:bamboo_chair_tucked (from Cozy_home-3.0.2-1.20.1.jar), 
	cozy_home:table_stump_oak_corner (from Cozy_home-3.0.2-1.20.1.jar), 
	cozy_home:table_stump_oak_double (from Cozy_home-3.0.2-1.20.1.jar), 
	cozy_home:table_stump_oak_side (from Cozy_home-3.0.2-1.20.1.jar), 
	cozy_home:table_stump_oak_straight (from Cozy_home-3.0.2-1.20.1.jar), 
	cozy_home:table_stump_oak_middle (from Cozy_home-3.0.2-1.20.1.jar), 
	cozy_home:table_stump_birch_middle (from Cozy_home-3.0.2-1.20.1.jar), 
	cozy_home:table_stump_birch_straight (from Cozy_home-3.0.2-1.20.1.jar), 
	cozy_home:table_stump_birch_side (from Cozy_home-3.0.2-1.20.1.jar), 
	cozy_home:table_stump_birch_double (from Cozy_home-3.0.2-1.20.1.jar), 
	cozy_home:table_stump_birch_corner (from Cozy_home-3.0.2-1.20.1.jar), 
	cozy_home:table_stump_acacia_middle (from Cozy_home-3.0.2-1.20.1.jar), 
	cozy_home:table_stump_acacia_straight (from Cozy_home-3.0.2-1.20.1.jar), 
	cozy_home:table_stump_acacia_side (from Cozy_home-3.0.2-1.20.1.jar), 
	cozy_home:table_stump_acacia_double (from Cozy_home-3.0.2-1.20.1.jar), 
	cozy_home:table_stump_acacia_corner (from Cozy_home-3.0.2-1.20.1.jar), 
	cozy_home:table_stump_dark_oak_middle (from Cozy_home-3.0.2-1.20.1.jar), 
	cozy_home:table_stump_dark_oak_straight (from Cozy_home-3.0.2-1.20.1.jar), 
	cozy_home:table_stump_dark_oak_side (from Cozy_home-3.0.2-1.20.1.jar), 
	cozy_home:table_stump_dark_oak_double (from Cozy_home-3.0.2-1.20.1.jar), 
	cozy_home:table_stump_dark_oak_corner (from Cozy_home-3.0.2-1.20.1.jar), 
	cozy_home:table_stump_spruce_middle (from Cozy_home-3.0.2-1.20.1.jar), 
	cozy_home:table_stump_spruce_straight (from Cozy_home-3.0.2-1.20.1.jar), 
	cozy_home:table_stump_spruce_side (from Cozy_home-3.0.2-1.20.1.jar), 
	cozy_home:table_stump_spruce_double (from Cozy_home-3.0.2-1.20.1.jar), 
	cozy_home:table_stump_spruce_corner (from Cozy_home-3.0.2-1.20.1.jar), 
	cozy_home:table_stump_jungle_middle (from Cozy_home-3.0.2-1.20.1.jar), 
	cozy_home:table_stump_jungle_straight (from Cozy_home-3.0.2-1.20.1.jar), 
	cozy_home:table_strump_jungle_side (from Cozy_home-3.0.2-1.20.1.jar), 
	cozy_home:table_stump_jungle_double (from Cozy_home-3.0.2-1.20.1.jar), 
	cozy_home:table_stump_jungle_corner (from Cozy_home-3.0.2-1.20.1.jar), 
	cozy_home:table_stump_mangrove_straight (from Cozy_home-3.0.2-1.20.1.jar), 
	cozy_home:table_stump_mangrove_side (from Cozy_home-3.0.2-1.20.1.jar), 
	cozy_home:table_stump_mangrove_double (from Cozy_home-3.0.2-1.20.1.jar), 
	cozy_home:table_stump_mangrove_corner (from Cozy_home-3.0.2-1.20.1.jar), 
	cozy_home:table_stump_mangrove_middle (from Cozy_home-3.0.2-1.20.1.jar), 
	cozy_home:table_stump_crimson_straight (from Cozy_home-3.0.2-1.20.1.jar), 
	cozy_home:table_stump_crimson_side (from Cozy_home-3.0.2-1.20.1.jar), 
	cozy_home:table_stump_crimson_double (from Cozy_home-3.0.2-1.20.1.jar), 
	cozy_home:table_stump_crimson_corner (from Cozy_home-3.0.2-1.20.1.jar), 
	cozy_home:table_stump_crimson_middle (from Cozy_home-3.0.2-1.20.1.jar), 
	cozy_home:table_stump_warped_straight (from Cozy_home-3.0.2-1.20.1.jar), 
	cozy_home:table_stump_warped_side (from Cozy_home-3.0.2-1.20.1.jar), 
	cozy_home:table_stump_warped_double (from Cozy_home-3.0.2-1.20.1.jar), 
	cozy_home:table_stump_warped_corner (from Cozy_home-3.0.2-1.20.1.jar), 
	cozy_home:table_stump_warped_middle (from Cozy_home-3.0.2-1.20.1.jar), 
	cozy_home:plank_oak_1 (from Cozy_home-3.0.2-1.20.1.jar), 
	cozy_home:plank_oak_2 (from Cozy_home-3.0.2-1.20.1.jar), 
	cozy_home:plank_oak_3 (from Cozy_home-3.0.2-1.20.1.jar), 
	cozy_home:plank_birch_1 (from Cozy_home-3.0.2-1.20.1.jar), 
	cozy_home:plank_birch_2 (from Cozy_home-3.0.2-1.20.1.jar), 
	cozy_home:plank_birch_3 (from Cozy_home-3.0.2-1.20.1.jar), 
	cozy_home:plank_jungle_1 (from Cozy_home-3.0.2-1.20.1.jar), 
	cozy_home:plank_jungle_2 (from Cozy_home-3.0.2-1.20.1.jar), 
	cozy_home:plank_jungle_3 (from Cozy_home-3.0.2-1.20.1.jar), 
	cozy_home:plank_dark_oak_1 (from Cozy_home-3.0.2-1.20.1.jar), 
	cozy_home:plank_dark_oak_2 (from Cozy_home-3.0.2-1.20.1.jar), 
	cozy_home:plank_dark_oak_3 (from Cozy_home-3.0.2-1.20.1.jar), 
	cozy_home:plank_mangrove_1 (from Cozy_home-3.0.2-1.20.1.jar), 
	cozy_home:plank_mangrove_2 (from Cozy_home-3.0.2-1.20.1.jar), 
	cozy_home:plank_mangrove_3 (from Cozy_home-3.0.2-1.20.1.jar), 
	cozy_home:plank_bamboo_1 (from Cozy_home-3.0.2-1.20.1.jar), 
	cozy_home:plank_bamboo_2 (from Cozy_home-3.0.2-1.20.1.jar), 
	cozy_home:plank_bamboo_3 (from Cozy_home-3.0.2-1.20.1.jar), 
	cozy_home:plank_crimson_1 (from Cozy_home-3.0.2-1.20.1.jar), 
	cozy_home:plank_crimson_2 (from Cozy_home-3.0.2-1.20.1.jar), 
	cozy_home:plank_crimson_3 (from Cozy_home-3.0.2-1.20.1.jar), 
	cozy_home:plank_warped_1 (from Cozy_home-3.0.2-1.20.1.jar), 
	cozy_home:plank_warped_2 (from Cozy_home-3.0.2-1.20.1.jar), 
	cozy_home:plank_warped_3 (from Cozy_home-3.0.2-1.20.1.jar), 
	cozy_home:plank_spruce_1 (from Cozy_home-3.0.2-1.20.1.jar), 
	cozy_home:plank_spruce_2 (from Cozy_home-3.0.2-1.20.1.jar), 
	cozy_home:plank_spruce_3 (from Cozy_home-3.0.2-1.20.1.jar), 
	cozy_home:plank_acacia_1 (from Cozy_home-3.0.2-1.20.1.jar), 
	cozy_home:plank_acacia_2 (from Cozy_home-3.0.2-1.20.1.jar), 
	cozy_home:plank_acacia_3 (from Cozy_home-3.0.2-1.20.1.jar), 
	cozy_home:desk_oak_left (from Cozy_home-3.0.2-1.20.1.jar), 
	cozy_home:desk_oak_right (from Cozy_home-3.0.2-1.20.1.jar), 
	cozy_home:desk_oak_middle (from Cozy_home-3.0.2-1.20.1.jar), 
	cozy_home:desk_spruce_left (from Cozy_home-3.0.2-1.20.1.jar), 
	cozy_home:desk_spruce_right (from Cozy_home-3.0.2-1.20.1.jar), 
	cozy_home:desk_spruce_middle (from Cozy_home-3.0.2-1.20.1.jar), 
	cozy_home:desk_birch_left (from Cozy_home-3.0.2-1.20.1.jar), 
	cozy_home:desk_birch_right (from Cozy_home-3.0.2-1.20.1.jar), 
	cozy_home:desk_birch_middle (from Cozy_home-3.0.2-1.20.1.jar), 
	cozy_home:desk_jungle_left (from Cozy_home-3.0.2-1.20.1.jar), 
	cozy_home:desk_jungle_right (from Cozy_home-3.0.2-1.20.1.jar), 
	cozy_home:desk_jungle_middle (from Cozy_home-3.0.2-1.20.1.jar), 
	cozy_home:desk_acacia_left (from Cozy_home-3.0.2-1.20.1.jar), 
	cozy_home:desk_acacia_right (from Cozy_home-3.0.2-1.20.1.jar), 
	cozy_home:desk_acacia_middle (from Cozy_home-3.0.2-1.20.1.jar), 
	cozy_home:desk_dark_oak_left (from Cozy_home-3.0.2-1.20.1.jar), 
	cozy_home:desk_dark_oak_right (from Cozy_home-3.0.2-1.20.1.jar), 
	cozy_home:desk_dark_oak_middle (from Cozy_home-3.0.2-1.20.1.jar), 
	cozy_home:desk_mangrove_left (from Cozy_home-3.0.2-1.20.1.jar), 
	cozy_home:desk_mangrove_right (from Cozy_home-3.0.2-1.20.1.jar), 
	cozy_home:desk_mangrove_middle (from Cozy_home-3.0.2-1.20.1.jar), 
	cozy_home:desk_crimson_left (from Cozy_home-3.0.2-1.20.1.jar), 
	cozy_home:desk_crimson_right (from Cozy_home-3.0.2-1.20.1.jar), 
	cozy_home:desk_crimson_middle (from Cozy_home-3.0.2-1.20.1.jar), 
	cozy_home:desk_warped_left (from Cozy_home-3.0.2-1.20.1.jar), 
	cozy_home:desk_warped_right (from Cozy_home-3.0.2-1.20.1.jar), 
	cozy_home:desk_warped_middle (from Cozy_home-3.0.2-1.20.1.jar), 
	cozy_home:table_oak_corner (from Cozy_home-3.0.2-1.20.1.jar), 
	cozy_home:table_oak_double (from Cozy_home-3.0.2-1.20.1.jar), 
	cozy_home:table_oak_side (from Cozy_home-3.0.2-1.20.1.jar), 
	cozy_home:table_oak_straight (from Cozy_home-3.0.2-1.20.1.jar), 
	cozy_home:table_oak_middle (from Cozy_home-3.0.2-1.20.1.jar), 
	cozy_home:table_spruce_middle (from Cozy_home-3.0.2-1.20.1.jar), 
	cozy_home:table_spruce_straight (from Cozy_home-3.0.2-1.20.1.jar), 
	cozy_home:table_spruce_side (from Cozy_home-3.0.2-1.20.1.jar), 
	cozy_home:table_spruce_double (from Cozy_home-3.0.2-1.20.1.jar), 
	cozy_home:table_spruce_corner (from Cozy_home-3.0.2-1.20.1.jar), 
	cozy_home:table_birch_middle (from Cozy_home-3.0.2-1.20.1.jar), 
	cozy_home:table_birch_straight (from Cozy_home-3.0.2-1.20.1.jar), 
	cozy_home:table_birch_side (from Cozy_home-3.0.2-1.20.1.jar), 
	cozy_home:table_birch_double (from Cozy_home-3.0.2-1.20.1.jar), 
	cozy_home:table_birch_corner (from Cozy_home-3.0.2-1.20.1.jar), 
	cozy_home:table_jungle_middle (from Cozy_home-3.0.2-1.20.1.jar), 
	cozy_home:table_jungle_straight (from Cozy_home-3.0.2-1.20.1.jar), 
	cozy_home:table_jungle_side (from Cozy_home-3.0.2-1.20.1.jar), 
	cozy_home:table_jungle_double (from Cozy_home-3.0.2-1.20.1.jar), 
	cozy_home:table_jungle_corner (from Cozy_home-3.0.2-1.20.1.jar), 
	cozy_home:quartz_mirror_top (from Cozy_home-3.0.2-1.20.1.jar), 
	cozy_home:quartz_mirror_middle (from Cozy_home-3.0.2-1.20.1.jar), 
	cozy_home:quartz_mirror_bottom (from Cozy_home-3.0.2-1.20.1.jar), 
	cozy_home:desk_quartz_left (from Cozy_home-3.0.2-1.20.1.jar), 
	cozy_home:desk_quartz_right (from Cozy_home-3.0.2-1.20.1.jar), 
	cozy_home:desk_quartz_middle (from Cozy_home-3.0.2-1.20.1.jar), 
	cozy_home:bamboo_mirror_top (from Cozy_home-3.0.2-1.20.1.jar), 
	cozy_home:bamboo_mirror_bottom (from Cozy_home-3.0.2-1.20.1.jar), 
	cozy_home:bamboo_mirror_middle (from Cozy_home-3.0.2-1.20.1.jar), 
	cozy_home:chimney_brick_long (from Cozy_home-3.0.2-1.20.1.jar), 
	cozy_home:chimney_netherbrick_long (from Cozy_home-3.0.2-1.20.1.jar), 
	cozy_home:chimney_stonebrick_long (from Cozy_home-3.0.2-1.20.1.jar), 
	cozy_home:chimney_brick_intake (from Cozy_home-3.0.2-1.20.1.jar), 
	cozy_home:chimney_stonebrick_intake (from Cozy_home-3.0.2-1.20.1.jar), 
	cozy_home:chimney_netherbrick_intake (from Cozy_home-3.0.2-1.20.1.jar), 
	cozy_home:chimney_brick_solid (from Cozy_home-3.0.2-1.20.1.jar), 
	cozy_home:chimney_stonebrick_solid (from Cozy_home-3.0.2-1.20.1.jar), 
	cozy_home:chimney_netherbrick_solid (from Cozy_home-3.0.2-1.20.1.jar), 
	cozy_home:chimney_cobblestone_long (from Cozy_home-3.0.2-1.20.1.jar), 
	cozy_home:chimney_cobblestone_intake (from Cozy_home-3.0.2-1.20.1.jar), 
	cozy_home:chimney_cobblestone_solid (from Cozy_home-3.0.2-1.20.1.jar), 
	cozy_home:counter_quartz_outer_corner_left (from Cozy_home-3.0.2-1.20.1.jar), 
	cozy_home:counter_quartz_inner_corner_left (from Cozy_home-3.0.2-1.20.1.jar), 
	cozy_home:counter_quartz_inner_corner_right (from Cozy_home-3.0.2-1.20.1.jar), 
	cozy_home:counter_quartz_outer_corner_right (from Cozy_home-3.0.2-1.20.1.jar), 
	cozy_home:rug_trader_corner (from Cozy_home-3.0.2-1.20.1.jar), 
	cozy_home:rug_trader_double (from Cozy_home-3.0.2-1.20.1.jar), 
	cozy_home:rug_trader_side (from Cozy_home-3.0.2-1.20.1.jar), 
	cozy_home:rug_trader_straight (from Cozy_home-3.0.2-1.20.1.jar), 
	cozy_home:rug_trader_middle (from Cozy_home-3.0.2-1.20.1.jar), 
	cozy_home:table_acacia_middle (from Cozy_home-3.0.2-1.20.1.jar), 
	cozy_home:table_acacia_straight (from Cozy_home-3.0.2-1.20.1.jar), 
	cozy_home:table_acacia_side (from Cozy_home-3.0.2-1.20.1.jar), 
	cozy_home:table_acacia_double (from Cozy_home-3.0.2-1.20.1.jar), 
	cozy_home:table_acacia_corner (from Cozy_home-3.0.2-1.20.1.jar), 
	cozy_home:table_bamboo_middle (from Cozy_home-3.0.2-1.20.1.jar), 
	cozy_home:table_bamboo_straight (from Cozy_home-3.0.2-1.20.1.jar), 
	cozy_home:table_bamboo_side (from Cozy_home-3.0.2-1.20.1.jar), 
	cozy_home:table_bamboo_double (from Cozy_home-3.0.2-1.20.1.jar), 
	cozy_home:table_bamboo_corner (from Cozy_home-3.0.2-1.20.1.jar), 
	cozy_home:table_dark_oak_middle (from Cozy_home-3.0.2-1.20.1.jar), 
	cozy_home:table_dark_oak_straight (from Cozy_home-3.0.2-1.20.1.jar), 
	cozy_home:table_dark_oak_side (from Cozy_home-3.0.2-1.20.1.jar), 
	cozy_home:table_dark_oak_double (from Cozy_home-3.0.2-1.20.1.jar), 
	cozy_home:table_dark_oak_corner (from Cozy_home-3.0.2-1.20.1.jar), 
	cozy_home:table_mangrove_middle (from Cozy_home-3.0.2-1.20.1.jar), 
	cozy_home:table_mangrove_straight (from Cozy_home-3.0.2-1.20.1.jar), 
	cozy_home:table_mangrove_side (from Cozy_home-3.0.2-1.20.1.jar), 
	cozy_home:table_mangrove_double (from Cozy_home-3.0.2-1.20.1.jar), 
	cozy_home:table_mangrove_corner (from Cozy_home-3.0.2-1.20.1.jar), 
	cozy_home:table_crimson_middle (from Cozy_home-3.0.2-1.20.1.jar), 
	cozy_home:table_crimson_straight (from Cozy_home-3.0.2-1.20.1.jar), 
	cozy_home:table_crimson_side (from Cozy_home-3.0.2-1.20.1.jar), 
	cozy_home:table_crimson_double (from Cozy_home-3.0.2-1.20.1.jar), 
	cozy_home:table_crimson_corner (from Cozy_home-3.0.2-1.20.1.jar), 
	cozy_home:table_warped_middle (from Cozy_home-3.0.2-1.20.1.jar), 
	cozy_home:table_warped_straight (from Cozy_home-3.0.2-1.20.1.jar), 
	cozy_home:table_warped_side (from Cozy_home-3.0.2-1.20.1.jar), 
	cozy_home:table_warped_double (from Cozy_home-3.0.2-1.20.1.jar), 
	cozy_home:table_warped_corner (from Cozy_home-3.0.2-1.20.1.jar), 
	cozy_home:cherry_chair_tucked (from Cozy_home-3.0.2-1.20.1.jar), 
	cozy_home:plank_cherry_1 (from Cozy_home-3.0.2-1.20.1.jar), 
	cozy_home:plank_cherry_2 (from Cozy_home-3.0.2-1.20.1.jar), 
	cozy_home:plank_cherry_3 (from Cozy_home-3.0.2-1.20.1.jar), 
	cozy_home:drawer_cherry_left (from Cozy_home-3.0.2-1.20.1.jar), 
	cozy_home:drawer_cherry_right (from Cozy_home-3.0.2-1.20.1.jar), 
	cozy_home:drawer_cherry_middle (from Cozy_home-3.0.2-1.20.1.jar), 
	cozy_home:desk_cherry_left (from Cozy_home-3.0.2-1.20.1.jar), 
	cozy_home:desk_cherry_right (from Cozy_home-3.0.2-1.20.1.jar), 
	cozy_home:desk_cherry_middle (from Cozy_home-3.0.2-1.20.1.jar), 
	cozy_home:cherry_mirror_top (from Cozy_home-3.0.2-1.20.1.jar), 
	cozy_home:cherry_mirror_bottom (from Cozy_home-3.0.2-1.20.1.jar), 
	cozy_home:cherry_mirror_middle (from Cozy_home-3.0.2-1.20.1.jar), 
	cozy_home:table_cherry_corner (from Cozy_home-3.0.2-1.20.1.jar), 
	cozy_home:table_cherry_double (from Cozy_home-3.0.2-1.20.1.jar), 
	cozy_home:table_cherry_side (from Cozy_home-3.0.2-1.20.1.jar), 
	cozy_home:table_cherry_straight (from Cozy_home-3.0.2-1.20.1.jar), 
	cozy_home:table_cherry_middle (from Cozy_home-3.0.2-1.20.1.jar), 
	cozy_home:table_stump_cherry_corner (from Cozy_home-3.0.2-1.20.1.jar), 
	cozy_home:table_stump_cherry_double (from Cozy_home-3.0.2-1.20.1.jar), 
	cozy_home:table_stump_cherry_side (from Cozy_home-3.0.2-1.20.1.jar), 
	cozy_home:table_stump_cherry_straight (from Cozy_home-3.0.2-1.20.1.jar), 
	cozy_home:table_stump_cherry_middle (from Cozy_home-3.0.2-1.20.1.jar), 
	cozy_home:oak_bench_left (from Cozy_home-3.0.2-1.20.1.jar), 
	cozy_home:oak_bench_middle (from Cozy_home-3.0.2-1.20.1.jar), 
	cozy_home:oak_bench_right (from Cozy_home-3.0.2-1.20.1.jar), 
	cozy_home:spruce_bench_left (from Cozy_home-3.0.2-1.20.1.jar), 
	cozy_home:spruce_bench_middle (from Cozy_home-3.0.2-1.20.1.jar), 
	cozy_home:spruce_bench_right (from Cozy_home-3.0.2-1.20.1.jar), 
	cozy_home:birch_bench_left (from Cozy_home-3.0.2-1.20.1.jar), 
	cozy_home:birch_bench_middle (from Cozy_home-3.0.2-1.20.1.jar), 
	cozy_home:birch_bench_right (from Cozy_home-3.0.2-1.20.1.jar), 
	cozy_home:jungle_bench_left (from Cozy_home-3.0.2-1.20.1.jar), 
	cozy_home:jungle_bench_middle (from Cozy_home-3.0.2-1.20.1.jar), 
	cozy_home:jungle_bench_right (from Cozy_home-3.0.2-1.20.1.jar), 
	cozy_home:acacia_bench_left (from Cozy_home-3.0.2-1.20.1.jar), 
	cozy_home:acacia_bench_middle (from Cozy_home-3.0.2-1.20.1.jar), 
	cozy_home:acacia_bench_right (from Cozy_home-3.0.2-1.20.1.jar), 
	cozy_home:bamboo_bench_left (from Cozy_home-3.0.2-1.20.1.jar), 
	cozy_home:bamboo_bench_middle (from Cozy_home-3.0.2-1.20.1.jar), 
	cozy_home:bamboo_bench_right (from Cozy_home-3.0.2-1.20.1.jar), 
	cozy_home:cherry_bench_left (from Cozy_home-3.0.2-1.20.1.jar), 
	cozy_home:cherry_bench_middle (from Cozy_home-3.0.2-1.20.1.jar), 
	cozy_home:cherry_bench_right (from Cozy_home-3.0.2-1.20.1.jar), 
	cozy_home:dark_oak_bench_left (from Cozy_home-3.0.2-1.20.1.jar), 
	cozy_home:dark_oak_bench_middle (from Cozy_home-3.0.2-1.20.1.jar), 
	cozy_home:dark_oak_bench_right (from Cozy_home-3.0.2-1.20.1.jar), 
	cozy_home:crimson_bench_left (from Cozy_home-3.0.2-1.20.1.jar), 
	cozy_home:crimson_bench_middle (from Cozy_home-3.0.2-1.20.1.jar), 
	cozy_home:crimson_bench_right (from Cozy_home-3.0.2-1.20.1.jar), 
	cozy_home:mangrove_bench_left (from Cozy_home-3.0.2-1.20.1.jar), 
	cozy_home:mangrove_bench_middle (from Cozy_home-3.0.2-1.20.1.jar), 
	cozy_home:mangrove_bench_right (from Cozy_home-3.0.2-1.20.1.jar), 
	cozy_home:quartz_bench_left (from Cozy_home-3.0.2-1.20.1.jar), 
	cozy_home:quartz_bench_middle (from Cozy_home-3.0.2-1.20.1.jar), 
	cozy_home:quartz_bench_right (from Cozy_home-3.0.2-1.20.1.jar), 
	cozy_home:warped_bench_left (from Cozy_home-3.0.2-1.20.1.jar), 
	cozy_home:warped_bench_middle (from Cozy_home-3.0.2-1.20.1.jar), 
	cozy_home:warped_bench_right (from Cozy_home-3.0.2-1.20.1.jar)
[23Apr2025 02:49:14.811] [Worker-Main-2/ERROR] [net.minecraft.tags.TagLoader/]: Couldn't load tag fabric:needs_tool_level_1 as it is missing following references: cozy_home:counter_oak (from Cozy_home-3.0.2-1.20.1.jar), 
	cozy_home:counter_oak_storage (from Cozy_home-3.0.2-1.20.1.jar), 
	cozy_home:counter_oak_sink (from Cozy_home-3.0.2-1.20.1.jar), 
	cozy_home:counter_spruce (from Cozy_home-3.0.2-1.20.1.jar), 
	cozy_home:counter_spruce_storage (from Cozy_home-3.0.2-1.20.1.jar), 
	cozy_home:counter_spruce_sink (from Cozy_home-3.0.2-1.20.1.jar), 
	cozy_home:counter_birch (from Cozy_home-3.0.2-1.20.1.jar), 
	cozy_home:counter_birch_storage (from Cozy_home-3.0.2-1.20.1.jar), 
	cozy_home:counter_birch_sink (from Cozy_home-3.0.2-1.20.1.jar), 
	cozy_home:counter_jungle (from Cozy_home-3.0.2-1.20.1.jar), 
	cozy_home:counter_jungle_storage (from Cozy_home-3.0.2-1.20.1.jar), 
	cozy_home:counter_jungle_sink (from Cozy_home-3.0.2-1.20.1.jar), 
	cozy_home:counter_acacia (from Cozy_home-3.0.2-1.20.1.jar), 
	cozy_home:counter_acacia_storage (from Cozy_home-3.0.2-1.20.1.jar), 
	cozy_home:counter_acacia_sink (from Cozy_home-3.0.2-1.20.1.jar), 
	cozy_home:counter_dark_oak (from Cozy_home-3.0.2-1.20.1.jar), 
	cozy_home:counter_dark_oak_storage (from Cozy_home-3.0.2-1.20.1.jar), 
	cozy_home:counter_dark_oak_sink (from Cozy_home-3.0.2-1.20.1.jar), 
	cozy_home:counter_mangrove (from Cozy_home-3.0.2-1.20.1.jar), 
	cozy_home:counter_mangrove_storage (from Cozy_home-3.0.2-1.20.1.jar), 
	cozy_home:counter_mangrove_sink (from Cozy_home-3.0.2-1.20.1.jar), 
	cozy_home:counter_cherry (from Cozy_home-3.0.2-1.20.1.jar), 
	cozy_home:counter_cherry_storage (from Cozy_home-3.0.2-1.20.1.jar), 
	cozy_home:counter_cherry_sink (from Cozy_home-3.0.2-1.20.1.jar), 
	cozy_home:counter_crimson (from Cozy_home-3.0.2-1.20.1.jar), 
	cozy_home:counter_crimson_storage (from Cozy_home-3.0.2-1.20.1.jar), 
	cozy_home:counter_crimson_sink (from Cozy_home-3.0.2-1.20.1.jar), 
	cozy_home:counter_warped (from Cozy_home-3.0.2-1.20.1.jar), 
	cozy_home:counter_warped_storage (from Cozy_home-3.0.2-1.20.1.jar), 
	cozy_home:counter_warped_sink (from Cozy_home-3.0.2-1.20.1.jar), 
	cozy_home:drawer_quartz (from Cozy_home-3.0.2-1.20.1.jar), 
	cozy_home:grandfather_clock_oak_bottom (from Cozy_home-3.0.2-1.20.1.jar), 
	cozy_home:grandfather_clock_spruce_bottom (from Cozy_home-3.0.2-1.20.1.jar), 
	cozy_home:grandfather_clock_birch_bottom (from Cozy_home-3.0.2-1.20.1.jar), 
	cozy_home:grandfather_clock_jungle_bottom (from Cozy_home-3.0.2-1.20.1.jar), 
	cozy_home:grandfather_clock_acacia_bottom (from Cozy_home-3.0.2-1.20.1.jar), 
	cozy_home:grandfather_clock_dark_oak_bottom (from Cozy_home-3.0.2-1.20.1.jar), 
	cozy_home:grandfather_clock_mangrove_bottom (from Cozy_home-3.0.2-1.20.1.jar), 
	cozy_home:grandfather_clock_cherry_bottom (from Cozy_home-3.0.2-1.20.1.jar), 
	cozy_home:grandfather_clock_crimson_bottom (from Cozy_home-3.0.2-1.20.1.jar), 
	cozy_home:grandfather_clock_warped_bottom (from Cozy_home-3.0.2-1.20.1.jar), 
	cozy_home:grandfather_clock_bamboo_bottom (from Cozy_home-3.0.2-1.20.1.jar), 
	cozy_home:grandfather_clock_quartz_bottom (from Cozy_home-3.0.2-1.20.1.jar), 
	cozy_home:fireplace_oak (from Cozy_home-3.0.2-1.20.1.jar), 
	cozy_home:drawer_quartz_left (from Cozy_home-3.0.2-1.20.1.jar), 
	cozy_home:drawer_quartz_middle (from Cozy_home-3.0.2-1.20.1.jar), 
	cozy_home:drawer_quartz_right (from Cozy_home-3.0.2-1.20.1.jar), 
	cozy_home:quartz_chair_tucked (from Cozy_home-3.0.2-1.20.1.jar), 
	cozy_home:grandfather_clock_oak_middle (from Cozy_home-3.0.2-1.20.1.jar), 
	cozy_home:grandfather_clock_oak_top (from Cozy_home-3.0.2-1.20.1.jar), 
	cozy_home:grandfather_clock_spruce_middle (from Cozy_home-3.0.2-1.20.1.jar), 
	cozy_home:grandfather_clock_spruce_top (from Cozy_home-3.0.2-1.20.1.jar), 
	cozy_home:grandfather_clock_birch_middle (from Cozy_home-3.0.2-1.20.1.jar), 
	cozy_home:grandfather_clock_birch_top (from Cozy_home-3.0.2-1.20.1.jar), 
	cozy_home:grandfather_clock_jungle_middle (from Cozy_home-3.0.2-1.20.1.jar), 
	cozy_home:grandfather_clock_jungle_top (from Cozy_home-3.0.2-1.20.1.jar), 
	cozy_home:grandfather_clock_acacia_middle (from Cozy_home-3.0.2-1.20.1.jar), 
	cozy_home:grandfather_clock_acacia_top (from Cozy_home-3.0.2-1.20.1.jar), 
	cozy_home:grandfather_clock_dark_oak_middle (from Cozy_home-3.0.2-1.20.1.jar), 
	cozy_home:grandfather_clock_dark_oak_top (from Cozy_home-3.0.2-1.20.1.jar), 
	cozy_home:grandfather_clock_mangrove_middle (from Cozy_home-3.0.2-1.20.1.jar), 
	cozy_home:grandfather_clock_mangrove_top (from Cozy_home-3.0.2-1.20.1.jar), 
	cozy_home:grandfather_clock_crimson_middle (from Cozy_home-3.0.2-1.20.1.jar), 
	cozy_home:grandfather_clock_crimson_top (from Cozy_home-3.0.2-1.20.1.jar), 
	cozy_home:grandfather_clock_warped_middle (from Cozy_home-3.0.2-1.20.1.jar), 
	cozy_home:grandfather_clock_warped_top (from Cozy_home-3.0.2-1.20.1.jar), 
	cozy_home:grandfather_clock_bamboo_middle (from Cozy_home-3.0.2-1.20.1.jar), 
	cozy_home:grandfather_clock_bamboo_top (from Cozy_home-3.0.2-1.20.1.jar), 
	cozy_home:grandfather_clock_quartz_middle (from Cozy_home-3.0.2-1.20.1.jar), 
	cozy_home:grandfather_clock_quartz_top (from Cozy_home-3.0.2-1.20.1.jar), 
	cozy_home:counter_oak_outer_corner_left (from Cozy_home-3.0.2-1.20.1.jar), 
	cozy_home:counter_oak_outer_corner_right (from Cozy_home-3.0.2-1.20.1.jar), 
	cozy_home:counter_oak_inner_corner_left (from Cozy_home-3.0.2-1.20.1.jar), 
	cozy_home:counter_oak_inner_corner_right (from Cozy_home-3.0.2-1.20.1.jar), 
	cozy_home:counter_spruce_outer_corner_left (from Cozy_home-3.0.2-1.20.1.jar), 
	cozy_home:counter_spruce_outer_corner_right (from Cozy_home-3.0.2-1.20.1.jar), 
	cozy_home:counter_spruce_inner_corner_left (from Cozy_home-3.0.2-1.20.1.jar), 
	cozy_home:counter_spruce_inner_corner_right (from Cozy_home-3.0.2-1.20.1.jar), 
	cozy_home:counter_birch_outer_corner_left (from Cozy_home-3.0.2-1.20.1.jar), 
	cozy_home:counter_birch_inner_corner_left (from Cozy_home-3.0.2-1.20.1.jar), 
	cozy_home:counter_birch_inner_corner_right (from Cozy_home-3.0.2-1.20.1.jar), 
	cozy_home:counter_jungle_outer_corner_left (from Cozy_home-3.0.2-1.20.1.jar), 
	cozy_home:counter_jungle_inner_corner_left (from Cozy_home-3.0.2-1.20.1.jar), 
	cozy_home:counter_jungle_inner_corner_right (from Cozy_home-3.0.2-1.20.1.jar), 
	cozy_home:counter_birch_outer_corner_right (from Cozy_home-3.0.2-1.20.1.jar), 
	cozy_home:counter_jungle_outer_corner_right (from Cozy_home-3.0.2-1.20.1.jar), 
	cozy_home:counter_acacia_outer_corner_left (from Cozy_home-3.0.2-1.20.1.jar), 
	cozy_home:counter_acacia_inner_corner_left (from Cozy_home-3.0.2-1.20.1.jar), 
	cozy_home:counter_acacia_inner_corner_right (from Cozy_home-3.0.2-1.20.1.jar), 
	cozy_home:counter_acacia_outer_corner_right (from Cozy_home-3.0.2-1.20.1.jar), 
	cozy_home:counter_dark_oak_outer_corner_left (from Cozy_home-3.0.2-1.20.1.jar), 
	cozy_home:counter_dark_oak_inner_corner_left (from Cozy_home-3.0.2-1.20.1.jar), 
	cozy_home:counter_dark_oak_inner_corner_right (from Cozy_home-3.0.2-1.20.1.jar), 
	cozy_home:counter_dark_oak_outer_corner_right (from Cozy_home-3.0.2-1.20.1.jar), 
	cozy_home:counter_mangrove_outer_corner_left (from Cozy_home-3.0.2-1.20.1.jar), 
	cozy_home:counter_mangrove_inner_corner_left (from Cozy_home-3.0.2-1.20.1.jar), 
	cozy_home:counter_mangrove_inner_corner_right (from Cozy_home-3.0.2-1.20.1.jar), 
	cozy_home:counter_mangrove_outer_corner_right (from Cozy_home-3.0.2-1.20.1.jar), 
	cozy_home:counter_crimson_outer_corner_left (from Cozy_home-3.0.2-1.20.1.jar), 
	cozy_home:counter_crimson_inner_corner_left (from Cozy_home-3.0.2-1.20.1.jar), 
	cozy_home:counter_crimson_inner_corner_right (from Cozy_home-3.0.2-1.20.1.jar), 
	cozy_home:counter_crimson_outer_corner_right (from Cozy_home-3.0.2-1.20.1.jar), 
	cozy_home:counter_warped_outer_corner_left (from Cozy_home-3.0.2-1.20.1.jar), 
	cozy_home:counter_warped_inner_corner_left (from Cozy_home-3.0.2-1.20.1.jar), 
	cozy_home:counter_warped_inner_corner_right (from Cozy_home-3.0.2-1.20.1.jar), 
	cozy_home:counter_warped_outer_corner_right (from Cozy_home-3.0.2-1.20.1.jar), 
	cozy_home:counter_cherry_outer_corner_left (from Cozy_home-3.0.2-1.20.1.jar), 
	cozy_home:counter_cherry_outer_corner_right (from Cozy_home-3.0.2-1.20.1.jar), 
	cozy_home:counter_cherry_inner_corner_left (from Cozy_home-3.0.2-1.20.1.jar), 
	cozy_home:counter_cherry_corner_right (from Cozy_home-3.0.2-1.20.1.jar), 
	cozy_home:grandfather_clock_cherry_middle (from Cozy_home-3.0.2-1.20.1.jar), 
	cozy_home:grandfather_clock_cherry_top (from Cozy_home-3.0.2-1.20.1.jar), 
	cozy_home:fireplace_oak_horizontal_left (from Cozy_home-3.0.2-1.20.1.jar), 
	cozy_home:fireplace_oak_horizontal_middle (from Cozy_home-3.0.2-1.20.1.jar), 
	cozy_home:fireplace_oak_horizontal_right (from Cozy_home-3.0.2-1.20.1.jar), 
	cozy_home:fireplace_oak_vertical_bottom (from Cozy_home-3.0.2-1.20.1.jar), 
	cozy_home:fireplace_oak_vertical_middle (from Cozy_home-3.0.2-1.20.1.jar), 
	cozy_home:fireplace_oak_vertical_top (from Cozy_home-3.0.2-1.20.1.jar), 
	cozy_home:fireplace_oak_top_left (from Cozy_home-3.0.2-1.20.1.jar), 
	cozy_home:fireplace_oak_top_middle (from Cozy_home-3.0.2-1.20.1.jar), 
	cozy_home:fireplace_oak_top_right (from Cozy_home-3.0.2-1.20.1.jar), 
	cozy_home:fireplace_oak_middle_left (from Cozy_home-3.0.2-1.20.1.jar), 
	cozy_home:fireplace_oak_middle_right (from Cozy_home-3.0.2-1.20.1.jar), 
	cozy_home:fireplace_oak_bottom_left (from Cozy_home-3.0.2-1.20.1.jar), 
	cozy_home:fireplace_oak_bottom_middle (from Cozy_home-3.0.2-1.20.1.jar), 
	cozy_home:fireplace_oak_bottom_right (from Cozy_home-3.0.2-1.20.1.jar)
[23Apr2025 02:49:14.812] [Worker-Main-2/ERROR] [net.minecraft.tags.TagLoader/]: Couldn't load tag forge:storage_blocks as it is missing following references: #forge:ores/steel (from epicpaladins-0.1.1-1.20.1-forge.jar)
[23Apr2025 02:49:14.812] [Worker-Main-2/ERROR] [net.minecraft.tags.TagLoader/]: Couldn't load tag farlanders:classic_enderman_holdable as it is missing following references: #forge:storage_blocks (from farlanders-1.20.1-1.4.1.jar)
[23Apr2025 02:49:14.819] [Worker-Main-2/ERROR] [net.minecraft.tags.TagLoader/]: Couldn't load tag cavernous:everything_but_water as it is missing following references: minecraft:short_grass (from Fantactic Biomes Cave 2.1.2 1.20+1.20.4-for+fab.jar)
[23Apr2025 02:49:14.820] [Worker-Main-2/ERROR] [net.minecraft.tags.TagLoader/]: Couldn't load tag cavernous:can_teleport_through as it is missing following references: minecraft:short_grass (from Fantactic Biomes Cave 2.1.2 1.20+1.20.4-for+fab.jar)
[23Apr2025 02:49:14.837] [Worker-Main-2/ERROR] [net.minecraft.tags.TagLoader/]: Couldn't load tag cavernous:everything_but_lava as it is missing following references: minecraft:short_grass (from Fantactic Biomes Cave 2.1.2 1.20+1.20.4-for+fab.jar)
[23Apr2025 02:49:14.838] [Worker-Main-2/ERROR] [net.minecraft.tags.TagLoader/]: Couldn't load tag cavernous:torch_replaceable as it is missing following references: minecraft:short_grass (from Fantactic Biomes Cave 2.1.2 1.20+1.20.4-for+fab.jar)
[23Apr2025 02:49:15.025] [Worker-Main-1/ERROR] [net.minecraft.Util/]: Invalid path in pack: epiceldenring:functions/getkathat2 copy.mcfunction, ignoring
[23Apr2025 02:49:15.025] [Worker-Main-1/ERROR] [net.minecraft.Util/]: Invalid path in pack: epiceldenring:functions/Circle.mcfunction, ignoring
[23Apr2025 02:49:16.307] [Worker-Main-3/INFO] [epicfight/]: Register animations from epicfight
[23Apr2025 02:49:16.651] [Worker-Main-2/ERROR] [net.minecraftforge.common.ForgeHooks/]: Couldn't parse element loot_tables:simplyswords:grant_book_on_first_join
com.google.gson.JsonSyntaxException: Expected name to be an item, was unknown string 'patchouli:guide_book'
	at net.minecraft.util.GsonHelper.m_13866_(GsonHelper.java:145) ~[server-1.20.1-20230612.114412-srg.jar%23467!/:?]
	at java.util.Optional.orElseThrow(Optional.java:403) ~[?:?]
	at net.minecraft.util.GsonHelper.m_13874_(GsonHelper.java:145) ~[server-1.20.1-20230612.114412-srg.jar%23467!/:?]
	at net.minecraft.util.GsonHelper.m_13909_(GsonHelper.java:153) ~[server-1.20.1-20230612.114412-srg.jar%23467!/:?]
	at net.minecraft.world.level.storage.loot.entries.LootItem$Serializer.m_7267_(LootItem.java:55) ~[server-1.20.1-20230612.114412-srg.jar%23467!/:?]
	at net.minecraft.world.level.storage.loot.entries.LootItem$Serializer.m_7267_(LootItem.java:40) ~[server-1.20.1-20230612.114412-srg.jar%23467!/:?]
	at net.minecraft.world.level.storage.loot.entries.LootPoolSingletonContainer$Serializer.m_5921_(LootPoolSingletonContainer.java:151) ~[server-1.20.1-20230612.114412-srg.jar%23467!/:?]
	at net.minecraft.world.level.storage.loot.entries.LootPoolSingletonContainer$Serializer.m_5921_(LootPoolSingletonContainer.java:129) ~[server-1.20.1-20230612.114412-srg.jar%23467!/:?]
	at net.minecraft.world.level.storage.loot.entries.LootPoolEntryContainer$Serializer.m_7561_(LootPoolEntryContainer.java:86) ~[server-1.20.1-20230612.114412-srg.jar%23467!/:?]
	at net.minecraft.world.level.storage.loot.entries.LootPoolEntryContainer$Serializer.m_7561_(LootPoolEntryContainer.java:74) ~[server-1.20.1-20230612.114412-srg.jar%23467!/:?]
	at net.minecraft.world.level.storage.loot.GsonAdapterFactory$JsonAdapter.deserialize(GsonAdapterFactory.java:102) ~[server-1.20.1-20230612.114412-srg.jar%23467!/:?]
	at com.google.gson.internal.bind.TreeTypeAdapter.read(TreeTypeAdapter.java:76) ~[gson-2.10.jar%2372!/:?]
	at com.google.gson.internal.bind.TypeAdapterRuntimeTypeWrapper.read(TypeAdapterRuntimeTypeWrapper.java:40) ~[gson-2.10.jar%2372!/:?]
	at com.google.gson.internal.bind.ArrayTypeAdapter.read(ArrayTypeAdapter.java:72) ~[gson-2.10.jar%2372!/:?]
	at com.google.gson.Gson.fromJson(Gson.java:1214) ~[gson-2.10.jar%2372!/:?]
	at com.google.gson.Gson.fromJson(Gson.java:1319) ~[gson-2.10.jar%2372!/:?]
	at com.google.gson.Gson.fromJson(Gson.java:1290) ~[gson-2.10.jar%2372!/:?]
	at com.google.gson.internal.bind.TreeTypeAdapter$GsonContextImpl.deserialize(TreeTypeAdapter.java:179) ~[gson-2.10.jar%2372!/:?]
	at net.minecraft.util.GsonHelper.m_13808_(GsonHelper.java:463) ~[server-1.20.1-20230612.114412-srg.jar%23467!/:?]
	at net.minecraft.util.GsonHelper.m_13836_(GsonHelper.java:471) ~[server-1.20.1-20230612.114412-srg.jar%23467!/:?]
	at net.minecraft.world.level.storage.loot.LootPool$Serializer.deserialize(LootPool.java:192) ~[server-1.20.1-20230612.114412-srg.jar%23467!/:?]
	at net.minecraft.world.level.storage.loot.LootPool$Serializer.deserialize(LootPool.java:189) ~[server-1.20.1-20230612.114412-srg.jar%23467!/:?]
	at com.google.gson.internal.bind.TreeTypeAdapter.read(TreeTypeAdapter.java:76) ~[gson-2.10.jar%2372!/:?]
	at com.google.gson.internal.bind.TypeAdapterRuntimeTypeWrapper.read(TypeAdapterRuntimeTypeWrapper.java:40) ~[gson-2.10.jar%2372!/:?]
	at com.google.gson.internal.bind.ArrayTypeAdapter.read(ArrayTypeAdapter.java:72) ~[gson-2.10.jar%2372!/:?]
	at com.google.gson.Gson.fromJson(Gson.java:1214) ~[gson-2.10.jar%2372!/:?]
	at com.google.gson.Gson.fromJson(Gson.java:1319) ~[gson-2.10.jar%2372!/:?]
	at com.google.gson.Gson.fromJson(Gson.java:1290) ~[gson-2.10.jar%2372!/:?]
	at com.google.gson.internal.bind.TreeTypeAdapter$GsonContextImpl.deserialize(TreeTypeAdapter.java:179) ~[gson-2.10.jar%2372!/:?]
	at net.minecraft.util.GsonHelper.m_13808_(GsonHelper.java:463) ~[server-1.20.1-20230612.114412-srg.jar%23467!/:?]
	at net.minecraft.util.GsonHelper.m_13845_(GsonHelper.java:481) ~[server-1.20.1-20230612.114412-srg.jar%23467!/:?]
	at net.minecraft.world.level.storage.loot.LootTable$Serializer.deserialize(LootTable.java:294) ~[server-1.20.1-20230612.114412-srg.jar%23467!/:?]
	at net.minecraft.world.level.storage.loot.LootTable$Serializer.deserialize(LootTable.java:291) ~[server-1.20.1-20230612.114412-srg.jar%23467!/:?]
	at com.google.gson.internal.bind.TreeTypeAdapter.read(TreeTypeAdapter.java:76) ~[gson-2.10.jar%2372!/:?]
	at com.google.gson.Gson.fromJson(Gson.java:1214) ~[gson-2.10.jar%2372!/:?]
	at com.google.gson.Gson.fromJson(Gson.java:1319) ~[gson-2.10.jar%2372!/:?]
	at com.google.gson.Gson.fromJson(Gson.java:1261) ~[gson-2.10.jar%2372!/:?]
	at net.minecraftforge.common.ForgeHooks.loadLootTable(ForgeHooks.java:871) ~[forge-1.20.1-47.3.7-universal.jar%23472!/:?]
	at net.minecraftforge.common.ForgeHooks.lambda$getLootTableDeserializer$3(ForgeHooks.java:848) ~[forge-1.20.1-47.3.7-universal.jar%23472!/:?]
	at net.minecraft.world.level.storage.loot.LootDataType.deserialize(LootDataType.java:45) ~[server-1.20.1-20230612.114412-srg.jar%23467!/:?]
	at net.minecraft.world.level.storage.loot.LootDataManager.lambda$scheduleElementParse$4(LootDataManager.java:56) ~[server-1.20.1-20230612.114412-srg.jar%23467!/:?]
	at java.util.HashMap.forEach(HashMap.java:1421) ~[?:?]
	at net.minecraft.world.level.storage.loot.LootDataManager.m_278660_(LootDataManager.java:55) ~[server-1.20.1-20230612.114412-srg.jar%23467!/:?]
	at java.util.concurrent.CompletableFuture$AsyncRun.run(CompletableFuture.java:1804) ~[?:?]
	at java.util.concurrent.CompletableFuture$AsyncRun.exec(CompletableFuture.java:1796) ~[?:?]
	at java.util.concurrent.ForkJoinTask.doExec(ForkJoinTask.java:373) ~[?:?]
	at java.util.concurrent.ForkJoinPool$WorkQueue.topLevelExec(ForkJoinPool.java:1182) ~[?:?]
	at java.util.concurrent.ForkJoinPool.scan(ForkJoinPool.java:1655) ~[?:?]
	at java.util.concurrent.ForkJoinPool.runWorker(ForkJoinPool.java:1622) ~[?:?]
	at java.util.concurrent.ForkJoinWorkerThread.run(ForkJoinWorkerThread.java:165) ~[?:?]
[23Apr2025 02:49:17.033] [Worker-Main-3/INFO] [epicfight/]: Register animations from falchionmoveset
[23Apr2025 02:49:17.063] [Worker-Main-3/INFO] [epicfight/]: Register animations from wom
[23Apr2025 02:49:17.730] [Worker-Main-1/ERROR] [net.minecraft.server.packs.resources.SimpleJsonResourceReloadListener/]: Couldn't parse data file l2weaponry:weapons/cloggrum_battle_axe from l2weaponry:capabilities/weapons/cloggrum_battle_axe.json
com.google.gson.JsonParseException: java.io.EOFException: End of input at line 1 column 1 path $
	at net.minecraft.util.GsonHelper.m_13780_(GsonHelper.java:526) ~[server-1.20.1-20230612.114412-srg.jar%23467!/:?]
	at net.minecraft.util.GsonHelper.m_263475_(GsonHelper.java:531) ~[server-1.20.1-20230612.114412-srg.jar%23467!/:?]
	at net.minecraft.util.GsonHelper.m_13776_(GsonHelper.java:581) ~[server-1.20.1-20230612.114412-srg.jar%23467!/:?]
	at net.minecraft.server.packs.resources.SimpleJsonResourceReloadListener.m_278771_(SimpleJsonResourceReloadListener.java:41) ~[server-1.20.1-20230612.114412-srg.jar%23467!/:?]
	at net.minecraft.server.packs.resources.SimpleJsonResourceReloadListener.m_5944_(SimpleJsonResourceReloadListener.java:29) ~[server-1.20.1-20230612.114412-srg.jar%23467!/:?]
	at yesman.epicfight.api.data.reloader.ItemCapabilityReloadListener.m_5944_(ItemCapabilityReloadListener.java:63) ~[epicfight-forge-20.9.7-1.20.1.jar%23340!/:20.9.7]
	at yesman.epicfight.api.data.reloader.ItemCapabilityReloadListener.m_5944_(ItemCapabilityReloadListener.java:48) ~[epicfight-forge-20.9.7-1.20.1.jar%23340!/:20.9.7]
	at net.minecraft.server.packs.resources.SimplePreparableReloadListener.m_10786_(SimplePreparableReloadListener.java:11) ~[server-1.20.1-20230612.114412-srg.jar%23467!/:?]
	at java.util.concurrent.CompletableFuture$AsyncSupply.run(CompletableFuture.java:1768) ~[?:?]
	at java.util.concurrent.CompletableFuture$AsyncSupply.exec(CompletableFuture.java:1760) ~[?:?]
	at java.util.concurrent.ForkJoinTask.doExec(ForkJoinTask.java:373) ~[?:?]
	at java.util.concurrent.ForkJoinPool$WorkQueue.topLevelExec(ForkJoinPool.java:1182) ~[?:?]
	at java.util.concurrent.ForkJoinPool.scan(ForkJoinPool.java:1655) ~[?:?]
	at java.util.concurrent.ForkJoinPool.runWorker(ForkJoinPool.java:1622) ~[?:?]
	at java.util.concurrent.ForkJoinWorkerThread.run(ForkJoinWorkerThread.java:165) ~[?:?]
Caused by: java.io.EOFException: End of input at line 1 column 1 path $
	at com.google.gson.stream.JsonReader.nextNonWhitespace(JsonReader.java:1455) ~[gson-2.10.jar%2372!/:?]
	at com.google.gson.stream.JsonReader.doPeek(JsonReader.java:558) ~[gson-2.10.jar%2372!/:?]
	at com.google.gson.stream.JsonReader.peek(JsonReader.java:433) ~[gson-2.10.jar%2372!/:?]
	at com.google.gson.internal.bind.TypeAdapters$28.read(TypeAdapters.java:769) ~[gson-2.10.jar%2372!/:?]
	at com.google.gson.internal.bind.TypeAdapters$28.read(TypeAdapters.java:725) ~[gson-2.10.jar%2372!/:?]
	at com.google.gson.internal.bind.TypeAdapters$34$1.read(TypeAdapters.java:1007) ~[gson-2.10.jar%2372!/:?]
	at net.minecraft.util.GsonHelper.m_13780_(GsonHelper.java:524) ~[server-1.20.1-20230612.114412-srg.jar%23467!/:?]
	... 14 more
[23Apr2025 02:49:17.734] [Worker-Main-1/ERROR] [net.minecraft.server.packs.resources.SimpleJsonResourceReloadListener/]: Couldn't parse data file l2weaponry:weapons/cloggrum_dagger from l2weaponry:capabilities/weapons/cloggrum_dagger.json
com.google.gson.JsonParseException: java.io.EOFException: End of input at line 1 column 1 path $
	at net.minecraft.util.GsonHelper.m_13780_(GsonHelper.java:526) ~[server-1.20.1-20230612.114412-srg.jar%23467!/:?]
	at net.minecraft.util.GsonHelper.m_263475_(GsonHelper.java:531) ~[server-1.20.1-20230612.114412-srg.jar%23467!/:?]
	at net.minecraft.util.GsonHelper.m_13776_(GsonHelper.java:581) ~[server-1.20.1-20230612.114412-srg.jar%23467!/:?]
	at net.minecraft.server.packs.resources.SimpleJsonResourceReloadListener.m_278771_(SimpleJsonResourceReloadListener.java:41) ~[server-1.20.1-20230612.114412-srg.jar%23467!/:?]
	at net.minecraft.server.packs.resources.SimpleJsonResourceReloadListener.m_5944_(SimpleJsonResourceReloadListener.java:29) ~[server-1.20.1-20230612.114412-srg.jar%23467!/:?]
	at yesman.epicfight.api.data.reloader.ItemCapabilityReloadListener.m_5944_(ItemCapabilityReloadListener.java:63) ~[epicfight-forge-20.9.7-1.20.1.jar%23340!/:20.9.7]
	at yesman.epicfight.api.data.reloader.ItemCapabilityReloadListener.m_5944_(ItemCapabilityReloadListener.java:48) ~[epicfight-forge-20.9.7-1.20.1.jar%23340!/:20.9.7]
	at net.minecraft.server.packs.resources.SimplePreparableReloadListener.m_10786_(SimplePreparableReloadListener.java:11) ~[server-1.20.1-20230612.114412-srg.jar%23467!/:?]
	at java.util.concurrent.CompletableFuture$AsyncSupply.run(CompletableFuture.java:1768) ~[?:?]
	at java.util.concurrent.CompletableFuture$AsyncSupply.exec(CompletableFuture.java:1760) ~[?:?]
	at java.util.concurrent.ForkJoinTask.doExec(ForkJoinTask.java:373) ~[?:?]
	at java.util.concurrent.ForkJoinPool$WorkQueue.topLevelExec(ForkJoinPool.java:1182) ~[?:?]
	at java.util.concurrent.ForkJoinPool.scan(ForkJoinPool.java:1655) ~[?:?]
	at java.util.concurrent.ForkJoinPool.runWorker(ForkJoinPool.java:1622) ~[?:?]
	at java.util.concurrent.ForkJoinWorkerThread.run(ForkJoinWorkerThread.java:165) ~[?:?]
Caused by: java.io.EOFException: End of input at line 1 column 1 path $
	at com.google.gson.stream.JsonReader.nextNonWhitespace(JsonReader.java:1455) ~[gson-2.10.jar%2372!/:?]
	at com.google.gson.stream.JsonReader.doPeek(JsonReader.java:558) ~[gson-2.10.jar%2372!/:?]
	at com.google.gson.stream.JsonReader.peek(JsonReader.java:433) ~[gson-2.10.jar%2372!/:?]
	at com.google.gson.internal.bind.TypeAdapters$28.read(TypeAdapters.java:769) ~[gson-2.10.jar%2372!/:?]
	at com.google.gson.internal.bind.TypeAdapters$28.read(TypeAdapters.java:725) ~[gson-2.10.jar%2372!/:?]
	at com.google.gson.internal.bind.TypeAdapters$34$1.read(TypeAdapters.java:1007) ~[gson-2.10.jar%2372!/:?]
	at net.minecraft.util.GsonHelper.m_13780_(GsonHelper.java:524) ~[server-1.20.1-20230612.114412-srg.jar%23467!/:?]
	... 14 more
[23Apr2025 02:49:17.735] [Worker-Main-1/ERROR] [net.minecraft.server.packs.resources.SimpleJsonResourceReloadListener/]: Couldn't parse data file l2weaponry:weapons/cloggrum_hammer from l2weaponry:capabilities/weapons/cloggrum_hammer.json
com.google.gson.JsonParseException: java.io.EOFException: End of input at line 1 column 1 path $
	at net.minecraft.util.GsonHelper.m_13780_(GsonHelper.java:526) ~[server-1.20.1-20230612.114412-srg.jar%23467!/:?]
	at net.minecraft.util.GsonHelper.m_263475_(GsonHelper.java:531) ~[server-1.20.1-20230612.114412-srg.jar%23467!/:?]
	at net.minecraft.util.GsonHelper.m_13776_(GsonHelper.java:581) ~[server-1.20.1-20230612.114412-srg.jar%23467!/:?]
	at net.minecraft.server.packs.resources.SimpleJsonResourceReloadListener.m_278771_(SimpleJsonResourceReloadListener.java:41) ~[server-1.20.1-20230612.114412-srg.jar%23467!/:?]
	at net.minecraft.server.packs.resources.SimpleJsonResourceReloadListener.m_5944_(SimpleJsonResourceReloadListener.java:29) ~[server-1.20.1-20230612.114412-srg.jar%23467!/:?]
	at yesman.epicfight.api.data.reloader.ItemCapabilityReloadListener.m_5944_(ItemCapabilityReloadListener.java:63) ~[epicfight-forge-20.9.7-1.20.1.jar%23340!/:20.9.7]
	at yesman.epicfight.api.data.reloader.ItemCapabilityReloadListener.m_5944_(ItemCapabilityReloadListener.java:48) ~[epicfight-forge-20.9.7-1.20.1.jar%23340!/:20.9.7]
	at net.minecraft.server.packs.resources.SimplePreparableReloadListener.m_10786_(SimplePreparableReloadListener.java:11) ~[server-1.20.1-20230612.114412-srg.jar%23467!/:?]
	at java.util.concurrent.CompletableFuture$AsyncSupply.run(CompletableFuture.java:1768) ~[?:?]
	at java.util.concurrent.CompletableFuture$AsyncSupply.exec(CompletableFuture.java:1760) ~[?:?]
	at java.util.concurrent.ForkJoinTask.doExec(ForkJoinTask.java:373) ~[?:?]
	at java.util.concurrent.ForkJoinPool$WorkQueue.topLevelExec(ForkJoinPool.java:1182) ~[?:?]
	at java.util.concurrent.ForkJoinPool.scan(ForkJoinPool.java:1655) ~[?:?]
	at java.util.concurrent.ForkJoinPool.runWorker(ForkJoinPool.java:1622) ~[?:?]
	at java.util.concurrent.ForkJoinWorkerThread.run(ForkJoinWorkerThread.java:165) ~[?:?]
Caused by: java.io.EOFException: End of input at line 1 column 1 path $
	at com.google.gson.stream.JsonReader.nextNonWhitespace(JsonReader.java:1455) ~[gson-2.10.jar%2372!/:?]
	at com.google.gson.stream.JsonReader.doPeek(JsonReader.java:558) ~[gson-2.10.jar%2372!/:?]
	at com.google.gson.stream.JsonReader.peek(JsonReader.java:433) ~[gson-2.10.jar%2372!/:?]
	at com.google.gson.internal.bind.TypeAdapters$28.read(TypeAdapters.java:769) ~[gson-2.10.jar%2372!/:?]
	at com.google.gson.internal.bind.TypeAdapters$28.read(TypeAdapters.java:725) ~[gson-2.10.jar%2372!/:?]
	at com.google.gson.internal.bind.TypeAdapters$34$1.read(TypeAdapters.java:1007) ~[gson-2.10.jar%2372!/:?]
	at net.minecraft.util.GsonHelper.m_13780_(GsonHelper.java:524) ~[server-1.20.1-20230612.114412-srg.jar%23467!/:?]
	... 14 more
[23Apr2025 02:49:17.738] [Worker-Main-1/ERROR] [net.minecraft.server.packs.resources.SimpleJsonResourceReloadListener/]: Couldn't parse data file l2weaponry:weapons/cloggrum_javelin from l2weaponry:capabilities/weapons/cloggrum_javelin.json
com.google.gson.JsonParseException: java.io.EOFException: End of input at line 1 column 1 path $
	at net.minecraft.util.GsonHelper.m_13780_(GsonHelper.java:526) ~[server-1.20.1-20230612.114412-srg.jar%23467!/:?]
	at net.minecraft.util.GsonHelper.m_263475_(GsonHelper.java:531) ~[server-1.20.1-20230612.114412-srg.jar%23467!/:?]
	at net.minecraft.util.GsonHelper.m_13776_(GsonHelper.java:581) ~[server-1.20.1-20230612.114412-srg.jar%23467!/:?]
	at net.minecraft.server.packs.resources.SimpleJsonResourceReloadListener.m_278771_(SimpleJsonResourceReloadListener.java:41) ~[server-1.20.1-20230612.114412-srg.jar%23467!/:?]
	at net.minecraft.server.packs.resources.SimpleJsonResourceReloadListener.m_5944_(SimpleJsonResourceReloadListener.java:29) ~[server-1.20.1-20230612.114412-srg.jar%23467!/:?]
	at yesman.epicfight.api.data.reloader.ItemCapabilityReloadListener.m_5944_(ItemCapabilityReloadListener.java:63) ~[epicfight-forge-20.9.7-1.20.1.jar%23340!/:20.9.7]
	at yesman.epicfight.api.data.reloader.ItemCapabilityReloadListener.m_5944_(ItemCapabilityReloadListener.java:48) ~[epicfight-forge-20.9.7-1.20.1.jar%23340!/:20.9.7]
	at net.minecraft.server.packs.resources.SimplePreparableReloadListener.m_10786_(SimplePreparableReloadListener.java:11) ~[server-1.20.1-20230612.114412-srg.jar%23467!/:?]
	at java.util.concurrent.CompletableFuture$AsyncSupply.run(CompletableFuture.java:1768) ~[?:?]
	at java.util.concurrent.CompletableFuture$AsyncSupply.exec(CompletableFuture.java:1760) ~[?:?]
	at java.util.concurrent.ForkJoinTask.doExec(ForkJoinTask.java:373) ~[?:?]
	at java.util.concurrent.ForkJoinPool$WorkQueue.topLevelExec(ForkJoinPool.java:1182) ~[?:?]
	at java.util.concurrent.ForkJoinPool.scan(ForkJoinPool.java:1655) ~[?:?]
	at java.util.concurrent.ForkJoinPool.runWorker(ForkJoinPool.java:1622) ~[?:?]
	at java.util.concurrent.ForkJoinWorkerThread.run(ForkJoinWorkerThread.java:165) ~[?:?]
Caused by: java.io.EOFException: End of input at line 1 column 1 path $
	at com.google.gson.stream.JsonReader.nextNonWhitespace(JsonReader.java:1455) ~[gson-2.10.jar%2372!/:?]
	at com.google.gson.stream.JsonReader.doPeek(JsonReader.java:558) ~[gson-2.10.jar%2372!/:?]
	at com.google.gson.stream.JsonReader.peek(JsonReader.java:433) ~[gson-2.10.jar%2372!/:?]
	at com.google.gson.internal.bind.TypeAdapters$28.read(TypeAdapters.java:769) ~[gson-2.10.jar%2372!/:?]
	at com.google.gson.internal.bind.TypeAdapters$28.read(TypeAdapters.java:725) ~[gson-2.10.jar%2372!/:?]
	at com.google.gson.internal.bind.TypeAdapters$34$1.read(TypeAdapters.java:1007) ~[gson-2.10.jar%2372!/:?]
	at net.minecraft.util.GsonHelper.m_13780_(GsonHelper.java:524) ~[server-1.20.1-20230612.114412-srg.jar%23467!/:?]
	... 14 more
[23Apr2025 02:49:17.741] [Worker-Main-1/ERROR] [net.minecraft.server.packs.resources.SimpleJsonResourceReloadListener/]: Couldn't parse data file l2weaponry:weapons/cloggrum_machete from l2weaponry:capabilities/weapons/cloggrum_machete.json
com.google.gson.JsonParseException: java.io.EOFException: End of input at line 1 column 1 path $
	at net.minecraft.util.GsonHelper.m_13780_(GsonHelper.java:526) ~[server-1.20.1-20230612.114412-srg.jar%23467!/:?]
	at net.minecraft.util.GsonHelper.m_263475_(GsonHelper.java:531) ~[server-1.20.1-20230612.114412-srg.jar%23467!/:?]
	at net.minecraft.util.GsonHelper.m_13776_(GsonHelper.java:581) ~[server-1.20.1-20230612.114412-srg.jar%23467!/:?]
	at net.minecraft.server.packs.resources.SimpleJsonResourceReloadListener.m_278771_(SimpleJsonResourceReloadListener.java:41) ~[server-1.20.1-20230612.114412-srg.jar%23467!/:?]
	at net.minecraft.server.packs.resources.SimpleJsonResourceReloadListener.m_5944_(SimpleJsonResourceReloadListener.java:29) ~[server-1.20.1-20230612.114412-srg.jar%23467!/:?]
	at yesman.epicfight.api.data.reloader.ItemCapabilityReloadListener.m_5944_(ItemCapabilityReloadListener.java:63) ~[epicfight-forge-20.9.7-1.20.1.jar%23340!/:20.9.7]
	at yesman.epicfight.api.data.reloader.ItemCapabilityReloadListener.m_5944_(ItemCapabilityReloadListener.java:48) ~[epicfight-forge-20.9.7-1.20.1.jar%23340!/:20.9.7]
	at net.minecraft.server.packs.resources.SimplePreparableReloadListener.m_10786_(SimplePreparableReloadListener.java:11) ~[server-1.20.1-20230612.114412-srg.jar%23467!/:?]
	at java.util.concurrent.CompletableFuture$AsyncSupply.run(CompletableFuture.java:1768) ~[?:?]
	at java.util.concurrent.CompletableFuture$AsyncSupply.exec(CompletableFuture.java:1760) ~[?:?]
	at java.util.concurrent.ForkJoinTask.doExec(ForkJoinTask.java:373) ~[?:?]
	at java.util.concurrent.ForkJoinPool$WorkQueue.topLevelExec(ForkJoinPool.java:1182) ~[?:?]
	at java.util.concurrent.ForkJoinPool.scan(ForkJoinPool.java:1655) ~[?:?]
	at java.util.concurrent.ForkJoinPool.runWorker(ForkJoinPool.java:1622) ~[?:?]
	at java.util.concurrent.ForkJoinWorkerThread.run(ForkJoinWorkerThread.java:165) ~[?:?]
Caused by: java.io.EOFException: End of input at line 1 column 1 path $
	at com.google.gson.stream.JsonReader.nextNonWhitespace(JsonReader.java:1455) ~[gson-2.10.jar%2372!/:?]
	at com.google.gson.stream.JsonReader.doPeek(JsonReader.java:558) ~[gson-2.10.jar%2372!/:?]
	at com.google.gson.stream.JsonReader.peek(JsonReader.java:433) ~[gson-2.10.jar%2372!/:?]
	at com.google.gson.internal.bind.TypeAdapters$28.read(TypeAdapters.java:769) ~[gson-2.10.jar%2372!/:?]
	at com.google.gson.internal.bind.TypeAdapters$28.read(TypeAdapters.java:725) ~[gson-2.10.jar%2372!/:?]
	at com.google.gson.internal.bind.TypeAdapters$34$1.read(TypeAdapters.java:1007) ~[gson-2.10.jar%2372!/:?]
	at net.minecraft.util.GsonHelper.m_13780_(GsonHelper.java:524) ~[server-1.20.1-20230612.114412-srg.jar%23467!/:?]
	... 14 more
[23Apr2025 02:49:17.742] [Worker-Main-1/ERROR] [net.minecraft.server.packs.resources.SimpleJsonResourceReloadListener/]: Couldn't parse data file l2weaponry:weapons/cloggrum_nunchaku from l2weaponry:capabilities/weapons/cloggrum_nunchaku.json
com.google.gson.JsonParseException: java.io.EOFException: End of input at line 1 column 1 path $
	at net.minecraft.util.GsonHelper.m_13780_(GsonHelper.java:526) ~[server-1.20.1-20230612.114412-srg.jar%23467!/:?]
	at net.minecraft.util.GsonHelper.m_263475_(GsonHelper.java:531) ~[server-1.20.1-20230612.114412-srg.jar%23467!/:?]
	at net.minecraft.util.GsonHelper.m_13776_(GsonHelper.java:581) ~[server-1.20.1-20230612.114412-srg.jar%23467!/:?]
	at net.minecraft.server.packs.resources.SimpleJsonResourceReloadListener.m_278771_(SimpleJsonResourceReloadListener.java:41) ~[server-1.20.1-20230612.114412-srg.jar%23467!/:?]
	at net.minecraft.server.packs.resources.SimpleJsonResourceReloadListener.m_5944_(SimpleJsonResourceReloadListener.java:29) ~[server-1.20.1-20230612.114412-srg.jar%23467!/:?]
	at yesman.epicfight.api.data.reloader.ItemCapabilityReloadListener.m_5944_(ItemCapabilityReloadListener.java:63) ~[epicfight-forge-20.9.7-1.20.1.jar%23340!/:20.9.7]
	at yesman.epicfight.api.data.reloader.ItemCapabilityReloadListener.m_5944_(ItemCapabilityReloadListener.java:48) ~[epicfight-forge-20.9.7-1.20.1.jar%23340!/:20.9.7]
	at net.minecraft.server.packs.resources.SimplePreparableReloadListener.m_10786_(SimplePreparableReloadListener.java:11) ~[server-1.20.1-20230612.114412-srg.jar%23467!/:?]
	at java.util.concurrent.CompletableFuture$AsyncSupply.run(CompletableFuture.java:1768) ~[?:?]
	at java.util.concurrent.CompletableFuture$AsyncSupply.exec(CompletableFuture.java:1760) ~[?:?]
	at java.util.concurrent.ForkJoinTask.doExec(ForkJoinTask.java:373) ~[?:?]
	at java.util.concurrent.ForkJoinPool$WorkQueue.topLevelExec(ForkJoinPool.java:1182) ~[?:?]
	at java.util.concurrent.ForkJoinPool.scan(ForkJoinPool.java:1655) ~[?:?]
	at java.util.concurrent.ForkJoinPool.runWorker(ForkJoinPool.java:1622) ~[?:?]
	at java.util.concurrent.ForkJoinWorkerThread.run(ForkJoinWorkerThread.java:165) ~[?:?]
Caused by: java.io.EOFException: End of input at line 1 column 1 path $
	at com.google.gson.stream.JsonReader.nextNonWhitespace(JsonReader.java:1455) ~[gson-2.10.jar%2372!/:?]
	at com.google.gson.stream.JsonReader.doPeek(JsonReader.java:558) ~[gson-2.10.jar%2372!/:?]
	at com.google.gson.stream.JsonReader.peek(JsonReader.java:433) ~[gson-2.10.jar%2372!/:?]
	at com.google.gson.internal.bind.TypeAdapters$28.read(TypeAdapters.java:769) ~[gson-2.10.jar%2372!/:?]
	at com.google.gson.internal.bind.TypeAdapters$28.read(TypeAdapters.java:725) ~[gson-2.10.jar%2372!/:?]
	at com.google.gson.internal.bind.TypeAdapters$34$1.read(TypeAdapters.java:1007) ~[gson-2.10.jar%2372!/:?]
	at net.minecraft.util.GsonHelper.m_13780_(GsonHelper.java:524) ~[server-1.20.1-20230612.114412-srg.jar%23467!/:?]
	... 14 more
[23Apr2025 02:49:17.744] [Worker-Main-1/ERROR] [net.minecraft.server.packs.resources.SimpleJsonResourceReloadListener/]: Couldn't parse data file l2weaponry:weapons/cloggrum_spear from l2weaponry:capabilities/weapons/cloggrum_spear.json
com.google.gson.JsonParseException: java.io.EOFException: End of input at line 1 column 1 path $
	at net.minecraft.util.GsonHelper.m_13780_(GsonHelper.java:526) ~[server-1.20.1-20230612.114412-srg.jar%23467!/:?]
	at net.minecraft.util.GsonHelper.m_263475_(GsonHelper.java:531) ~[server-1.20.1-20230612.114412-srg.jar%23467!/:?]
	at net.minecraft.util.GsonHelper.m_13776_(GsonHelper.java:581) ~[server-1.20.1-20230612.114412-srg.jar%23467!/:?]
	at net.minecraft.server.packs.resources.SimpleJsonResourceReloadListener.m_278771_(SimpleJsonResourceReloadListener.java:41) ~[server-1.20.1-20230612.114412-srg.jar%23467!/:?]
	at net.minecraft.server.packs.resources.SimpleJsonResourceReloadListener.m_5944_(SimpleJsonResourceReloadListener.java:29) ~[server-1.20.1-20230612.114412-srg.jar%23467!/:?]
	at yesman.epicfight.api.data.reloader.ItemCapabilityReloadListener.m_5944_(ItemCapabilityReloadListener.java:63) ~[epicfight-forge-20.9.7-1.20.1.jar%23340!/:20.9.7]
	at yesman.epicfight.api.data.reloader.ItemCapabilityReloadListener.m_5944_(ItemCapabilityReloadListener.java:48) ~[epicfight-forge-20.9.7-1.20.1.jar%23340!/:20.9.7]
	at net.minecraft.server.packs.resources.SimplePreparableReloadListener.m_10786_(SimplePreparableReloadListener.java:11) ~[server-1.20.1-20230612.114412-srg.jar%23467!/:?]
	at java.util.concurrent.CompletableFuture$AsyncSupply.run(CompletableFuture.java:1768) ~[?:?]
	at java.util.concurrent.CompletableFuture$AsyncSupply.exec(CompletableFuture.java:1760) ~[?:?]
	at java.util.concurrent.ForkJoinTask.doExec(ForkJoinTask.java:373) ~[?:?]
	at java.util.concurrent.ForkJoinPool$WorkQueue.topLevelExec(ForkJoinPool.java:1182) ~[?:?]
	at java.util.concurrent.ForkJoinPool.scan(ForkJoinPool.java:1655) ~[?:?]
	at java.util.concurrent.ForkJoinPool.runWorker(ForkJoinPool.java:1622) ~[?:?]
	at java.util.concurrent.ForkJoinWorkerThread.run(ForkJoinWorkerThread.java:165) ~[?:?]
Caused by: java.io.EOFException: End of input at line 1 column 1 path $
	at com.google.gson.stream.JsonReader.nextNonWhitespace(JsonReader.java:1455) ~[gson-2.10.jar%2372!/:?]
	at com.google.gson.stream.JsonReader.doPeek(JsonReader.java:558) ~[gson-2.10.jar%2372!/:?]
	at com.google.gson.stream.JsonReader.peek(JsonReader.java:433) ~[gson-2.10.jar%2372!/:?]
	at com.google.gson.internal.bind.TypeAdapters$28.read(TypeAdapters.java:769) ~[gson-2.10.jar%2372!/:?]
	at com.google.gson.internal.bind.TypeAdapters$28.read(TypeAdapters.java:725) ~[gson-2.10.jar%2372!/:?]
	at com.google.gson.internal.bind.TypeAdapters$34$1.read(TypeAdapters.java:1007) ~[gson-2.10.jar%2372!/:?]
	at net.minecraft.util.GsonHelper.m_13780_(GsonHelper.java:524) ~[server-1.20.1-20230612.114412-srg.jar%23467!/:?]
	... 14 more
[23Apr2025 02:49:17.746] [Worker-Main-1/ERROR] [net.minecraft.server.packs.resources.SimpleJsonResourceReloadListener/]: Couldn't parse data file l2weaponry:weapons/cloggrum_throwing_axe from l2weaponry:capabilities/weapons/cloggrum_throwing_axe.json
com.google.gson.JsonParseException: java.io.EOFException: End of input at line 1 column 1 path $
	at net.minecraft.util.GsonHelper.m_13780_(GsonHelper.java:526) ~[server-1.20.1-20230612.114412-srg.jar%23467!/:?]
	at net.minecraft.util.GsonHelper.m_263475_(GsonHelper.java:531) ~[server-1.20.1-20230612.114412-srg.jar%23467!/:?]
	at net.minecraft.util.GsonHelper.m_13776_(GsonHelper.java:581) ~[server-1.20.1-20230612.114412-srg.jar%23467!/:?]
	at net.minecraft.server.packs.resources.SimpleJsonResourceReloadListener.m_278771_(SimpleJsonResourceReloadListener.java:41) ~[server-1.20.1-20230612.114412-srg.jar%23467!/:?]
	at net.minecraft.server.packs.resources.SimpleJsonResourceReloadListener.m_5944_(SimpleJsonResourceReloadListener.java:29) ~[server-1.20.1-20230612.114412-srg.jar%23467!/:?]
	at yesman.epicfight.api.data.reloader.ItemCapabilityReloadListener.m_5944_(ItemCapabilityReloadListener.java:63) ~[epicfight-forge-20.9.7-1.20.1.jar%23340!/:20.9.7]
	at yesman.epicfight.api.data.reloader.ItemCapabilityReloadListener.m_5944_(ItemCapabilityReloadListener.java:48) ~[epicfight-forge-20.9.7-1.20.1.jar%23340!/:20.9.7]
	at net.minecraft.server.packs.resources.SimplePreparableReloadListener.m_10786_(SimplePreparableReloadListener.java:11) ~[server-1.20.1-20230612.114412-srg.jar%23467!/:?]
	at java.util.concurrent.CompletableFuture$AsyncSupply.run(CompletableFuture.java:1768) ~[?:?]
	at java.util.concurrent.CompletableFuture$AsyncSupply.exec(CompletableFuture.java:1760) ~[?:?]
	at java.util.concurrent.ForkJoinTask.doExec(ForkJoinTask.java:373) ~[?:?]
	at java.util.concurrent.ForkJoinPool$WorkQueue.topLevelExec(ForkJoinPool.java:1182) ~[?:?]
	at java.util.concurrent.ForkJoinPool.scan(ForkJoinPool.java:1655) ~[?:?]
	at java.util.concurrent.ForkJoinPool.runWorker(ForkJoinPool.java:1622) ~[?:?]
	at java.util.concurrent.ForkJoinWorkerThread.run(ForkJoinWorkerThread.java:165) ~[?:?]
Caused by: java.io.EOFException: End of input at line 1 column 1 path $
	at com.google.gson.stream.JsonReader.nextNonWhitespace(JsonReader.java:1455) ~[gson-2.10.jar%2372!/:?]
	at com.google.gson.stream.JsonReader.doPeek(JsonReader.java:558) ~[gson-2.10.jar%2372!/:?]
	at com.google.gson.stream.JsonReader.peek(JsonReader.java:433) ~[gson-2.10.jar%2372!/:?]
	at com.google.gson.internal.bind.TypeAdapters$28.read(TypeAdapters.java:769) ~[gson-2.10.jar%2372!/:?]
	at com.google.gson.internal.bind.TypeAdapters$28.read(TypeAdapters.java:725) ~[gson-2.10.jar%2372!/:?]
	at com.google.gson.internal.bind.TypeAdapters$34$1.read(TypeAdapters.java:1007) ~[gson-2.10.jar%2372!/:?]
	at net.minecraft.util.GsonHelper.m_13780_(GsonHelper.java:524) ~[server-1.20.1-20230612.114412-srg.jar%23467!/:?]
	... 14 more
[23Apr2025 02:49:17.752] [Worker-Main-1/ERROR] [net.minecraft.server.packs.resources.SimpleJsonResourceReloadListener/]: Couldn't parse data file rpgsmw:weapons/copper_sickle from rpgsmw:capabilities/weapons/copper_sickle.json
com.google.gson.JsonParseException: java.io.EOFException: End of input at line 1 column 1 path $
	at net.minecraft.util.GsonHelper.m_13780_(GsonHelper.java:526) ~[server-1.20.1-20230612.114412-srg.jar%23467!/:?]
	at net.minecraft.util.GsonHelper.m_263475_(GsonHelper.java:531) ~[server-1.20.1-20230612.114412-srg.jar%23467!/:?]
	at net.minecraft.util.GsonHelper.m_13776_(GsonHelper.java:581) ~[server-1.20.1-20230612.114412-srg.jar%23467!/:?]
	at net.minecraft.server.packs.resources.SimpleJsonResourceReloadListener.m_278771_(SimpleJsonResourceReloadListener.java:41) ~[server-1.20.1-20230612.114412-srg.jar%23467!/:?]
	at net.minecraft.server.packs.resources.SimpleJsonResourceReloadListener.m_5944_(SimpleJsonResourceReloadListener.java:29) ~[server-1.20.1-20230612.114412-srg.jar%23467!/:?]
	at yesman.epicfight.api.data.reloader.ItemCapabilityReloadListener.m_5944_(ItemCapabilityReloadListener.java:63) ~[epicfight-forge-20.9.7-1.20.1.jar%23340!/:20.9.7]
	at yesman.epicfight.api.data.reloader.ItemCapabilityReloadListener.m_5944_(ItemCapabilityReloadListener.java:48) ~[epicfight-forge-20.9.7-1.20.1.jar%23340!/:20.9.7]
	at net.minecraft.server.packs.resources.SimplePreparableReloadListener.m_10786_(SimplePreparableReloadListener.java:11) ~[server-1.20.1-20230612.114412-srg.jar%23467!/:?]
	at java.util.concurrent.CompletableFuture$AsyncSupply.run(CompletableFuture.java:1768) ~[?:?]
	at java.util.concurrent.CompletableFuture$AsyncSupply.exec(CompletableFuture.java:1760) ~[?:?]
	at java.util.concurrent.ForkJoinTask.doExec(ForkJoinTask.java:373) ~[?:?]
	at java.util.concurrent.ForkJoinPool$WorkQueue.topLevelExec(ForkJoinPool.java:1182) ~[?:?]
	at java.util.concurrent.ForkJoinPool.scan(ForkJoinPool.java:1655) ~[?:?]
	at java.util.concurrent.ForkJoinPool.runWorker(ForkJoinPool.java:1622) ~[?:?]
	at java.util.concurrent.ForkJoinWorkerThread.run(ForkJoinWorkerThread.java:165) ~[?:?]
Caused by: java.io.EOFException: End of input at line 1 column 1 path $
	at com.google.gson.stream.JsonReader.nextNonWhitespace(JsonReader.java:1455) ~[gson-2.10.jar%2372!/:?]
	at com.google.gson.stream.JsonReader.doPeek(JsonReader.java:558) ~[gson-2.10.jar%2372!/:?]
	at com.google.gson.stream.JsonReader.peek(JsonReader.java:433) ~[gson-2.10.jar%2372!/:?]
	at com.google.gson.internal.bind.TypeAdapters$28.read(TypeAdapters.java:769) ~[gson-2.10.jar%2372!/:?]
	at com.google.gson.internal.bind.TypeAdapters$28.read(TypeAdapters.java:725) ~[gson-2.10.jar%2372!/:?]
	at com.google.gson.internal.bind.TypeAdapters$34$1.read(TypeAdapters.java:1007) ~[gson-2.10.jar%2372!/:?]
	at net.minecraft.util.GsonHelper.m_13780_(GsonHelper.java:524) ~[server-1.20.1-20230612.114412-srg.jar%23467!/:?]
	... 14 more
[23Apr2025 02:49:17.761] [Worker-Main-1/ERROR] [net.minecraft.server.packs.resources.SimpleJsonResourceReloadListener/]: Couldn't parse data file rpgsmw:weapons/diamond_sickle from rpgsmw:capabilities/weapons/diamond_sickle.json
com.google.gson.JsonParseException: java.io.EOFException: End of input at line 1 column 1 path $
	at net.minecraft.util.GsonHelper.m_13780_(GsonHelper.java:526) ~[server-1.20.1-20230612.114412-srg.jar%23467!/:?]
	at net.minecraft.util.GsonHelper.m_263475_(GsonHelper.java:531) ~[server-1.20.1-20230612.114412-srg.jar%23467!/:?]
	at net.minecraft.util.GsonHelper.m_13776_(GsonHelper.java:581) ~[server-1.20.1-20230612.114412-srg.jar%23467!/:?]
	at net.minecraft.server.packs.resources.SimpleJsonResourceReloadListener.m_278771_(SimpleJsonResourceReloadListener.java:41) ~[server-1.20.1-20230612.114412-srg.jar%23467!/:?]
	at net.minecraft.server.packs.resources.SimpleJsonResourceReloadListener.m_5944_(SimpleJsonResourceReloadListener.java:29) ~[server-1.20.1-20230612.114412-srg.jar%23467!/:?]
	at yesman.epicfight.api.data.reloader.ItemCapabilityReloadListener.m_5944_(ItemCapabilityReloadListener.java:63) ~[epicfight-forge-20.9.7-1.20.1.jar%23340!/:20.9.7]
	at yesman.epicfight.api.data.reloader.ItemCapabilityReloadListener.m_5944_(ItemCapabilityReloadListener.java:48) ~[epicfight-forge-20.9.7-1.20.1.jar%23340!/:20.9.7]
	at net.minecraft.server.packs.resources.SimplePreparableReloadListener.m_10786_(SimplePreparableReloadListener.java:11) ~[server-1.20.1-20230612.114412-srg.jar%23467!/:?]
	at java.util.concurrent.CompletableFuture$AsyncSupply.run(CompletableFuture.java:1768) ~[?:?]
	at java.util.concurrent.CompletableFuture$AsyncSupply.exec(CompletableFuture.java:1760) ~[?:?]
	at java.util.concurrent.ForkJoinTask.doExec(ForkJoinTask.java:373) ~[?:?]
	at java.util.concurrent.ForkJoinPool$WorkQueue.topLevelExec(ForkJoinPool.java:1182) ~[?:?]
	at java.util.concurrent.ForkJoinPool.scan(ForkJoinPool.java:1655) ~[?:?]
	at java.util.concurrent.ForkJoinPool.runWorker(ForkJoinPool.java:1622) ~[?:?]
	at java.util.concurrent.ForkJoinWorkerThread.run(ForkJoinWorkerThread.java:165) ~[?:?]
Caused by: java.io.EOFException: End of input at line 1 column 1 path $
	at com.google.gson.stream.JsonReader.nextNonWhitespace(JsonReader.java:1455) ~[gson-2.10.jar%2372!/:?]
	at com.google.gson.stream.JsonReader.doPeek(JsonReader.java:558) ~[gson-2.10.jar%2372!/:?]
	at com.google.gson.stream.JsonReader.peek(JsonReader.java:433) ~[gson-2.10.jar%2372!/:?]
	at com.google.gson.internal.bind.TypeAdapters$28.read(TypeAdapters.java:769) ~[gson-2.10.jar%2372!/:?]
	at com.google.gson.internal.bind.TypeAdapters$28.read(TypeAdapters.java:725) ~[gson-2.10.jar%2372!/:?]
	at com.google.gson.internal.bind.TypeAdapters$34$1.read(TypeAdapters.java:1007) ~[gson-2.10.jar%2372!/:?]
	at net.minecraft.util.GsonHelper.m_13780_(GsonHelper.java:524) ~[server-1.20.1-20230612.114412-srg.jar%23467!/:?]
	... 14 more
[23Apr2025 02:49:17.779] [Worker-Main-1/ERROR] [net.minecraft.server.packs.resources.SimpleJsonResourceReloadListener/]: Couldn't parse data file rpgsmw:weapons/iron_sickle from rpgsmw:capabilities/weapons/iron_sickle.json
com.google.gson.JsonParseException: java.io.EOFException: End of input at line 1 column 1 path $
	at net.minecraft.util.GsonHelper.m_13780_(GsonHelper.java:526) ~[server-1.20.1-20230612.114412-srg.jar%23467!/:?]
	at net.minecraft.util.GsonHelper.m_263475_(GsonHelper.java:531) ~[server-1.20.1-20230612.114412-srg.jar%23467!/:?]
	at net.minecraft.util.GsonHelper.m_13776_(GsonHelper.java:581) ~[server-1.20.1-20230612.114412-srg.jar%23467!/:?]
	at net.minecraft.server.packs.resources.SimpleJsonResourceReloadListener.m_278771_(SimpleJsonResourceReloadListener.java:41) ~[server-1.20.1-20230612.114412-srg.jar%23467!/:?]
	at net.minecraft.server.packs.resources.SimpleJsonResourceReloadListener.m_5944_(SimpleJsonResourceReloadListener.java:29) ~[server-1.20.1-20230612.114412-srg.jar%23467!/:?]
	at yesman.epicfight.api.data.reloader.ItemCapabilityReloadListener.m_5944_(ItemCapabilityReloadListener.java:63) ~[epicfight-forge-20.9.7-1.20.1.jar%23340!/:20.9.7]
	at yesman.epicfight.api.data.reloader.ItemCapabilityReloadListener.m_5944_(ItemCapabilityReloadListener.java:48) ~[epicfight-forge-20.9.7-1.20.1.jar%23340!/:20.9.7]
	at net.minecraft.server.packs.resources.SimplePreparableReloadListener.m_10786_(SimplePreparableReloadListener.java:11) ~[server-1.20.1-20230612.114412-srg.jar%23467!/:?]
	at java.util.concurrent.CompletableFuture$AsyncSupply.run(CompletableFuture.java:1768) ~[?:?]
	at java.util.concurrent.CompletableFuture$AsyncSupply.exec(CompletableFuture.java:1760) ~[?:?]
	at java.util.concurrent.ForkJoinTask.doExec(ForkJoinTask.java:373) ~[?:?]
	at java.util.concurrent.ForkJoinPool$WorkQueue.topLevelExec(ForkJoinPool.java:1182) ~[?:?]
	at java.util.concurrent.ForkJoinPool.scan(ForkJoinPool.java:1655) ~[?:?]
	at java.util.concurrent.ForkJoinPool.runWorker(ForkJoinPool.java:1622) ~[?:?]
	at java.util.concurrent.ForkJoinWorkerThread.run(ForkJoinWorkerThread.java:165) ~[?:?]
Caused by: java.io.EOFException: End of input at line 1 column 1 path $
	at com.google.gson.stream.JsonReader.nextNonWhitespace(JsonReader.java:1455) ~[gson-2.10.jar%2372!/:?]
	at com.google.gson.stream.JsonReader.doPeek(JsonReader.java:558) ~[gson-2.10.jar%2372!/:?]
	at com.google.gson.stream.JsonReader.peek(JsonReader.java:433) ~[gson-2.10.jar%2372!/:?]
	at com.google.gson.internal.bind.TypeAdapters$28.read(TypeAdapters.java:769) ~[gson-2.10.jar%2372!/:?]
	at com.google.gson.internal.bind.TypeAdapters$28.read(TypeAdapters.java:725) ~[gson-2.10.jar%2372!/:?]
	at com.google.gson.internal.bind.TypeAdapters$34$1.read(TypeAdapters.java:1007) ~[gson-2.10.jar%2372!/:?]
	at net.minecraft.util.GsonHelper.m_13780_(GsonHelper.java:524) ~[server-1.20.1-20230612.114412-srg.jar%23467!/:?]
	... 14 more
[23Apr2025 02:49:17.784] [Worker-Main-1/ERROR] [net.minecraft.server.packs.resources.SimpleJsonResourceReloadListener/]: Couldn't parse data file rpgsmw:weapons/miphril_sickle from rpgsmw:capabilities/weapons/miphril_sickle.json
com.google.gson.JsonParseException: java.io.EOFException: End of input at line 1 column 1 path $
	at net.minecraft.util.GsonHelper.m_13780_(GsonHelper.java:526) ~[server-1.20.1-20230612.114412-srg.jar%23467!/:?]
	at net.minecraft.util.GsonHelper.m_263475_(GsonHelper.java:531) ~[server-1.20.1-20230612.114412-srg.jar%23467!/:?]
	at net.minecraft.util.GsonHelper.m_13776_(GsonHelper.java:581) ~[server-1.20.1-20230612.114412-srg.jar%23467!/:?]
	at net.minecraft.server.packs.resources.SimpleJsonResourceReloadListener.m_278771_(SimpleJsonResourceReloadListener.java:41) ~[server-1.20.1-20230612.114412-srg.jar%23467!/:?]
	at net.minecraft.server.packs.resources.SimpleJsonResourceReloadListener.m_5944_(SimpleJsonResourceReloadListener.java:29) ~[server-1.20.1-20230612.114412-srg.jar%23467!/:?]
	at yesman.epicfight.api.data.reloader.ItemCapabilityReloadListener.m_5944_(ItemCapabilityReloadListener.java:63) ~[epicfight-forge-20.9.7-1.20.1.jar%23340!/:20.9.7]
	at yesman.epicfight.api.data.reloader.ItemCapabilityReloadListener.m_5944_(ItemCapabilityReloadListener.java:48) ~[epicfight-forge-20.9.7-1.20.1.jar%23340!/:20.9.7]
	at net.minecraft.server.packs.resources.SimplePreparableReloadListener.m_10786_(SimplePreparableReloadListener.java:11) ~[server-1.20.1-20230612.114412-srg.jar%23467!/:?]
	at java.util.concurrent.CompletableFuture$AsyncSupply.run(CompletableFuture.java:1768) ~[?:?]
	at java.util.concurrent.CompletableFuture$AsyncSupply.exec(CompletableFuture.java:1760) ~[?:?]
	at java.util.concurrent.ForkJoinTask.doExec(ForkJoinTask.java:373) ~[?:?]
	at java.util.concurrent.ForkJoinPool$WorkQueue.topLevelExec(ForkJoinPool.java:1182) ~[?:?]
	at java.util.concurrent.ForkJoinPool.scan(ForkJoinPool.java:1655) ~[?:?]
	at java.util.concurrent.ForkJoinPool.runWorker(ForkJoinPool.java:1622) ~[?:?]
	at java.util.concurrent.ForkJoinWorkerThread.run(ForkJoinWorkerThread.java:165) ~[?:?]
Caused by: java.io.EOFException: End of input at line 1 column 1 path $
	at com.google.gson.stream.JsonReader.nextNonWhitespace(JsonReader.java:1455) ~[gson-2.10.jar%2372!/:?]
	at com.google.gson.stream.JsonReader.doPeek(JsonReader.java:558) ~[gson-2.10.jar%2372!/:?]
	at com.google.gson.stream.JsonReader.peek(JsonReader.java:433) ~[gson-2.10.jar%2372!/:?]
	at com.google.gson.internal.bind.TypeAdapters$28.read(TypeAdapters.java:769) ~[gson-2.10.jar%2372!/:?]
	at com.google.gson.internal.bind.TypeAdapters$28.read(TypeAdapters.java:725) ~[gson-2.10.jar%2372!/:?]
	at com.google.gson.internal.bind.TypeAdapters$34$1.read(TypeAdapters.java:1007) ~[gson-2.10.jar%2372!/:?]
	at net.minecraft.util.GsonHelper.m_13780_(GsonHelper.java:524) ~[server-1.20.1-20230612.114412-srg.jar%23467!/:?]
	... 14 more
[23Apr2025 02:49:17.786] [Worker-Main-1/ERROR] [net.minecraft.server.packs.resources.SimpleJsonResourceReloadListener/]: Couldn't parse data file rpgsmw:weapons/nephris_sickle from rpgsmw:capabilities/weapons/nephris_sickle.json
com.google.gson.JsonParseException: java.io.EOFException: End of input at line 1 column 1 path $
	at net.minecraft.util.GsonHelper.m_13780_(GsonHelper.java:526) ~[server-1.20.1-20230612.114412-srg.jar%23467!/:?]
	at net.minecraft.util.GsonHelper.m_263475_(GsonHelper.java:531) ~[server-1.20.1-20230612.114412-srg.jar%23467!/:?]
	at net.minecraft.util.GsonHelper.m_13776_(GsonHelper.java:581) ~[server-1.20.1-20230612.114412-srg.jar%23467!/:?]
	at net.minecraft.server.packs.resources.SimpleJsonResourceReloadListener.m_278771_(SimpleJsonResourceReloadListener.java:41) ~[server-1.20.1-20230612.114412-srg.jar%23467!/:?]
	at net.minecraft.server.packs.resources.SimpleJsonResourceReloadListener.m_5944_(SimpleJsonResourceReloadListener.java:29) ~[server-1.20.1-20230612.114412-srg.jar%23467!/:?]
	at yesman.epicfight.api.data.reloader.ItemCapabilityReloadListener.m_5944_(ItemCapabilityReloadListener.java:63) ~[epicfight-forge-20.9.7-1.20.1.jar%23340!/:20.9.7]
	at yesman.epicfight.api.data.reloader.ItemCapabilityReloadListener.m_5944_(ItemCapabilityReloadListener.java:48) ~[epicfight-forge-20.9.7-1.20.1.jar%23340!/:20.9.7]
	at net.minecraft.server.packs.resources.SimplePreparableReloadListener.m_10786_(SimplePreparableReloadListener.java:11) ~[server-1.20.1-20230612.114412-srg.jar%23467!/:?]
	at java.util.concurrent.CompletableFuture$AsyncSupply.run(CompletableFuture.java:1768) ~[?:?]
	at java.util.concurrent.CompletableFuture$AsyncSupply.exec(CompletableFuture.java:1760) ~[?:?]
	at java.util.concurrent.ForkJoinTask.doExec(ForkJoinTask.java:373) ~[?:?]
	at java.util.concurrent.ForkJoinPool$WorkQueue.topLevelExec(ForkJoinPool.java:1182) ~[?:?]
	at java.util.concurrent.ForkJoinPool.scan(ForkJoinPool.java:1655) ~[?:?]
	at java.util.concurrent.ForkJoinPool.runWorker(ForkJoinPool.java:1622) ~[?:?]
	at java.util.concurrent.ForkJoinWorkerThread.run(ForkJoinWorkerThread.java:165) ~[?:?]
Caused by: java.io.EOFException: End of input at line 1 column 1 path $
	at com.google.gson.stream.JsonReader.nextNonWhitespace(JsonReader.java:1455) ~[gson-2.10.jar%2372!/:?]
	at com.google.gson.stream.JsonReader.doPeek(JsonReader.java:558) ~[gson-2.10.jar%2372!/:?]
	at com.google.gson.stream.JsonReader.peek(JsonReader.java:433) ~[gson-2.10.jar%2372!/:?]
	at com.google.gson.internal.bind.TypeAdapters$28.read(TypeAdapters.java:769) ~[gson-2.10.jar%2372!/:?]
	at com.google.gson.internal.bind.TypeAdapters$28.read(TypeAdapters.java:725) ~[gson-2.10.jar%2372!/:?]
	at com.google.gson.internal.bind.TypeAdapters$34$1.read(TypeAdapters.java:1007) ~[gson-2.10.jar%2372!/:?]
	at net.minecraft.util.GsonHelper.m_13780_(GsonHelper.java:524) ~[server-1.20.1-20230612.114412-srg.jar%23467!/:?]
	... 14 more
[23Apr2025 02:49:17.790] [Worker-Main-1/ERROR] [net.minecraft.server.packs.resources.SimpleJsonResourceReloadListener/]: Couldn't parse data file rpgsmw:weapons/netherite_sickle from rpgsmw:capabilities/weapons/netherite_sickle.json
com.google.gson.JsonParseException: java.io.EOFException: End of input at line 1 column 1 path $
	at net.minecraft.util.GsonHelper.m_13780_(GsonHelper.java:526) ~[server-1.20.1-20230612.114412-srg.jar%23467!/:?]
	at net.minecraft.util.GsonHelper.m_263475_(GsonHelper.java:531) ~[server-1.20.1-20230612.114412-srg.jar%23467!/:?]
	at net.minecraft.util.GsonHelper.m_13776_(GsonHelper.java:581) ~[server-1.20.1-20230612.114412-srg.jar%23467!/:?]
	at net.minecraft.server.packs.resources.SimpleJsonResourceReloadListener.m_278771_(SimpleJsonResourceReloadListener.java:41) ~[server-1.20.1-20230612.114412-srg.jar%23467!/:?]
	at net.minecraft.server.packs.resources.SimpleJsonResourceReloadListener.m_5944_(SimpleJsonResourceReloadListener.java:29) ~[server-1.20.1-20230612.114412-srg.jar%23467!/:?]
	at yesman.epicfight.api.data.reloader.ItemCapabilityReloadListener.m_5944_(ItemCapabilityReloadListener.java:63) ~[epicfight-forge-20.9.7-1.20.1.jar%23340!/:20.9.7]
	at yesman.epicfight.api.data.reloader.ItemCapabilityReloadListener.m_5944_(ItemCapabilityReloadListener.java:48) ~[epicfight-forge-20.9.7-1.20.1.jar%23340!/:20.9.7]
	at net.minecraft.server.packs.resources.SimplePreparableReloadListener.m_10786_(SimplePreparableReloadListener.java:11) ~[server-1.20.1-20230612.114412-srg.jar%23467!/:?]
	at java.util.concurrent.CompletableFuture$AsyncSupply.run(CompletableFuture.java:1768) ~[?:?]
	at java.util.concurrent.CompletableFuture$AsyncSupply.exec(CompletableFuture.java:1760) ~[?:?]
	at java.util.concurrent.ForkJoinTask.doExec(ForkJoinTask.java:373) ~[?:?]
	at java.util.concurrent.ForkJoinPool$WorkQueue.topLevelExec(ForkJoinPool.java:1182) ~[?:?]
	at java.util.concurrent.ForkJoinPool.scan(ForkJoinPool.java:1655) ~[?:?]
	at java.util.concurrent.ForkJoinPool.runWorker(ForkJoinPool.java:1622) ~[?:?]
	at java.util.concurrent.ForkJoinWorkerThread.run(ForkJoinWorkerThread.java:165) ~[?:?]
Caused by: java.io.EOFException: End of input at line 1 column 1 path $
	at com.google.gson.stream.JsonReader.nextNonWhitespace(JsonReader.java:1455) ~[gson-2.10.jar%2372!/:?]
	at com.google.gson.stream.JsonReader.doPeek(JsonReader.java:558) ~[gson-2.10.jar%2372!/:?]
	at com.google.gson.stream.JsonReader.peek(JsonReader.java:433) ~[gson-2.10.jar%2372!/:?]
	at com.google.gson.internal.bind.TypeAdapters$28.read(TypeAdapters.java:769) ~[gson-2.10.jar%2372!/:?]
	at com.google.gson.internal.bind.TypeAdapters$28.read(TypeAdapters.java:725) ~[gson-2.10.jar%2372!/:?]
	at com.google.gson.internal.bind.TypeAdapters$34$1.read(TypeAdapters.java:1007) ~[gson-2.10.jar%2372!/:?]
	at net.minecraft.util.GsonHelper.m_13780_(GsonHelper.java:524) ~[server-1.20.1-20230612.114412-srg.jar%23467!/:?]
	... 14 more
[23Apr2025 02:49:17.799] [Worker-Main-1/ERROR] [net.minecraft.server.packs.resources.SimpleJsonResourceReloadListener/]: Couldn't parse data file rpgsmw:weapons/steel_sickle from rpgsmw:capabilities/weapons/steel_sickle.json
com.google.gson.JsonParseException: java.io.EOFException: End of input at line 1 column 1 path $
	at net.minecraft.util.GsonHelper.m_13780_(GsonHelper.java:526) ~[server-1.20.1-20230612.114412-srg.jar%23467!/:?]
	at net.minecraft.util.GsonHelper.m_263475_(GsonHelper.java:531) ~[server-1.20.1-20230612.114412-srg.jar%23467!/:?]
	at net.minecraft.util.GsonHelper.m_13776_(GsonHelper.java:581) ~[server-1.20.1-20230612.114412-srg.jar%23467!/:?]
	at net.minecraft.server.packs.resources.SimpleJsonResourceReloadListener.m_278771_(SimpleJsonResourceReloadListener.java:41) ~[server-1.20.1-20230612.114412-srg.jar%23467!/:?]
	at net.minecraft.server.packs.resources.SimpleJsonResourceReloadListener.m_5944_(SimpleJsonResourceReloadListener.java:29) ~[server-1.20.1-20230612.114412-srg.jar%23467!/:?]
	at yesman.epicfight.api.data.reloader.ItemCapabilityReloadListener.m_5944_(ItemCapabilityReloadListener.java:63) ~[epicfight-forge-20.9.7-1.20.1.jar%23340!/:20.9.7]
	at yesman.epicfight.api.data.reloader.ItemCapabilityReloadListener.m_5944_(ItemCapabilityReloadListener.java:48) ~[epicfight-forge-20.9.7-1.20.1.jar%23340!/:20.9.7]
	at net.minecraft.server.packs.resources.SimplePreparableReloadListener.m_10786_(SimplePreparableReloadListener.java:11) ~[server-1.20.1-20230612.114412-srg.jar%23467!/:?]
	at java.util.concurrent.CompletableFuture$AsyncSupply.run(CompletableFuture.java:1768) ~[?:?]
	at java.util.concurrent.CompletableFuture$AsyncSupply.exec(CompletableFuture.java:1760) ~[?:?]
	at java.util.concurrent.ForkJoinTask.doExec(ForkJoinTask.java:373) ~[?:?]
	at java.util.concurrent.ForkJoinPool$WorkQueue.topLevelExec(ForkJoinPool.java:1182) ~[?:?]
	at java.util.concurrent.ForkJoinPool.scan(ForkJoinPool.java:1655) ~[?:?]
	at java.util.concurrent.ForkJoinPool.runWorker(ForkJoinPool.java:1622) ~[?:?]
	at java.util.concurrent.ForkJoinWorkerThread.run(ForkJoinWorkerThread.java:165) ~[?:?]
Caused by: java.io.EOFException: End of input at line 1 column 1 path $
	at com.google.gson.stream.JsonReader.nextNonWhitespace(JsonReader.java:1455) ~[gson-2.10.jar%2372!/:?]
	at com.google.gson.stream.JsonReader.doPeek(JsonReader.java:558) ~[gson-2.10.jar%2372!/:?]
	at com.google.gson.stream.JsonReader.peek(JsonReader.java:433) ~[gson-2.10.jar%2372!/:?]
	at com.google.gson.internal.bind.TypeAdapters$28.read(TypeAdapters.java:769) ~[gson-2.10.jar%2372!/:?]
	at com.google.gson.internal.bind.TypeAdapters$28.read(TypeAdapters.java:725) ~[gson-2.10.jar%2372!/:?]
	at com.google.gson.internal.bind.TypeAdapters$34$1.read(TypeAdapters.java:1007) ~[gson-2.10.jar%2372!/:?]
	at net.minecraft.util.GsonHelper.m_13780_(GsonHelper.java:524) ~[server-1.20.1-20230612.114412-srg.jar%23467!/:?]
	... 14 more
[23Apr2025 02:49:17.856] [Worker-Main-1/ERROR] [net.minecraft.server.packs.resources.SimpleJsonResourceReloadListener/]: Couldn't parse data file lookinsharp:weakening_artifact from lookinsharp:loot_modifiers/weakening_artifact.json
com.google.gson.JsonParseException: com.google.gson.stream.MalformedJsonException: Expected name at line 15 column 4 path $.result.id
	at net.minecraft.util.GsonHelper.m_13780_(GsonHelper.java:526) ~[server-1.20.1-20230612.114412-srg.jar%23467!/:?]
	at net.minecraft.util.GsonHelper.m_263475_(GsonHelper.java:531) ~[server-1.20.1-20230612.114412-srg.jar%23467!/:?]
	at net.minecraft.util.GsonHelper.m_13776_(GsonHelper.java:581) ~[server-1.20.1-20230612.114412-srg.jar%23467!/:?]
	at net.minecraft.server.packs.resources.SimpleJsonResourceReloadListener.m_278771_(SimpleJsonResourceReloadListener.java:41) ~[server-1.20.1-20230612.114412-srg.jar%23467!/:?]
	at net.minecraft.server.packs.resources.SimpleJsonResourceReloadListener.m_5944_(SimpleJsonResourceReloadListener.java:29) ~[server-1.20.1-20230612.114412-srg.jar%23467!/:?]
	at net.minecraft.server.packs.resources.SimpleJsonResourceReloadListener.m_5944_(SimpleJsonResourceReloadListener.java:17) ~[server-1.20.1-20230612.114412-srg.jar%23467!/:?]
	at net.minecraft.server.packs.resources.SimplePreparableReloadListener.m_10786_(SimplePreparableReloadListener.java:11) ~[server-1.20.1-20230612.114412-srg.jar%23467!/:?]
	at java.util.concurrent.CompletableFuture$AsyncSupply.run(CompletableFuture.java:1768) ~[?:?]
	at java.util.concurrent.CompletableFuture$AsyncSupply.exec(CompletableFuture.java:1760) ~[?:?]
	at java.util.concurrent.ForkJoinTask.doExec(ForkJoinTask.java:373) ~[?:?]
	at java.util.concurrent.ForkJoinPool$WorkQueue.topLevelExec(ForkJoinPool.java:1182) ~[?:?]
	at java.util.concurrent.ForkJoinPool.scan(ForkJoinPool.java:1655) ~[?:?]
	at java.util.concurrent.ForkJoinPool.runWorker(ForkJoinPool.java:1622) ~[?:?]
	at java.util.concurrent.ForkJoinWorkerThread.run(ForkJoinWorkerThread.java:165) ~[?:?]
Caused by: com.google.gson.stream.MalformedJsonException: Expected name at line 15 column 4 path $.result.id
	at com.google.gson.stream.JsonReader.syntaxError(JsonReader.java:1657) ~[gson-2.10.jar%2372!/:?]
	at com.google.gson.stream.JsonReader.doPeek(JsonReader.java:514) ~[gson-2.10.jar%2372!/:?]
	at com.google.gson.stream.JsonReader.hasNext(JsonReader.java:422) ~[gson-2.10.jar%2372!/:?]
	at com.google.gson.internal.bind.TypeAdapters$28.read(TypeAdapters.java:779) ~[gson-2.10.jar%2372!/:?]
	at com.google.gson.internal.bind.TypeAdapters$28.read(TypeAdapters.java:725) ~[gson-2.10.jar%2372!/:?]
	at com.google.gson.internal.bind.TypeAdapters$34$1.read(TypeAdapters.java:1007) ~[gson-2.10.jar%2372!/:?]
	at net.minecraft.util.GsonHelper.m_13780_(GsonHelper.java:524) ~[server-1.20.1-20230612.114412-srg.jar%23467!/:?]
	... 13 more
[23Apr2025 02:49:18.882] [Worker-Main-2/ERROR] [net.minecraftforge.common.ForgeHooks/]: Couldn't parse element loot_tables:overweight_farming:blocks/overweight_ginger_block
com.google.gson.JsonSyntaxException: Expected name to be an item, was unknown string 'snowyspirit:ginger'
	at net.minecraft.util.GsonHelper.m_13866_(GsonHelper.java:145) ~[server-1.20.1-20230612.114412-srg.jar%23467!/:?]
	at java.util.Optional.orElseThrow(Optional.java:403) ~[?:?]
	at net.minecraft.util.GsonHelper.m_13874_(GsonHelper.java:145) ~[server-1.20.1-20230612.114412-srg.jar%23467!/:?]
	at net.minecraft.util.GsonHelper.m_13909_(GsonHelper.java:153) ~[server-1.20.1-20230612.114412-srg.jar%23467!/:?]
	at net.minecraft.world.level.storage.loot.entries.LootItem$Serializer.m_7267_(LootItem.java:55) ~[server-1.20.1-20230612.114412-srg.jar%23467!/:?]
	at net.minecraft.world.level.storage.loot.entries.LootItem$Serializer.m_7267_(LootItem.java:40) ~[server-1.20.1-20230612.114412-srg.jar%23467!/:?]
	at net.minecraft.world.level.storage.loot.entries.LootPoolSingletonContainer$Serializer.m_5921_(LootPoolSingletonContainer.java:151) ~[server-1.20.1-20230612.114412-srg.jar%23467!/:?]
	at net.minecraft.world.level.storage.loot.entries.LootPoolSingletonContainer$Serializer.m_5921_(LootPoolSingletonContainer.java:129) ~[server-1.20.1-20230612.114412-srg.jar%23467!/:?]
	at net.minecraft.world.level.storage.loot.entries.LootPoolEntryContainer$Serializer.m_7561_(LootPoolEntryContainer.java:86) ~[server-1.20.1-20230612.114412-srg.jar%23467!/:?]
	at net.minecraft.world.level.storage.loot.entries.LootPoolEntryContainer$Serializer.m_7561_(LootPoolEntryContainer.java:74) ~[server-1.20.1-20230612.114412-srg.jar%23467!/:?]
	at net.minecraft.world.level.storage.loot.GsonAdapterFactory$JsonAdapter.deserialize(GsonAdapterFactory.java:102) ~[server-1.20.1-20230612.114412-srg.jar%23467!/:?]
	at com.google.gson.internal.bind.TreeTypeAdapter.read(TreeTypeAdapter.java:76) ~[gson-2.10.jar%2372!/:?]
	at com.google.gson.internal.bind.TypeAdapterRuntimeTypeWrapper.read(TypeAdapterRuntimeTypeWrapper.java:40) ~[gson-2.10.jar%2372!/:?]
	at com.google.gson.internal.bind.ArrayTypeAdapter.read(ArrayTypeAdapter.java:72) ~[gson-2.10.jar%2372!/:?]
	at com.google.gson.Gson.fromJson(Gson.java:1214) ~[gson-2.10.jar%2372!/:?]
	at com.google.gson.Gson.fromJson(Gson.java:1319) ~[gson-2.10.jar%2372!/:?]
	at com.google.gson.Gson.fromJson(Gson.java:1290) ~[gson-2.10.jar%2372!/:?]
	at com.google.gson.internal.bind.TreeTypeAdapter$GsonContextImpl.deserialize(TreeTypeAdapter.java:179) ~[gson-2.10.jar%2372!/:?]
	at net.minecraft.util.GsonHelper.m_13808_(GsonHelper.java:463) ~[server-1.20.1-20230612.114412-srg.jar%23467!/:?]
	at net.minecraft.util.GsonHelper.m_13836_(GsonHelper.java:471) ~[server-1.20.1-20230612.114412-srg.jar%23467!/:?]
	at net.minecraft.world.level.storage.loot.entries.CompositeEntryBase$1.m_5921_(CompositeEntryBase.java:61) ~[server-1.20.1-20230612.114412-srg.jar%23467!/:?]
	at net.minecraft.world.level.storage.loot.entries.CompositeEntryBase$1.m_5921_(CompositeEntryBase.java:53) ~[server-1.20.1-20230612.114412-srg.jar%23467!/:?]
	at net.minecraft.world.level.storage.loot.entries.LootPoolEntryContainer$Serializer.m_7561_(LootPoolEntryContainer.java:86) ~[server-1.20.1-20230612.114412-srg.jar%23467!/:?]
	at net.minecraft.world.level.storage.loot.entries.LootPoolEntryContainer$Serializer.m_7561_(LootPoolEntryContainer.java:74) ~[server-1.20.1-20230612.114412-srg.jar%23467!/:?]
	at net.minecraft.world.level.storage.loot.GsonAdapterFactory$JsonAdapter.deserialize(GsonAdapterFactory.java:102) ~[server-1.20.1-20230612.114412-srg.jar%23467!/:?]
	at com.google.gson.internal.bind.TreeTypeAdapter.read(TreeTypeAdapter.java:76) ~[gson-2.10.jar%2372!/:?]
	at com.google.gson.internal.bind.TypeAdapterRuntimeTypeWrapper.read(TypeAdapterRuntimeTypeWrapper.java:40) ~[gson-2.10.jar%2372!/:?]
	at com.google.gson.internal.bind.ArrayTypeAdapter.read(ArrayTypeAdapter.java:72) ~[gson-2.10.jar%2372!/:?]
	at com.google.gson.Gson.fromJson(Gson.java:1214) ~[gson-2.10.jar%2372!/:?]
	at com.google.gson.Gson.fromJson(Gson.java:1319) ~[gson-2.10.jar%2372!/:?]
	at com.google.gson.Gson.fromJson(Gson.java:1290) ~[gson-2.10.jar%2372!/:?]
	at com.google.gson.internal.bind.TreeTypeAdapter$GsonContextImpl.deserialize(TreeTypeAdapter.java:179) ~[gson-2.10.jar%2372!/:?]
	at net.minecraft.util.GsonHelper.m_13808_(GsonHelper.java:463) ~[server-1.20.1-20230612.114412-srg.jar%23467!/:?]
	at net.minecraft.util.GsonHelper.m_13836_(GsonHelper.java:471) ~[server-1.20.1-20230612.114412-srg.jar%23467!/:?]
	at net.minecraft.world.level.storage.loot.entries.CompositeEntryBase$1.m_5921_(CompositeEntryBase.java:61) ~[server-1.20.1-20230612.114412-srg.jar%23467!/:?]
	at net.minecraft.world.level.storage.loot.entries.CompositeEntryBase$1.m_5921_(CompositeEntryBase.java:53) ~[server-1.20.1-20230612.114412-srg.jar%23467!/:?]
	at net.minecraft.world.level.storage.loot.entries.LootPoolEntryContainer$Serializer.m_7561_(LootPoolEntryContainer.java:86) ~[server-1.20.1-20230612.114412-srg.jar%23467!/:?]
	at net.minecraft.world.level.storage.loot.entries.LootPoolEntryContainer$Serializer.m_7561_(LootPoolEntryContainer.java:74) ~[server-1.20.1-20230612.114412-srg.jar%23467!/:?]
	at net.minecraft.world.level.storage.loot.GsonAdapterFactory$JsonAdapter.deserialize(GsonAdapterFactory.java:102) ~[server-1.20.1-20230612.114412-srg.jar%23467!/:?]
	at com.google.gson.internal.bind.TreeTypeAdapter.read(TreeTypeAdapter.java:76) ~[gson-2.10.jar%2372!/:?]
	at com.google.gson.internal.bind.TypeAdapterRuntimeTypeWrapper.read(TypeAdapterRuntimeTypeWrapper.java:40) ~[gson-2.10.jar%2372!/:?]
	at com.google.gson.internal.bind.ArrayTypeAdapter.read(ArrayTypeAdapter.java:72) ~[gson-2.10.jar%2372!/:?]
	at com.google.gson.Gson.fromJson(Gson.java:1214) ~[gson-2.10.jar%2372!/:?]
	at com.google.gson.Gson.fromJson(Gson.java:1319) ~[gson-2.10.jar%2372!/:?]
	at com.google.gson.Gson.fromJson(Gson.java:1290) ~[gson-2.10.jar%2372!/:?]
	at com.google.gson.internal.bind.TreeTypeAdapter$GsonContextImpl.deserialize(TreeTypeAdapter.java:179) ~[gson-2.10.jar%2372!/:?]
	at net.minecraft.util.GsonHelper.m_13808_(GsonHelper.java:463) ~[server-1.20.1-20230612.114412-srg.jar%23467!/:?]
	at net.minecraft.util.GsonHelper.m_13836_(GsonHelper.java:471) ~[server-1.20.1-20230612.114412-srg.jar%23467!/:?]
	at net.minecraft.world.level.storage.loot.LootPool$Serializer.deserialize(LootPool.java:192) ~[server-1.20.1-20230612.114412-srg.jar%23467!/:?]
	at net.minecraft.world.level.storage.loot.LootPool$Serializer.deserialize(LootPool.java:189) ~[server-1.20.1-20230612.114412-srg.jar%23467!/:?]
	at com.google.gson.internal.bind.TreeTypeAdapter.read(TreeTypeAdapter.java:76) ~[gson-2.10.jar%2372!/:?]
	at com.google.gson.internal.bind.TypeAdapterRuntimeTypeWrapper.read(TypeAdapterRuntimeTypeWrapper.java:40) ~[gson-2.10.jar%2372!/:?]
	at com.google.gson.internal.bind.ArrayTypeAdapter.read(ArrayTypeAdapter.java:72) ~[gson-2.10.jar%2372!/:?]
	at com.google.gson.Gson.fromJson(Gson.java:1214) ~[gson-2.10.jar%2372!/:?]
	at com.google.gson.Gson.fromJson(Gson.java:1319) ~[gson-2.10.jar%2372!/:?]
	at com.google.gson.Gson.fromJson(Gson.java:1290) ~[gson-2.10.jar%2372!/:?]
	at com.google.gson.internal.bind.TreeTypeAdapter$GsonContextImpl.deserialize(TreeTypeAdapter.java:179) ~[gson-2.10.jar%2372!/:?]
	at net.minecraft.util.GsonHelper.m_13808_(GsonHelper.java:463) ~[server-1.20.1-20230612.114412-srg.jar%23467!/:?]
	at net.minecraft.util.GsonHelper.m_13845_(GsonHelper.java:481) ~[server-1.20.1-20230612.114412-srg.jar%23467!/:?]
	at net.minecraft.world.level.storage.loot.LootTable$Serializer.deserialize(LootTable.java:294) ~[server-1.20.1-20230612.114412-srg.jar%23467!/:?]
	at net.minecraft.world.level.storage.loot.LootTable$Serializer.deserialize(LootTable.java:291) ~[server-1.20.1-20230612.114412-srg.jar%23467!/:?]
	at com.google.gson.internal.bind.TreeTypeAdapter.read(TreeTypeAdapter.java:76) ~[gson-2.10.jar%2372!/:?]
	at com.google.gson.Gson.fromJson(Gson.java:1214) ~[gson-2.10.jar%2372!/:?]
	at com.google.gson.Gson.fromJson(Gson.java:1319) ~[gson-2.10.jar%2372!/:?]
	at com.google.gson.Gson.fromJson(Gson.java:1261) ~[gson-2.10.jar%2372!/:?]
	at net.minecraftforge.common.ForgeHooks.loadLootTable(ForgeHooks.java:871) ~[forge-1.20.1-47.3.7-universal.jar%23472!/:?]
	at net.minecraftforge.common.ForgeHooks.lambda$getLootTableDeserializer$3(ForgeHooks.java:848) ~[forge-1.20.1-47.3.7-universal.jar%23472!/:?]
	at net.minecraft.world.level.storage.loot.LootDataType.deserialize(LootDataType.java:45) ~[server-1.20.1-20230612.114412-srg.jar%23467!/:?]
	at net.minecraft.world.level.storage.loot.LootDataManager.lambda$scheduleElementParse$4(LootDataManager.java:56) ~[server-1.20.1-20230612.114412-srg.jar%23467!/:?]
	at java.util.HashMap.forEach(HashMap.java:1421) ~[?:?]
	at net.minecraft.world.level.storage.loot.LootDataManager.m_278660_(LootDataManager.java:55) ~[server-1.20.1-20230612.114412-srg.jar%23467!/:?]
	at java.util.concurrent.CompletableFuture$AsyncRun.run(CompletableFuture.java:1804) ~[?:?]
	at java.util.concurrent.CompletableFuture$AsyncRun.exec(CompletableFuture.java:1796) ~[?:?]
	at java.util.concurrent.ForkJoinTask.doExec(ForkJoinTask.java:373) ~[?:?]
	at java.util.concurrent.ForkJoinPool$WorkQueue.topLevelExec(ForkJoinPool.java:1182) ~[?:?]
	at java.util.concurrent.ForkJoinPool.scan(ForkJoinPool.java:1655) ~[?:?]
	at java.util.concurrent.ForkJoinPool.runWorker(ForkJoinPool.java:1622) ~[?:?]
	at java.util.concurrent.ForkJoinWorkerThread.run(ForkJoinWorkerThread.java:165) ~[?:?]
[23Apr2025 02:49:19.776] [Worker-Main-2/ERROR] [net.minecraftforge.common.ForgeHooks/]: Couldn't parse element loot_tables:overweight_farming:blocks/overweight_kiwi_block
com.google.gson.JsonSyntaxException: Expected name to be an item, was unknown string 'hedgehog:kiwi'
	at net.minecraft.util.GsonHelper.m_13866_(GsonHelper.java:145) ~[server-1.20.1-20230612.114412-srg.jar%23467!/:?]
	at java.util.Optional.orElseThrow(Optional.java:403) ~[?:?]
	at net.minecraft.util.GsonHelper.m_13874_(GsonHelper.java:145) ~[server-1.20.1-20230612.114412-srg.jar%23467!/:?]
	at net.minecraft.util.GsonHelper.m_13909_(GsonHelper.java:153) ~[server-1.20.1-20230612.114412-srg.jar%23467!/:?]
	at net.minecraft.world.level.storage.loot.entries.LootItem$Serializer.m_7267_(LootItem.java:55) ~[server-1.20.1-20230612.114412-srg.jar%23467!/:?]
	at net.minecraft.world.level.storage.loot.entries.LootItem$Serializer.m_7267_(LootItem.java:40) ~[server-1.20.1-20230612.114412-srg.jar%23467!/:?]
	at net.minecraft.world.level.storage.loot.entries.LootPoolSingletonContainer$Serializer.m_5921_(LootPoolSingletonContainer.java:151) ~[server-1.20.1-20230612.114412-srg.jar%23467!/:?]
	at net.minecraft.world.level.storage.loot.entries.LootPoolSingletonContainer$Serializer.m_5921_(LootPoolSingletonContainer.java:129) ~[server-1.20.1-20230612.114412-srg.jar%23467!/:?]
	at net.minecraft.world.level.storage.loot.entries.LootPoolEntryContainer$Serializer.m_7561_(LootPoolEntryContainer.java:86) ~[server-1.20.1-20230612.114412-srg.jar%23467!/:?]
	at net.minecraft.world.level.storage.loot.entries.LootPoolEntryContainer$Serializer.m_7561_(LootPoolEntryContainer.java:74) ~[server-1.20.1-20230612.114412-srg.jar%23467!/:?]
	at net.minecraft.world.level.storage.loot.GsonAdapterFactory$JsonAdapter.deserialize(GsonAdapterFactory.java:102) ~[server-1.20.1-20230612.114412-srg.jar%23467!/:?]
	at com.google.gson.internal.bind.TreeTypeAdapter.read(TreeTypeAdapter.java:76) ~[gson-2.10.jar%2372!/:?]
	at com.google.gson.internal.bind.TypeAdapterRuntimeTypeWrapper.read(TypeAdapterRuntimeTypeWrapper.java:40) ~[gson-2.10.jar%2372!/:?]
	at com.google.gson.internal.bind.ArrayTypeAdapter.read(ArrayTypeAdapter.java:72) ~[gson-2.10.jar%2372!/:?]
	at com.google.gson.Gson.fromJson(Gson.java:1214) ~[gson-2.10.jar%2372!/:?]
	at com.google.gson.Gson.fromJson(Gson.java:1319) ~[gson-2.10.jar%2372!/:?]
	at com.google.gson.Gson.fromJson(Gson.java:1290) ~[gson-2.10.jar%2372!/:?]
	at com.google.gson.internal.bind.TreeTypeAdapter$GsonContextImpl.deserialize(TreeTypeAdapter.java:179) ~[gson-2.10.jar%2372!/:?]
	at net.minecraft.util.GsonHelper.m_13808_(GsonHelper.java:463) ~[server-1.20.1-20230612.114412-srg.jar%23467!/:?]
	at net.minecraft.util.GsonHelper.m_13836_(GsonHelper.java:471) ~[server-1.20.1-20230612.114412-srg.jar%23467!/:?]
	at net.minecraft.world.level.storage.loot.entries.CompositeEntryBase$1.m_5921_(CompositeEntryBase.java:61) ~[server-1.20.1-20230612.114412-srg.jar%23467!/:?]
	at net.minecraft.world.level.storage.loot.entries.CompositeEntryBase$1.m_5921_(CompositeEntryBase.java:53) ~[server-1.20.1-20230612.114412-srg.jar%23467!/:?]
	at net.minecraft.world.level.storage.loot.entries.LootPoolEntryContainer$Serializer.m_7561_(LootPoolEntryContainer.java:86) ~[server-1.20.1-20230612.114412-srg.jar%23467!/:?]
	at net.minecraft.world.level.storage.loot.entries.LootPoolEntryContainer$Serializer.m_7561_(LootPoolEntryContainer.java:74) ~[server-1.20.1-20230612.114412-srg.jar%23467!/:?]
	at net.minecraft.world.level.storage.loot.GsonAdapterFactory$JsonAdapter.deserialize(GsonAdapterFactory.java:102) ~[server-1.20.1-20230612.114412-srg.jar%23467!/:?]
	at com.google.gson.internal.bind.TreeTypeAdapter.read(TreeTypeAdapter.java:76) ~[gson-2.10.jar%2372!/:?]
	at com.google.gson.internal.bind.TypeAdapterRuntimeTypeWrapper.read(TypeAdapterRuntimeTypeWrapper.java:40) ~[gson-2.10.jar%2372!/:?]
	at com.google.gson.internal.bind.ArrayTypeAdapter.read(ArrayTypeAdapter.java:72) ~[gson-2.10.jar%2372!/:?]
	at com.google.gson.Gson.fromJson(Gson.java:1214) ~[gson-2.10.jar%2372!/:?]
	at com.google.gson.Gson.fromJson(Gson.java:1319) ~[gson-2.10.jar%2372!/:?]
	at com.google.gson.Gson.fromJson(Gson.java:1290) ~[gson-2.10.jar%2372!/:?]
	at com.google.gson.internal.bind.TreeTypeAdapter$GsonContextImpl.deserialize(TreeTypeAdapter.java:179) ~[gson-2.10.jar%2372!/:?]
	at net.minecraft.util.GsonHelper.m_13808_(GsonHelper.java:463) ~[server-1.20.1-20230612.114412-srg.jar%23467!/:?]
	at net.minecraft.util.GsonHelper.m_13836_(GsonHelper.java:471) ~[server-1.20.1-20230612.114412-srg.jar%23467!/:?]
	at net.minecraft.world.level.storage.loot.entries.CompositeEntryBase$1.m_5921_(CompositeEntryBase.java:61) ~[server-1.20.1-20230612.114412-srg.jar%23467!/:?]
	at net.minecraft.world.level.storage.loot.entries.CompositeEntryBase$1.m_5921_(CompositeEntryBase.java:53) ~[server-1.20.1-20230612.114412-srg.jar%23467!/:?]
	at net.minecraft.world.level.storage.loot.entries.LootPoolEntryContainer$Serializer.m_7561_(LootPoolEntryContainer.java:86) ~[server-1.20.1-20230612.114412-srg.jar%23467!/:?]
	at net.minecraft.world.level.storage.loot.entries.LootPoolEntryContainer$Serializer.m_7561_(LootPoolEntryContainer.java:74) ~[server-1.20.1-20230612.114412-srg.jar%23467!/:?]
	at net.minecraft.world.level.storage.loot.GsonAdapterFactory$JsonAdapter.deserialize(GsonAdapterFactory.java:102) ~[server-1.20.1-20230612.114412-srg.jar%23467!/:?]
	at com.google.gson.internal.bind.TreeTypeAdapter.read(TreeTypeAdapter.java:76) ~[gson-2.10.jar%2372!/:?]
	at com.google.gson.internal.bind.TypeAdapterRuntimeTypeWrapper.read(TypeAdapterRuntimeTypeWrapper.java:40) ~[gson-2.10.jar%2372!/:?]
	at com.google.gson.internal.bind.ArrayTypeAdapter.read(ArrayTypeAdapter.java:72) ~[gson-2.10.jar%2372!/:?]
	at com.google.gson.Gson.fromJson(Gson.java:1214) ~[gson-2.10.jar%2372!/:?]
	at com.google.gson.Gson.fromJson(Gson.java:1319) ~[gson-2.10.jar%2372!/:?]
	at com.google.gson.Gson.fromJson(Gson.java:1290) ~[gson-2.10.jar%2372!/:?]
	at com.google.gson.internal.bind.TreeTypeAdapter$GsonContextImpl.deserialize(TreeTypeAdapter.java:179) ~[gson-2.10.jar%2372!/:?]
	at net.minecraft.util.GsonHelper.m_13808_(GsonHelper.java:463) ~[server-1.20.1-20230612.114412-srg.jar%23467!/:?]
	at net.minecraft.util.GsonHelper.m_13836_(GsonHelper.java:471) ~[server-1.20.1-20230612.114412-srg.jar%23467!/:?]
	at net.minecraft.world.level.storage.loot.LootPool$Serializer.deserialize(LootPool.java:192) ~[server-1.20.1-20230612.114412-srg.jar%23467!/:?]
	at net.minecraft.world.level.storage.loot.LootPool$Serializer.deserialize(LootPool.java:189) ~[server-1.20.1-20230612.114412-srg.jar%23467!/:?]
	at com.google.gson.internal.bind.TreeTypeAdapter.read(TreeTypeAdapter.java:76) ~[gson-2.10.jar%2372!/:?]
	at com.google.gson.internal.bind.TypeAdapterRuntimeTypeWrapper.read(TypeAdapterRuntimeTypeWrapper.java:40) ~[gson-2.10.jar%2372!/:?]
	at com.google.gson.internal.bind.ArrayTypeAdapter.read(ArrayTypeAdapter.java:72) ~[gson-2.10.jar%2372!/:?]
	at com.google.gson.Gson.fromJson(Gson.java:1214) ~[gson-2.10.jar%2372!/:?]
	at com.google.gson.Gson.fromJson(Gson.java:1319) ~[gson-2.10.jar%2372!/:?]
	at com.google.gson.Gson.fromJson(Gson.java:1290) ~[gson-2.10.jar%2372!/:?]
	at com.google.gson.internal.bind.TreeTypeAdapter$GsonContextImpl.deserialize(TreeTypeAdapter.java:179) ~[gson-2.10.jar%2372!/:?]
	at net.minecraft.util.GsonHelper.m_13808_(GsonHelper.java:463) ~[server-1.20.1-20230612.114412-srg.jar%23467!/:?]
	at net.minecraft.util.GsonHelper.m_13845_(GsonHelper.java:481) ~[server-1.20.1-20230612.114412-srg.jar%23467!/:?]
	at net.minecraft.world.level.storage.loot.LootTable$Serializer.deserialize(LootTable.java:294) ~[server-1.20.1-20230612.114412-srg.jar%23467!/:?]
	at net.minecraft.world.level.storage.loot.LootTable$Serializer.deserialize(LootTable.java:291) ~[server-1.20.1-20230612.114412-srg.jar%23467!/:?]
	at com.google.gson.internal.bind.TreeTypeAdapter.read(TreeTypeAdapter.java:76) ~[gson-2.10.jar%2372!/:?]
	at com.google.gson.Gson.fromJson(Gson.java:1214) ~[gson-2.10.jar%2372!/:?]
	at com.google.gson.Gson.fromJson(Gson.java:1319) ~[gson-2.10.jar%2372!/:?]
	at com.google.gson.Gson.fromJson(Gson.java:1261) ~[gson-2.10.jar%2372!/:?]
	at net.minecraftforge.common.ForgeHooks.loadLootTable(ForgeHooks.java:871) ~[forge-1.20.1-47.3.7-universal.jar%23472!/:?]
	at net.minecraftforge.common.ForgeHooks.lambda$getLootTableDeserializer$3(ForgeHooks.java:848) ~[forge-1.20.1-47.3.7-universal.jar%23472!/:?]
	at net.minecraft.world.level.storage.loot.LootDataType.deserialize(LootDataType.java:45) ~[server-1.20.1-20230612.114412-srg.jar%23467!/:?]
	at net.minecraft.world.level.storage.loot.LootDataManager.lambda$scheduleElementParse$4(LootDataManager.java:56) ~[server-1.20.1-20230612.114412-srg.jar%23467!/:?]
	at java.util.HashMap.forEach(HashMap.java:1421) ~[?:?]
	at net.minecraft.world.level.storage.loot.LootDataManager.m_278660_(LootDataManager.java:55) ~[server-1.20.1-20230612.114412-srg.jar%23467!/:?]
	at java.util.concurrent.CompletableFuture$AsyncRun.run(CompletableFuture.java:1804) ~[?:?]
	at java.util.concurrent.CompletableFuture$AsyncRun.exec(CompletableFuture.java:1796) ~[?:?]
	at java.util.concurrent.ForkJoinTask.doExec(ForkJoinTask.java:373) ~[?:?]
	at java.util.concurrent.ForkJoinPool$WorkQueue.topLevelExec(ForkJoinPool.java:1182) ~[?:?]
	at java.util.concurrent.ForkJoinPool.scan(ForkJoinPool.java:1655) ~[?:?]
	at java.util.concurrent.ForkJoinPool.runWorker(ForkJoinPool.java:1622) ~[?:?]
	at java.util.concurrent.ForkJoinWorkerThread.run(ForkJoinWorkerThread.java:165) ~[?:?]
[23Apr2025 02:49:22.996] [Worker-Main-2/ERROR] [net.minecraftforge.common.ForgeHooks/]: Couldn't parse element loot_tables:overweight_farming:blocks/peeled_overweight_ginger_block
com.google.gson.JsonSyntaxException: Expected name to be an item, was unknown string 'snowyspirit:ginger'
	at net.minecraft.util.GsonHelper.m_13866_(GsonHelper.java:145) ~[server-1.20.1-20230612.114412-srg.jar%23467!/:?]
	at java.util.Optional.orElseThrow(Optional.java:403) ~[?:?]
	at net.minecraft.util.GsonHelper.m_13874_(GsonHelper.java:145) ~[server-1.20.1-20230612.114412-srg.jar%23467!/:?]
	at net.minecraft.util.GsonHelper.m_13909_(GsonHelper.java:153) ~[server-1.20.1-20230612.114412-srg.jar%23467!/:?]
	at net.minecraft.world.level.storage.loot.entries.LootItem$Serializer.m_7267_(LootItem.java:55) ~[server-1.20.1-20230612.114412-srg.jar%23467!/:?]
	at net.minecraft.world.level.storage.loot.entries.LootItem$Serializer.m_7267_(LootItem.java:40) ~[server-1.20.1-20230612.114412-srg.jar%23467!/:?]
	at net.minecraft.world.level.storage.loot.entries.LootPoolSingletonContainer$Serializer.m_5921_(LootPoolSingletonContainer.java:151) ~[server-1.20.1-20230612.114412-srg.jar%23467!/:?]
	at net.minecraft.world.level.storage.loot.entries.LootPoolSingletonContainer$Serializer.m_5921_(LootPoolSingletonContainer.java:129) ~[server-1.20.1-20230612.114412-srg.jar%23467!/:?]
	at net.minecraft.world.level.storage.loot.entries.LootPoolEntryContainer$Serializer.m_7561_(LootPoolEntryContainer.java:86) ~[server-1.20.1-20230612.114412-srg.jar%23467!/:?]
	at net.minecraft.world.level.storage.loot.entries.LootPoolEntryContainer$Serializer.m_7561_(LootPoolEntryContainer.java:74) ~[server-1.20.1-20230612.114412-srg.jar%23467!/:?]
	at net.minecraft.world.level.storage.loot.GsonAdapterFactory$JsonAdapter.deserialize(GsonAdapterFactory.java:102) ~[server-1.20.1-20230612.114412-srg.jar%23467!/:?]
	at com.google.gson.internal.bind.TreeTypeAdapter.read(TreeTypeAdapter.java:76) ~[gson-2.10.jar%2372!/:?]
	at com.google.gson.internal.bind.TypeAdapterRuntimeTypeWrapper.read(TypeAdapterRuntimeTypeWrapper.java:40) ~[gson-2.10.jar%2372!/:?]
	at com.google.gson.internal.bind.ArrayTypeAdapter.read(ArrayTypeAdapter.java:72) ~[gson-2.10.jar%2372!/:?]
	at com.google.gson.Gson.fromJson(Gson.java:1214) ~[gson-2.10.jar%2372!/:?]
	at com.google.gson.Gson.fromJson(Gson.java:1319) ~[gson-2.10.jar%2372!/:?]
	at com.google.gson.Gson.fromJson(Gson.java:1290) ~[gson-2.10.jar%2372!/:?]
	at com.google.gson.internal.bind.TreeTypeAdapter$GsonContextImpl.deserialize(TreeTypeAdapter.java:179) ~[gson-2.10.jar%2372!/:?]
	at net.minecraft.util.GsonHelper.m_13808_(GsonHelper.java:463) ~[server-1.20.1-20230612.114412-srg.jar%23467!/:?]
	at net.minecraft.util.GsonHelper.m_13836_(GsonHelper.java:471) ~[server-1.20.1-20230612.114412-srg.jar%23467!/:?]
	at net.minecraft.world.level.storage.loot.entries.CompositeEntryBase$1.m_5921_(CompositeEntryBase.java:61) ~[server-1.20.1-20230612.114412-srg.jar%23467!/:?]
	at net.minecraft.world.level.storage.loot.entries.CompositeEntryBase$1.m_5921_(CompositeEntryBase.java:53) ~[server-1.20.1-20230612.114412-srg.jar%23467!/:?]
	at net.minecraft.world.level.storage.loot.entries.LootPoolEntryContainer$Serializer.m_7561_(LootPoolEntryContainer.java:86) ~[server-1.20.1-20230612.114412-srg.jar%23467!/:?]
	at net.minecraft.world.level.storage.loot.entries.LootPoolEntryContainer$Serializer.m_7561_(LootPoolEntryContainer.java:74) ~[server-1.20.1-20230612.114412-srg.jar%23467!/:?]
	at net.minecraft.world.level.storage.loot.GsonAdapterFactory$JsonAdapter.deserialize(GsonAdapterFactory.java:102) ~[server-1.20.1-20230612.114412-srg.jar%23467!/:?]
	at com.google.gson.internal.bind.TreeTypeAdapter.read(TreeTypeAdapter.java:76) ~[gson-2.10.jar%2372!/:?]
	at com.google.gson.internal.bind.TypeAdapterRuntimeTypeWrapper.read(TypeAdapterRuntimeTypeWrapper.java:40) ~[gson-2.10.jar%2372!/:?]
	at com.google.gson.internal.bind.ArrayTypeAdapter.read(ArrayTypeAdapter.java:72) ~[gson-2.10.jar%2372!/:?]
	at com.google.gson.Gson.fromJson(Gson.java:1214) ~[gson-2.10.jar%2372!/:?]
	at com.google.gson.Gson.fromJson(Gson.java:1319) ~[gson-2.10.jar%2372!/:?]
	at com.google.gson.Gson.fromJson(Gson.java:1290) ~[gson-2.10.jar%2372!/:?]
	at com.google.gson.internal.bind.TreeTypeAdapter$GsonContextImpl.deserialize(TreeTypeAdapter.java:179) ~[gson-2.10.jar%2372!/:?]
	at net.minecraft.util.GsonHelper.m_13808_(GsonHelper.java:463) ~[server-1.20.1-20230612.114412-srg.jar%23467!/:?]
	at net.minecraft.util.GsonHelper.m_13836_(GsonHelper.java:471) ~[server-1.20.1-20230612.114412-srg.jar%23467!/:?]
	at net.minecraft.world.level.storage.loot.entries.CompositeEntryBase$1.m_5921_(CompositeEntryBase.java:61) ~[server-1.20.1-20230612.114412-srg.jar%23467!/:?]
	at net.minecraft.world.level.storage.loot.entries.CompositeEntryBase$1.m_5921_(CompositeEntryBase.java:53) ~[server-1.20.1-20230612.114412-srg.jar%23467!/:?]
	at net.minecraft.world.level.storage.loot.entries.LootPoolEntryContainer$Serializer.m_7561_(LootPoolEntryContainer.java:86) ~[server-1.20.1-20230612.114412-srg.jar%23467!/:?]
	at net.minecraft.world.level.storage.loot.entries.LootPoolEntryContainer$Serializer.m_7561_(LootPoolEntryContainer.java:74) ~[server-1.20.1-20230612.114412-srg.jar%23467!/:?]
	at net.minecraft.world.level.storage.loot.GsonAdapterFactory$JsonAdapter.deserialize(GsonAdapterFactory.java:102) ~[server-1.20.1-20230612.114412-srg.jar%23467!/:?]
	at com.google.gson.internal.bind.TreeTypeAdapter.read(TreeTypeAdapter.java:76) ~[gson-2.10.jar%2372!/:?]
	at com.google.gson.internal.bind.TypeAdapterRuntimeTypeWrapper.read(TypeAdapterRuntimeTypeWrapper.java:40) ~[gson-2.10.jar%2372!/:?]
	at com.google.gson.internal.bind.ArrayTypeAdapter.read(ArrayTypeAdapter.java:72) ~[gson-2.10.jar%2372!/:?]
	at com.google.gson.Gson.fromJson(Gson.java:1214) ~[gson-2.10.jar%2372!/:?]
	at com.google.gson.Gson.fromJson(Gson.java:1319) ~[gson-2.10.jar%2372!/:?]
	at com.google.gson.Gson.fromJson(Gson.java:1290) ~[gson-2.10.jar%2372!/:?]
	at com.google.gson.internal.bind.TreeTypeAdapter$GsonContextImpl.deserialize(TreeTypeAdapter.java:179) ~[gson-2.10.jar%2372!/:?]
	at net.minecraft.util.GsonHelper.m_13808_(GsonHelper.java:463) ~[server-1.20.1-20230612.114412-srg.jar%23467!/:?]
	at net.minecraft.util.GsonHelper.m_13836_(GsonHelper.java:471) ~[server-1.20.1-20230612.114412-srg.jar%23467!/:?]
	at net.minecraft.world.level.storage.loot.LootPool$Serializer.deserialize(LootPool.java:192) ~[server-1.20.1-20230612.114412-srg.jar%23467!/:?]
	at net.minecraft.world.level.storage.loot.LootPool$Serializer.deserialize(LootPool.java:189) ~[server-1.20.1-20230612.114412-srg.jar%23467!/:?]
	at com.google.gson.internal.bind.TreeTypeAdapter.read(TreeTypeAdapter.java:76) ~[gson-2.10.jar%2372!/:?]
	at com.google.gson.internal.bind.TypeAdapterRuntimeTypeWrapper.read(TypeAdapterRuntimeTypeWrapper.java:40) ~[gson-2.10.jar%2372!/:?]
	at com.google.gson.internal.bind.ArrayTypeAdapter.read(ArrayTypeAdapter.java:72) ~[gson-2.10.jar%2372!/:?]
	at com.google.gson.Gson.fromJson(Gson.java:1214) ~[gson-2.10.jar%2372!/:?]
	at com.google.gson.Gson.fromJson(Gson.java:1319) ~[gson-2.10.jar%2372!/:?]
	at com.google.gson.Gson.fromJson(Gson.java:1290) ~[gson-2.10.jar%2372!/:?]
	at com.google.gson.internal.bind.TreeTypeAdapter$GsonContextImpl.deserialize(TreeTypeAdapter.java:179) ~[gson-2.10.jar%2372!/:?]
	at net.minecraft.util.GsonHelper.m_13808_(GsonHelper.java:463) ~[server-1.20.1-20230612.114412-srg.jar%23467!/:?]
	at net.minecraft.util.GsonHelper.m_13845_(GsonHelper.java:481) ~[server-1.20.1-20230612.114412-srg.jar%23467!/:?]
	at net.minecraft.world.level.storage.loot.LootTable$Serializer.deserialize(LootTable.java:294) ~[server-1.20.1-20230612.114412-srg.jar%23467!/:?]
	at net.minecraft.world.level.storage.loot.LootTable$Serializer.deserialize(LootTable.java:291) ~[server-1.20.1-20230612.114412-srg.jar%23467!/:?]
	at com.google.gson.internal.bind.TreeTypeAdapter.read(TreeTypeAdapter.java:76) ~[gson-2.10.jar%2372!/:?]
	at com.google.gson.Gson.fromJson(Gson.java:1214) ~[gson-2.10.jar%2372!/:?]
	at com.google.gson.Gson.fromJson(Gson.java:1319) ~[gson-2.10.jar%2372!/:?]
	at com.google.gson.Gson.fromJson(Gson.java:1261) ~[gson-2.10.jar%2372!/:?]
	at net.minecraftforge.common.ForgeHooks.loadLootTable(ForgeHooks.java:871) ~[forge-1.20.1-47.3.7-universal.jar%23472!/:?]
	at net.minecraftforge.common.ForgeHooks.lambda$getLootTableDeserializer$3(ForgeHooks.java:848) ~[forge-1.20.1-47.3.7-universal.jar%23472!/:?]
	at net.minecraft.world.level.storage.loot.LootDataType.deserialize(LootDataType.java:45) ~[server-1.20.1-20230612.114412-srg.jar%23467!/:?]
	at net.minecraft.world.level.storage.loot.LootDataManager.lambda$scheduleElementParse$4(LootDataManager.java:56) ~[server-1.20.1-20230612.114412-srg.jar%23467!/:?]
	at java.util.HashMap.forEach(HashMap.java:1421) ~[?:?]
	at net.minecraft.world.level.storage.loot.LootDataManager.m_278660_(LootDataManager.java:55) ~[server-1.20.1-20230612.114412-srg.jar%23467!/:?]
	at java.util.concurrent.CompletableFuture$AsyncRun.run(CompletableFuture.java:1804) ~[?:?]
	at java.util.concurrent.CompletableFuture$AsyncRun.exec(CompletableFuture.java:1796) ~[?:?]
	at java.util.concurrent.ForkJoinTask.doExec(ForkJoinTask.java:373) ~[?:?]
	at java.util.concurrent.ForkJoinPool$WorkQueue.topLevelExec(ForkJoinPool.java:1182) ~[?:?]
	at java.util.concurrent.ForkJoinPool.scan(ForkJoinPool.java:1655) ~[?:?]
	at java.util.concurrent.ForkJoinPool.runWorker(ForkJoinPool.java:1622) ~[?:?]
	at java.util.concurrent.ForkJoinWorkerThread.run(ForkJoinWorkerThread.java:165) ~[?:?]
[23Apr2025 02:49:23.211] [Worker-Main-2/ERROR] [net.minecraftforge.common.ForgeHooks/]: Couldn't parse element loot_tables:overweight_farming:blocks/overweight_sliced_kiwi_block
com.google.gson.JsonSyntaxException: Expected name to be an item, was unknown string 'hedgehog:kiwi'
	at net.minecraft.util.GsonHelper.m_13866_(GsonHelper.java:145) ~[server-1.20.1-20230612.114412-srg.jar%23467!/:?]
	at java.util.Optional.orElseThrow(Optional.java:403) ~[?:?]
	at net.minecraft.util.GsonHelper.m_13874_(GsonHelper.java:145) ~[server-1.20.1-20230612.114412-srg.jar%23467!/:?]
	at net.minecraft.util.GsonHelper.m_13909_(GsonHelper.java:153) ~[server-1.20.1-20230612.114412-srg.jar%23467!/:?]
	at net.minecraft.world.level.storage.loot.entries.LootItem$Serializer.m_7267_(LootItem.java:55) ~[server-1.20.1-20230612.114412-srg.jar%23467!/:?]
	at net.minecraft.world.level.storage.loot.entries.LootItem$Serializer.m_7267_(LootItem.java:40) ~[server-1.20.1-20230612.114412-srg.jar%23467!/:?]
	at net.minecraft.world.level.storage.loot.entries.LootPoolSingletonContainer$Serializer.m_5921_(LootPoolSingletonContainer.java:151) ~[server-1.20.1-20230612.114412-srg.jar%23467!/:?]
	at net.minecraft.world.level.storage.loot.entries.LootPoolSingletonContainer$Serializer.m_5921_(LootPoolSingletonContainer.java:129) ~[server-1.20.1-20230612.114412-srg.jar%23467!/:?]
	at net.minecraft.world.level.storage.loot.entries.LootPoolEntryContainer$Serializer.m_7561_(LootPoolEntryContainer.java:86) ~[server-1.20.1-20230612.114412-srg.jar%23467!/:?]
	at net.minecraft.world.level.storage.loot.entries.LootPoolEntryContainer$Serializer.m_7561_(LootPoolEntryContainer.java:74) ~[server-1.20.1-20230612.114412-srg.jar%23467!/:?]
	at net.minecraft.world.level.storage.loot.GsonAdapterFactory$JsonAdapter.deserialize(GsonAdapterFactory.java:102) ~[server-1.20.1-20230612.114412-srg.jar%23467!/:?]
	at com.google.gson.internal.bind.TreeTypeAdapter.read(TreeTypeAdapter.java:76) ~[gson-2.10.jar%2372!/:?]
	at com.google.gson.internal.bind.TypeAdapterRuntimeTypeWrapper.read(TypeAdapterRuntimeTypeWrapper.java:40) ~[gson-2.10.jar%2372!/:?]
	at com.google.gson.internal.bind.ArrayTypeAdapter.read(ArrayTypeAdapter.java:72) ~[gson-2.10.jar%2372!/:?]
	at com.google.gson.Gson.fromJson(Gson.java:1214) ~[gson-2.10.jar%2372!/:?]
	at com.google.gson.Gson.fromJson(Gson.java:1319) ~[gson-2.10.jar%2372!/:?]
	at com.google.gson.Gson.fromJson(Gson.java:1290) ~[gson-2.10.jar%2372!/:?]
	at com.google.gson.internal.bind.TreeTypeAdapter$GsonContextImpl.deserialize(TreeTypeAdapter.java:179) ~[gson-2.10.jar%2372!/:?]
	at net.minecraft.util.GsonHelper.m_13808_(GsonHelper.java:463) ~[server-1.20.1-20230612.114412-srg.jar%23467!/:?]
	at net.minecraft.util.GsonHelper.m_13836_(GsonHelper.java:471) ~[server-1.20.1-20230612.114412-srg.jar%23467!/:?]
	at net.minecraft.world.level.storage.loot.entries.CompositeEntryBase$1.m_5921_(CompositeEntryBase.java:61) ~[server-1.20.1-20230612.114412-srg.jar%23467!/:?]
	at net.minecraft.world.level.storage.loot.entries.CompositeEntryBase$1.m_5921_(CompositeEntryBase.java:53) ~[server-1.20.1-20230612.114412-srg.jar%23467!/:?]
	at net.minecraft.world.level.storage.loot.entries.LootPoolEntryContainer$Serializer.m_7561_(LootPoolEntryContainer.java:86) ~[server-1.20.1-20230612.114412-srg.jar%23467!/:?]
	at net.minecraft.world.level.storage.loot.entries.LootPoolEntryContainer$Serializer.m_7561_(LootPoolEntryContainer.java:74) ~[server-1.20.1-20230612.114412-srg.jar%23467!/:?]
	at net.minecraft.world.level.storage.loot.GsonAdapterFactory$JsonAdapter.deserialize(GsonAdapterFactory.java:102) ~[server-1.20.1-20230612.114412-srg.jar%23467!/:?]
	at com.google.gson.internal.bind.TreeTypeAdapter.read(TreeTypeAdapter.java:76) ~[gson-2.10.jar%2372!/:?]
	at com.google.gson.internal.bind.TypeAdapterRuntimeTypeWrapper.read(TypeAdapterRuntimeTypeWrapper.java:40) ~[gson-2.10.jar%2372!/:?]
	at com.google.gson.internal.bind.ArrayTypeAdapter.read(ArrayTypeAdapter.java:72) ~[gson-2.10.jar%2372!/:?]
	at com.google.gson.Gson.fromJson(Gson.java:1214) ~[gson-2.10.jar%2372!/:?]
	at com.google.gson.Gson.fromJson(Gson.java:1319) ~[gson-2.10.jar%2372!/:?]
	at com.google.gson.Gson.fromJson(Gson.java:1290) ~[gson-2.10.jar%2372!/:?]
	at com.google.gson.internal.bind.TreeTypeAdapter$GsonContextImpl.deserialize(TreeTypeAdapter.java:179) ~[gson-2.10.jar%2372!/:?]
	at net.minecraft.util.GsonHelper.m_13808_(GsonHelper.java:463) ~[server-1.20.1-20230612.114412-srg.jar%23467!/:?]
	at net.minecraft.util.GsonHelper.m_13836_(GsonHelper.java:471) ~[server-1.20.1-20230612.114412-srg.jar%23467!/:?]
	at net.minecraft.world.level.storage.loot.entries.CompositeEntryBase$1.m_5921_(CompositeEntryBase.java:61) ~[server-1.20.1-20230612.114412-srg.jar%23467!/:?]
	at net.minecraft.world.level.storage.loot.entries.CompositeEntryBase$1.m_5921_(CompositeEntryBase.java:53) ~[server-1.20.1-20230612.114412-srg.jar%23467!/:?]
	at net.minecraft.world.level.storage.loot.entries.LootPoolEntryContainer$Serializer.m_7561_(LootPoolEntryContainer.java:86) ~[server-1.20.1-20230612.114412-srg.jar%23467!/:?]
	at net.minecraft.world.level.storage.loot.entries.LootPoolEntryContainer$Serializer.m_7561_(LootPoolEntryContainer.java:74) ~[server-1.20.1-20230612.114412-srg.jar%23467!/:?]
	at net.minecraft.world.level.storage.loot.GsonAdapterFactory$JsonAdapter.deserialize(GsonAdapterFactory.java:102) ~[server-1.20.1-20230612.114412-srg.jar%23467!/:?]
	at com.google.gson.internal.bind.TreeTypeAdapter.read(TreeTypeAdapter.java:76) ~[gson-2.10.jar%2372!/:?]
	at com.google.gson.internal.bind.TypeAdapterRuntimeTypeWrapper.read(TypeAdapterRuntimeTypeWrapper.java:40) ~[gson-2.10.jar%2372!/:?]
	at com.google.gson.internal.bind.ArrayTypeAdapter.read(ArrayTypeAdapter.java:72) ~[gson-2.10.jar%2372!/:?]
	at com.google.gson.Gson.fromJson(Gson.java:1214) ~[gson-2.10.jar%2372!/:?]
	at com.google.gson.Gson.fromJson(Gson.java:1319) ~[gson-2.10.jar%2372!/:?]
	at com.google.gson.Gson.fromJson(Gson.java:1290) ~[gson-2.10.jar%2372!/:?]
	at com.google.gson.internal.bind.TreeTypeAdapter$GsonContextImpl.deserialize(TreeTypeAdapter.java:179) ~[gson-2.10.jar%2372!/:?]
	at net.minecraft.util.GsonHelper.m_13808_(GsonHelper.java:463) ~[server-1.20.1-20230612.114412-srg.jar%23467!/:?]
	at net.minecraft.util.GsonHelper.m_13836_(GsonHelper.java:471) ~[server-1.20.1-20230612.114412-srg.jar%23467!/:?]
	at net.minecraft.world.level.storage.loot.LootPool$Serializer.deserialize(LootPool.java:192) ~[server-1.20.1-20230612.114412-srg.jar%23467!/:?]
	at net.minecraft.world.level.storage.loot.LootPool$Serializer.deserialize(LootPool.java:189) ~[server-1.20.1-20230612.114412-srg.jar%23467!/:?]
	at com.google.gson.internal.bind.TreeTypeAdapter.read(TreeTypeAdapter.java:76) ~[gson-2.10.jar%2372!/:?]
	at com.google.gson.internal.bind.TypeAdapterRuntimeTypeWrapper.read(TypeAdapterRuntimeTypeWrapper.java:40) ~[gson-2.10.jar%2372!/:?]
	at com.google.gson.internal.bind.ArrayTypeAdapter.read(ArrayTypeAdapter.java:72) ~[gson-2.10.jar%2372!/:?]
	at com.google.gson.Gson.fromJson(Gson.java:1214) ~[gson-2.10.jar%2372!/:?]
	at com.google.gson.Gson.fromJson(Gson.java:1319) ~[gson-2.10.jar%2372!/:?]
	at com.google.gson.Gson.fromJson(Gson.java:1290) ~[gson-2.10.jar%2372!/:?]
	at com.google.gson.internal.bind.TreeTypeAdapter$GsonContextImpl.deserialize(TreeTypeAdapter.java:179) ~[gson-2.10.jar%2372!/:?]
	at net.minecraft.util.GsonHelper.m_13808_(GsonHelper.java:463) ~[server-1.20.1-20230612.114412-srg.jar%23467!/:?]
	at net.minecraft.util.GsonHelper.m_13845_(GsonHelper.java:481) ~[server-1.20.1-20230612.114412-srg.jar%23467!/:?]
	at net.minecraft.world.level.storage.loot.LootTable$Serializer.deserialize(LootTable.java:294) ~[server-1.20.1-20230612.114412-srg.jar%23467!/:?]
	at net.minecraft.world.level.storage.loot.LootTable$Serializer.deserialize(LootTable.java:291) ~[server-1.20.1-20230612.114412-srg.jar%23467!/:?]
	at com.google.gson.internal.bind.TreeTypeAdapter.read(TreeTypeAdapter.java:76) ~[gson-2.10.jar%2372!/:?]
	at com.google.gson.Gson.fromJson(Gson.java:1214) ~[gson-2.10.jar%2372!/:?]
	at com.google.gson.Gson.fromJson(Gson.java:1319) ~[gson-2.10.jar%2372!/:?]
	at com.google.gson.Gson.fromJson(Gson.java:1261) ~[gson-2.10.jar%2372!/:?]
	at net.minecraftforge.common.ForgeHooks.loadLootTable(ForgeHooks.java:871) ~[forge-1.20.1-47.3.7-universal.jar%23472!/:?]
	at net.minecraftforge.common.ForgeHooks.lambda$getLootTableDeserializer$3(ForgeHooks.java:848) ~[forge-1.20.1-47.3.7-universal.jar%23472!/:?]
	at net.minecraft.world.level.storage.loot.LootDataType.deserialize(LootDataType.java:45) ~[server-1.20.1-20230612.114412-srg.jar%23467!/:?]
	at net.minecraft.world.level.storage.loot.LootDataManager.lambda$scheduleElementParse$4(LootDataManager.java:56) ~[server-1.20.1-20230612.114412-srg.jar%23467!/:?]
	at java.util.HashMap.forEach(HashMap.java:1421) ~[?:?]
	at net.minecraft.world.level.storage.loot.LootDataManager.m_278660_(LootDataManager.java:55) ~[server-1.20.1-20230612.114412-srg.jar%23467!/:?]
	at java.util.concurrent.CompletableFuture$AsyncRun.run(CompletableFuture.java:1804) ~[?:?]
	at java.util.concurrent.CompletableFuture$AsyncRun.exec(CompletableFuture.java:1796) ~[?:?]
	at java.util.concurrent.ForkJoinTask.doExec(ForkJoinTask.java:373) ~[?:?]
	at java.util.concurrent.ForkJoinPool$WorkQueue.topLevelExec(ForkJoinPool.java:1182) ~[?:?]
	at java.util.concurrent.ForkJoinPool.scan(ForkJoinPool.java:1655) ~[?:?]
	at java.util.concurrent.ForkJoinPool.runWorker(ForkJoinPool.java:1622) ~[?:?]
	at java.util.concurrent.ForkJoinWorkerThread.run(ForkJoinWorkerThread.java:165) ~[?:?]
[23Apr2025 02:49:23.827] [Worker-Main-2/ERROR] [net.minecraftforge.common.ForgeHooks/]: Couldn't parse element loot_tables:revampedpiles:blocks/retired_adventurer_portrait
com.google.gson.JsonSyntaxException: Expected name to be an item, was unknown string 'revampedpiles:retirer_adventurer_portrait'
	at net.minecraft.util.GsonHelper.m_13866_(GsonHelper.java:145) ~[server-1.20.1-20230612.114412-srg.jar%23467!/:?]
	at java.util.Optional.orElseThrow(Optional.java:403) ~[?:?]
	at net.minecraft.util.GsonHelper.m_13874_(GsonHelper.java:145) ~[server-1.20.1-20230612.114412-srg.jar%23467!/:?]
	at net.minecraft.util.GsonHelper.m_13909_(GsonHelper.java:153) ~[server-1.20.1-20230612.114412-srg.jar%23467!/:?]
	at net.minecraft.world.level.storage.loot.entries.LootItem$Serializer.m_7267_(LootItem.java:55) ~[server-1.20.1-20230612.114412-srg.jar%23467!/:?]
	at net.minecraft.world.level.storage.loot.entries.LootItem$Serializer.m_7267_(LootItem.java:40) ~[server-1.20.1-20230612.114412-srg.jar%23467!/:?]
	at net.minecraft.world.level.storage.loot.entries.LootPoolSingletonContainer$Serializer.m_5921_(LootPoolSingletonContainer.java:151) ~[server-1.20.1-20230612.114412-srg.jar%23467!/:?]
	at net.minecraft.world.level.storage.loot.entries.LootPoolSingletonContainer$Serializer.m_5921_(LootPoolSingletonContainer.java:129) ~[server-1.20.1-20230612.114412-srg.jar%23467!/:?]
	at net.minecraft.world.level.storage.loot.entries.LootPoolEntryContainer$Serializer.m_7561_(LootPoolEntryContainer.java:86) ~[server-1.20.1-20230612.114412-srg.jar%23467!/:?]
	at net.minecraft.world.level.storage.loot.entries.LootPoolEntryContainer$Serializer.m_7561_(LootPoolEntryContainer.java:74) ~[server-1.20.1-20230612.114412-srg.jar%23467!/:?]
	at net.minecraft.world.level.storage.loot.GsonAdapterFactory$JsonAdapter.deserialize(GsonAdapterFactory.java:102) ~[server-1.20.1-20230612.114412-srg.jar%23467!/:?]
	at com.google.gson.internal.bind.TreeTypeAdapter.read(TreeTypeAdapter.java:76) ~[gson-2.10.jar%2372!/:?]
	at com.google.gson.internal.bind.TypeAdapterRuntimeTypeWrapper.read(TypeAdapterRuntimeTypeWrapper.java:40) ~[gson-2.10.jar%2372!/:?]
	at com.google.gson.internal.bind.ArrayTypeAdapter.read(ArrayTypeAdapter.java:72) ~[gson-2.10.jar%2372!/:?]
	at com.google.gson.Gson.fromJson(Gson.java:1214) ~[gson-2.10.jar%2372!/:?]
	at com.google.gson.Gson.fromJson(Gson.java:1319) ~[gson-2.10.jar%2372!/:?]
	at com.google.gson.Gson.fromJson(Gson.java:1290) ~[gson-2.10.jar%2372!/:?]
	at com.google.gson.internal.bind.TreeTypeAdapter$GsonContextImpl.deserialize(TreeTypeAdapter.java:179) ~[gson-2.10.jar%2372!/:?]
	at net.minecraft.util.GsonHelper.m_13808_(GsonHelper.java:463) ~[server-1.20.1-20230612.114412-srg.jar%23467!/:?]
	at net.minecraft.util.GsonHelper.m_13836_(GsonHelper.java:471) ~[server-1.20.1-20230612.114412-srg.jar%23467!/:?]
	at net.minecraft.world.level.storage.loot.LootPool$Serializer.deserialize(LootPool.java:192) ~[server-1.20.1-20230612.114412-srg.jar%23467!/:?]
	at net.minecraft.world.level.storage.loot.LootPool$Serializer.deserialize(LootPool.java:189) ~[server-1.20.1-20230612.114412-srg.jar%23467!/:?]
	at com.google.gson.internal.bind.TreeTypeAdapter.read(TreeTypeAdapter.java:76) ~[gson-2.10.jar%2372!/:?]
	at com.google.gson.internal.bind.TypeAdapterRuntimeTypeWrapper.read(TypeAdapterRuntimeTypeWrapper.java:40) ~[gson-2.10.jar%2372!/:?]
	at com.google.gson.internal.bind.ArrayTypeAdapter.read(ArrayTypeAdapter.java:72) ~[gson-2.10.jar%2372!/:?]
	at com.google.gson.Gson.fromJson(Gson.java:1214) ~[gson-2.10.jar%2372!/:?]
	at com.google.gson.Gson.fromJson(Gson.java:1319) ~[gson-2.10.jar%2372!/:?]
	at com.google.gson.Gson.fromJson(Gson.java:1290) ~[gson-2.10.jar%2372!/:?]
	at com.google.gson.internal.bind.TreeTypeAdapter$GsonContextImpl.deserialize(TreeTypeAdapter.java:179) ~[gson-2.10.jar%2372!/:?]
	at net.minecraft.util.GsonHelper.m_13808_(GsonHelper.java:463) ~[server-1.20.1-20230612.114412-srg.jar%23467!/:?]
	at net.minecraft.util.GsonHelper.m_13845_(GsonHelper.java:481) ~[server-1.20.1-20230612.114412-srg.jar%23467!/:?]
	at net.minecraft.world.level.storage.loot.LootTable$Serializer.deserialize(LootTable.java:294) ~[server-1.20.1-20230612.114412-srg.jar%23467!/:?]
	at net.minecraft.world.level.storage.loot.LootTable$Serializer.deserialize(LootTable.java:291) ~[server-1.20.1-20230612.114412-srg.jar%23467!/:?]
	at com.google.gson.internal.bind.TreeTypeAdapter.read(TreeTypeAdapter.java:76) ~[gson-2.10.jar%2372!/:?]
	at com.google.gson.Gson.fromJson(Gson.java:1214) ~[gson-2.10.jar%2372!/:?]
	at com.google.gson.Gson.fromJson(Gson.java:1319) ~[gson-2.10.jar%2372!/:?]
	at com.google.gson.Gson.fromJson(Gson.java:1261) ~[gson-2.10.jar%2372!/:?]
	at net.minecraftforge.common.ForgeHooks.loadLootTable(ForgeHooks.java:871) ~[forge-1.20.1-47.3.7-universal.jar%23472!/:?]
	at net.minecraftforge.common.ForgeHooks.lambda$getLootTableDeserializer$3(ForgeHooks.java:848) ~[forge-1.20.1-47.3.7-universal.jar%23472!/:?]
	at net.minecraft.world.level.storage.loot.LootDataType.deserialize(LootDataType.java:45) ~[server-1.20.1-20230612.114412-srg.jar%23467!/:?]
	at net.minecraft.world.level.storage.loot.LootDataManager.lambda$scheduleElementParse$4(LootDataManager.java:56) ~[server-1.20.1-20230612.114412-srg.jar%23467!/:?]
	at java.util.HashMap.forEach(HashMap.java:1421) ~[?:?]
	at net.minecraft.world.level.storage.loot.LootDataManager.m_278660_(LootDataManager.java:55) ~[server-1.20.1-20230612.114412-srg.jar%23467!/:?]
	at java.util.concurrent.CompletableFuture$AsyncRun.run(CompletableFuture.java:1804) ~[?:?]
	at java.util.concurrent.CompletableFuture$AsyncRun.exec(CompletableFuture.java:1796) ~[?:?]
	at java.util.concurrent.ForkJoinTask.doExec(ForkJoinTask.java:373) ~[?:?]
	at java.util.concurrent.ForkJoinPool$WorkQueue.topLevelExec(ForkJoinPool.java:1182) ~[?:?]
	at java.util.concurrent.ForkJoinPool.scan(ForkJoinPool.java:1655) ~[?:?]
	at java.util.concurrent.ForkJoinPool.runWorker(ForkJoinPool.java:1622) ~[?:?]
	at java.util.concurrent.ForkJoinWorkerThread.run(ForkJoinWorkerThread.java:165) ~[?:?]
[23Apr2025 02:49:24.460] [Worker-Main-2/ERROR] [net.minecraftforge.common.ForgeHooks/]: Couldn't parse element loot_tables:revampedpiles:blocks/hanging_mutton
com.google.gson.JsonSyntaxException: Expected name to be an item, was unknown string 'revampedpiles:mutton'
	at net.minecraft.util.GsonHelper.m_13866_(GsonHelper.java:145) ~[server-1.20.1-20230612.114412-srg.jar%23467!/:?]
	at java.util.Optional.orElseThrow(Optional.java:403) ~[?:?]
	at net.minecraft.util.GsonHelper.m_13874_(GsonHelper.java:145) ~[server-1.20.1-20230612.114412-srg.jar%23467!/:?]
	at net.minecraft.util.GsonHelper.m_13909_(GsonHelper.java:153) ~[server-1.20.1-20230612.114412-srg.jar%23467!/:?]
	at net.minecraft.world.level.storage.loot.entries.LootItem$Serializer.m_7267_(LootItem.java:55) ~[server-1.20.1-20230612.114412-srg.jar%23467!/:?]
	at net.minecraft.world.level.storage.loot.entries.LootItem$Serializer.m_7267_(LootItem.java:40) ~[server-1.20.1-20230612.114412-srg.jar%23467!/:?]
	at net.minecraft.world.level.storage.loot.entries.LootPoolSingletonContainer$Serializer.m_5921_(LootPoolSingletonContainer.java:151) ~[server-1.20.1-20230612.114412-srg.jar%23467!/:?]
	at net.minecraft.world.level.storage.loot.entries.LootPoolSingletonContainer$Serializer.m_5921_(LootPoolSingletonContainer.java:129) ~[server-1.20.1-20230612.114412-srg.jar%23467!/:?]
	at net.minecraft.world.level.storage.loot.entries.LootPoolEntryContainer$Serializer.m_7561_(LootPoolEntryContainer.java:86) ~[server-1.20.1-20230612.114412-srg.jar%23467!/:?]
	at net.minecraft.world.level.storage.loot.entries.LootPoolEntryContainer$Serializer.m_7561_(LootPoolEntryContainer.java:74) ~[server-1.20.1-20230612.114412-srg.jar%23467!/:?]
	at net.minecraft.world.level.storage.loot.GsonAdapterFactory$JsonAdapter.deserialize(GsonAdapterFactory.java:102) ~[server-1.20.1-20230612.114412-srg.jar%23467!/:?]
	at com.google.gson.internal.bind.TreeTypeAdapter.read(TreeTypeAdapter.java:76) ~[gson-2.10.jar%2372!/:?]
	at com.google.gson.internal.bind.TypeAdapterRuntimeTypeWrapper.read(TypeAdapterRuntimeTypeWrapper.java:40) ~[gson-2.10.jar%2372!/:?]
	at com.google.gson.internal.bind.ArrayTypeAdapter.read(ArrayTypeAdapter.java:72) ~[gson-2.10.jar%2372!/:?]
	at com.google.gson.Gson.fromJson(Gson.java:1214) ~[gson-2.10.jar%2372!/:?]
	at com.google.gson.Gson.fromJson(Gson.java:1319) ~[gson-2.10.jar%2372!/:?]
	at com.google.gson.Gson.fromJson(Gson.java:1290) ~[gson-2.10.jar%2372!/:?]
	at com.google.gson.internal.bind.TreeTypeAdapter$GsonContextImpl.deserialize(TreeTypeAdapter.java:179) ~[gson-2.10.jar%2372!/:?]
	at net.minecraft.util.GsonHelper.m_13808_(GsonHelper.java:463) ~[server-1.20.1-20230612.114412-srg.jar%23467!/:?]
	at net.minecraft.util.GsonHelper.m_13836_(GsonHelper.java:471) ~[server-1.20.1-20230612.114412-srg.jar%23467!/:?]
	at net.minecraft.world.level.storage.loot.LootPool$Serializer.deserialize(LootPool.java:192) ~[server-1.20.1-20230612.114412-srg.jar%23467!/:?]
	at net.minecraft.world.level.storage.loot.LootPool$Serializer.deserialize(LootPool.java:189) ~[server-1.20.1-20230612.114412-srg.jar%23467!/:?]
	at com.google.gson.internal.bind.TreeTypeAdapter.read(TreeTypeAdapter.java:76) ~[gson-2.10.jar%2372!/:?]
	at com.google.gson.internal.bind.TypeAdapterRuntimeTypeWrapper.read(TypeAdapterRuntimeTypeWrapper.java:40) ~[gson-2.10.jar%2372!/:?]
	at com.google.gson.internal.bind.ArrayTypeAdapter.read(ArrayTypeAdapter.java:72) ~[gson-2.10.jar%2372!/:?]
	at com.google.gson.Gson.fromJson(Gson.java:1214) ~[gson-2.10.jar%2372!/:?]
	at com.google.gson.Gson.fromJson(Gson.java:1319) ~[gson-2.10.jar%2372!/:?]
	at com.google.gson.Gson.fromJson(Gson.java:1290) ~[gson-2.10.jar%2372!/:?]
	at com.google.gson.internal.bind.TreeTypeAdapter$GsonContextImpl.deserialize(TreeTypeAdapter.java:179) ~[gson-2.10.jar%2372!/:?]
	at net.minecraft.util.GsonHelper.m_13808_(GsonHelper.java:463) ~[server-1.20.1-20230612.114412-srg.jar%23467!/:?]
	at net.minecraft.util.GsonHelper.m_13845_(GsonHelper.java:481) ~[server-1.20.1-20230612.114412-srg.jar%23467!/:?]
	at net.minecraft.world.level.storage.loot.LootTable$Serializer.deserialize(LootTable.java:294) ~[server-1.20.1-20230612.114412-srg.jar%23467!/:?]
	at net.minecraft.world.level.storage.loot.LootTable$Serializer.deserialize(LootTable.java:291) ~[server-1.20.1-20230612.114412-srg.jar%23467!/:?]
	at com.google.gson.internal.bind.TreeTypeAdapter.read(TreeTypeAdapter.java:76) ~[gson-2.10.jar%2372!/:?]
	at com.google.gson.Gson.fromJson(Gson.java:1214) ~[gson-2.10.jar%2372!/:?]
	at com.google.gson.Gson.fromJson(Gson.java:1319) ~[gson-2.10.jar%2372!/:?]
	at com.google.gson.Gson.fromJson(Gson.java:1261) ~[gson-2.10.jar%2372!/:?]
	at net.minecraftforge.common.ForgeHooks.loadLootTable(ForgeHooks.java:871) ~[forge-1.20.1-47.3.7-universal.jar%23472!/:?]
	at net.minecraftforge.common.ForgeHooks.lambda$getLootTableDeserializer$3(ForgeHooks.java:848) ~[forge-1.20.1-47.3.7-universal.jar%23472!/:?]
	at net.minecraft.world.level.storage.loot.LootDataType.deserialize(LootDataType.java:45) ~[server-1.20.1-20230612.114412-srg.jar%23467!/:?]
	at net.minecraft.world.level.storage.loot.LootDataManager.lambda$scheduleElementParse$4(LootDataManager.java:56) ~[server-1.20.1-20230612.114412-srg.jar%23467!/:?]
	at java.util.HashMap.forEach(HashMap.java:1421) ~[?:?]
	at net.minecraft.world.level.storage.loot.LootDataManager.m_278660_(LootDataManager.java:55) ~[server-1.20.1-20230612.114412-srg.jar%23467!/:?]
	at java.util.concurrent.CompletableFuture$AsyncRun.run(CompletableFuture.java:1804) ~[?:?]
	at java.util.concurrent.CompletableFuture$AsyncRun.exec(CompletableFuture.java:1796) ~[?:?]
	at java.util.concurrent.ForkJoinTask.doExec(ForkJoinTask.java:373) ~[?:?]
	at java.util.concurrent.ForkJoinPool$WorkQueue.topLevelExec(ForkJoinPool.java:1182) ~[?:?]
	at java.util.concurrent.ForkJoinPool.scan(ForkJoinPool.java:1655) ~[?:?]
	at java.util.concurrent.ForkJoinPool.runWorker(ForkJoinPool.java:1622) ~[?:?]
	at java.util.concurrent.ForkJoinWorkerThread.run(ForkJoinWorkerThread.java:165) ~[?:?]
[23Apr2025 02:49:24.594] [Worker-Main-2/ERROR] [net.minecraftforge.common.ForgeHooks/]: Couldn't parse element loot_tables:overweight_farming:blocks/peeled_overweight_kiwi_block
com.google.gson.JsonSyntaxException: Expected name to be an item, was unknown string 'hedgehog:kiwi'
	at net.minecraft.util.GsonHelper.m_13866_(GsonHelper.java:145) ~[server-1.20.1-20230612.114412-srg.jar%23467!/:?]
	at java.util.Optional.orElseThrow(Optional.java:403) ~[?:?]
	at net.minecraft.util.GsonHelper.m_13874_(GsonHelper.java:145) ~[server-1.20.1-20230612.114412-srg.jar%23467!/:?]
	at net.minecraft.util.GsonHelper.m_13909_(GsonHelper.java:153) ~[server-1.20.1-20230612.114412-srg.jar%23467!/:?]
	at net.minecraft.world.level.storage.loot.entries.LootItem$Serializer.m_7267_(LootItem.java:55) ~[server-1.20.1-20230612.114412-srg.jar%23467!/:?]
	at net.minecraft.world.level.storage.loot.entries.LootItem$Serializer.m_7267_(LootItem.java:40) ~[server-1.20.1-20230612.114412-srg.jar%23467!/:?]
	at net.minecraft.world.level.storage.loot.entries.LootPoolSingletonContainer$Serializer.m_5921_(LootPoolSingletonContainer.java:151) ~[server-1.20.1-20230612.114412-srg.jar%23467!/:?]
	at net.minecraft.world.level.storage.loot.entries.LootPoolSingletonContainer$Serializer.m_5921_(LootPoolSingletonContainer.java:129) ~[server-1.20.1-20230612.114412-srg.jar%23467!/:?]
	at net.minecraft.world.level.storage.loot.entries.LootPoolEntryContainer$Serializer.m_7561_(LootPoolEntryContainer.java:86) ~[server-1.20.1-20230612.114412-srg.jar%23467!/:?]
	at net.minecraft.world.level.storage.loot.entries.LootPoolEntryContainer$Serializer.m_7561_(LootPoolEntryContainer.java:74) ~[server-1.20.1-20230612.114412-srg.jar%23467!/:?]
	at net.minecraft.world.level.storage.loot.GsonAdapterFactory$JsonAdapter.deserialize(GsonAdapterFactory.java:102) ~[server-1.20.1-20230612.114412-srg.jar%23467!/:?]
	at com.google.gson.internal.bind.TreeTypeAdapter.read(TreeTypeAdapter.java:76) ~[gson-2.10.jar%2372!/:?]
	at com.google.gson.internal.bind.TypeAdapterRuntimeTypeWrapper.read(TypeAdapterRuntimeTypeWrapper.java:40) ~[gson-2.10.jar%2372!/:?]
	at com.google.gson.internal.bind.ArrayTypeAdapter.read(ArrayTypeAdapter.java:72) ~[gson-2.10.jar%2372!/:?]
	at com.google.gson.Gson.fromJson(Gson.java:1214) ~[gson-2.10.jar%2372!/:?]
	at com.google.gson.Gson.fromJson(Gson.java:1319) ~[gson-2.10.jar%2372!/:?]
	at com.google.gson.Gson.fromJson(Gson.java:1290) ~[gson-2.10.jar%2372!/:?]
	at com.google.gson.internal.bind.TreeTypeAdapter$GsonContextImpl.deserialize(TreeTypeAdapter.java:179) ~[gson-2.10.jar%2372!/:?]
	at net.minecraft.util.GsonHelper.m_13808_(GsonHelper.java:463) ~[server-1.20.1-20230612.114412-srg.jar%23467!/:?]
	at net.minecraft.util.GsonHelper.m_13836_(GsonHelper.java:471) ~[server-1.20.1-20230612.114412-srg.jar%23467!/:?]
	at net.minecraft.world.level.storage.loot.entries.CompositeEntryBase$1.m_5921_(CompositeEntryBase.java:61) ~[server-1.20.1-20230612.114412-srg.jar%23467!/:?]
	at net.minecraft.world.level.storage.loot.entries.CompositeEntryBase$1.m_5921_(CompositeEntryBase.java:53) ~[server-1.20.1-20230612.114412-srg.jar%23467!/:?]
	at net.minecraft.world.level.storage.loot.entries.LootPoolEntryContainer$Serializer.m_7561_(LootPoolEntryContainer.java:86) ~[server-1.20.1-20230612.114412-srg.jar%23467!/:?]
	at net.minecraft.world.level.storage.loot.entries.LootPoolEntryContainer$Serializer.m_7561_(LootPoolEntryContainer.java:74) ~[server-1.20.1-20230612.114412-srg.jar%23467!/:?]
	at net.minecraft.world.level.storage.loot.GsonAdapterFactory$JsonAdapter.deserialize(GsonAdapterFactory.java:102) ~[server-1.20.1-20230612.114412-srg.jar%23467!/:?]
	at com.google.gson.internal.bind.TreeTypeAdapter.read(TreeTypeAdapter.java:76) ~[gson-2.10.jar%2372!/:?]
	at com.google.gson.internal.bind.TypeAdapterRuntimeTypeWrapper.read(TypeAdapterRuntimeTypeWrapper.java:40) ~[gson-2.10.jar%2372!/:?]
	at com.google.gson.internal.bind.ArrayTypeAdapter.read(ArrayTypeAdapter.java:72) ~[gson-2.10.jar%2372!/:?]
	at com.google.gson.Gson.fromJson(Gson.java:1214) ~[gson-2.10.jar%2372!/:?]
	at com.google.gson.Gson.fromJson(Gson.java:1319) ~[gson-2.10.jar%2372!/:?]
	at com.google.gson.Gson.fromJson(Gson.java:1290) ~[gson-2.10.jar%2372!/:?]
	at com.google.gson.internal.bind.TreeTypeAdapter$GsonContextImpl.deserialize(TreeTypeAdapter.java:179) ~[gson-2.10.jar%2372!/:?]
	at net.minecraft.util.GsonHelper.m_13808_(GsonHelper.java:463) ~[server-1.20.1-20230612.114412-srg.jar%23467!/:?]
	at net.minecraft.util.GsonHelper.m_13836_(GsonHelper.java:471) ~[server-1.20.1-20230612.114412-srg.jar%23467!/:?]
	at net.minecraft.world.level.storage.loot.entries.CompositeEntryBase$1.m_5921_(CompositeEntryBase.java:61) ~[server-1.20.1-20230612.114412-srg.jar%23467!/:?]
	at net.minecraft.world.level.storage.loot.entries.CompositeEntryBase$1.m_5921_(CompositeEntryBase.java:53) ~[server-1.20.1-20230612.114412-srg.jar%23467!/:?]
	at net.minecraft.world.level.storage.loot.entries.LootPoolEntryContainer$Serializer.m_7561_(LootPoolEntryContainer.java:86) ~[server-1.20.1-20230612.114412-srg.jar%23467!/:?]
	at net.minecraft.world.level.storage.loot.entries.LootPoolEntryContainer$Serializer.m_7561_(LootPoolEntryContainer.java:74) ~[server-1.20.1-20230612.114412-srg.jar%23467!/:?]
	at net.minecraft.world.level.storage.loot.GsonAdapterFactory$JsonAdapter.deserialize(GsonAdapterFactory.java:102) ~[server-1.20.1-20230612.114412-srg.jar%23467!/:?]
	at com.google.gson.internal.bind.TreeTypeAdapter.read(TreeTypeAdapter.java:76) ~[gson-2.10.jar%2372!/:?]
	at com.google.gson.internal.bind.TypeAdapterRuntimeTypeWrapper.read(TypeAdapterRuntimeTypeWrapper.java:40) ~[gson-2.10.jar%2372!/:?]
	at com.google.gson.internal.bind.ArrayTypeAdapter.read(ArrayTypeAdapter.java:72) ~[gson-2.10.jar%2372!/:?]
	at com.google.gson.Gson.fromJson(Gson.java:1214) ~[gson-2.10.jar%2372!/:?]
	at com.google.gson.Gson.fromJson(Gson.java:1319) ~[gson-2.10.jar%2372!/:?]
	at com.google.gson.Gson.fromJson(Gson.java:1290) ~[gson-2.10.jar%2372!/:?]
	at com.google.gson.internal.bind.TreeTypeAdapter$GsonContextImpl.deserialize(TreeTypeAdapter.java:179) ~[gson-2.10.jar%2372!/:?]
	at net.minecraft.util.GsonHelper.m_13808_(GsonHelper.java:463) ~[server-1.20.1-20230612.114412-srg.jar%23467!/:?]
	at net.minecraft.util.GsonHelper.m_13836_(GsonHelper.java:471) ~[server-1.20.1-20230612.114412-srg.jar%23467!/:?]
	at net.minecraft.world.level.storage.loot.LootPool$Serializer.deserialize(LootPool.java:192) ~[server-1.20.1-20230612.114412-srg.jar%23467!/:?]
	at net.minecraft.world.level.storage.loot.LootPool$Serializer.deserialize(LootPool.java:189) ~[server-1.20.1-20230612.114412-srg.jar%23467!/:?]
	at com.google.gson.internal.bind.TreeTypeAdapter.read(TreeTypeAdapter.java:76) ~[gson-2.10.jar%2372!/:?]
	at com.google.gson.internal.bind.TypeAdapterRuntimeTypeWrapper.read(TypeAdapterRuntimeTypeWrapper.java:40) ~[gson-2.10.jar%2372!/:?]
	at com.google.gson.internal.bind.ArrayTypeAdapter.read(ArrayTypeAdapter.java:72) ~[gson-2.10.jar%2372!/:?]
	at com.google.gson.Gson.fromJson(Gson.java:1214) ~[gson-2.10.jar%2372!/:?]
	at com.google.gson.Gson.fromJson(Gson.java:1319) ~[gson-2.10.jar%2372!/:?]
	at com.google.gson.Gson.fromJson(Gson.java:1290) ~[gson-2.10.jar%2372!/:?]
	at com.google.gson.internal.bind.TreeTypeAdapter$GsonContextImpl.deserialize(TreeTypeAdapter.java:179) ~[gson-2.10.jar%2372!/:?]
	at net.minecraft.util.GsonHelper.m_13808_(GsonHelper.java:463) ~[server-1.20.1-20230612.114412-srg.jar%23467!/:?]
	at net.minecraft.util.GsonHelper.m_13845_(GsonHelper.java:481) ~[server-1.20.1-20230612.114412-srg.jar%23467!/:?]
	at net.minecraft.world.level.storage.loot.LootTable$Serializer.deserialize(LootTable.java:294) ~[server-1.20.1-20230612.114412-srg.jar%23467!/:?]
	at net.minecraft.world.level.storage.loot.LootTable$Serializer.deserialize(LootTable.java:291) ~[server-1.20.1-20230612.114412-srg.jar%23467!/:?]
	at com.google.gson.internal.bind.TreeTypeAdapter.read(TreeTypeAdapter.java:76) ~[gson-2.10.jar%2372!/:?]
	at com.google.gson.Gson.fromJson(Gson.java:1214) ~[gson-2.10.jar%2372!/:?]
	at com.google.gson.Gson.fromJson(Gson.java:1319) ~[gson-2.10.jar%2372!/:?]
	at com.google.gson.Gson.fromJson(Gson.java:1261) ~[gson-2.10.jar%2372!/:?]
	at net.minecraftforge.common.ForgeHooks.loadLootTable(ForgeHooks.java:871) ~[forge-1.20.1-47.3.7-universal.jar%23472!/:?]
	at net.minecraftforge.common.ForgeHooks.lambda$getLootTableDeserializer$3(ForgeHooks.java:848) ~[forge-1.20.1-47.3.7-universal.jar%23472!/:?]
	at net.minecraft.world.level.storage.loot.LootDataType.deserialize(LootDataType.java:45) ~[server-1.20.1-20230612.114412-srg.jar%23467!/:?]
	at net.minecraft.world.level.storage.loot.LootDataManager.lambda$scheduleElementParse$4(LootDataManager.java:56) ~[server-1.20.1-20230612.114412-srg.jar%23467!/:?]
	at java.util.HashMap.forEach(HashMap.java:1421) ~[?:?]
	at net.minecraft.world.level.storage.loot.LootDataManager.m_278660_(LootDataManager.java:55) ~[server-1.20.1-20230612.114412-srg.jar%23467!/:?]
	at java.util.concurrent.CompletableFuture$AsyncRun.run(CompletableFuture.java:1804) ~[?:?]
	at java.util.concurrent.CompletableFuture$AsyncRun.exec(CompletableFuture.java:1796) ~[?:?]
	at java.util.concurrent.ForkJoinTask.doExec(ForkJoinTask.java:373) ~[?:?]
	at java.util.concurrent.ForkJoinPool$WorkQueue.topLevelExec(ForkJoinPool.java:1182) ~[?:?]
	at java.util.concurrent.ForkJoinPool.scan(ForkJoinPool.java:1655) ~[?:?]
	at java.util.concurrent.ForkJoinPool.runWorker(ForkJoinPool.java:1622) ~[?:?]
	at java.util.concurrent.ForkJoinWorkerThread.run(ForkJoinWorkerThread.java:165) ~[?:?]
[23Apr2025 02:49:25.517] [Worker-Main-2/ERROR] [net.minecraftforge.common.ForgeHooks/]: Couldn't parse element loot_tables:revampedpiles:blocks/village_dirtpath_path
com.google.gson.JsonSyntaxException: Expected name to be an item, was unknown string 'revampedpiles:village_dirtpath_path'
	at net.minecraft.util.GsonHelper.m_13866_(GsonHelper.java:145) ~[server-1.20.1-20230612.114412-srg.jar%23467!/:?]
	at java.util.Optional.orElseThrow(Optional.java:403) ~[?:?]
	at net.minecraft.util.GsonHelper.m_13874_(GsonHelper.java:145) ~[server-1.20.1-20230612.114412-srg.jar%23467!/:?]
	at net.minecraft.util.GsonHelper.m_13909_(GsonHelper.java:153) ~[server-1.20.1-20230612.114412-srg.jar%23467!/:?]
	at net.minecraft.world.level.storage.loot.entries.LootItem$Serializer.m_7267_(LootItem.java:55) ~[server-1.20.1-20230612.114412-srg.jar%23467!/:?]
	at net.minecraft.world.level.storage.loot.entries.LootItem$Serializer.m_7267_(LootItem.java:40) ~[server-1.20.1-20230612.114412-srg.jar%23467!/:?]
	at net.minecraft.world.level.storage.loot.entries.LootPoolSingletonContainer$Serializer.m_5921_(LootPoolSingletonContainer.java:151) ~[server-1.20.1-20230612.114412-srg.jar%23467!/:?]
	at net.minecraft.world.level.storage.loot.entries.LootPoolSingletonContainer$Serializer.m_5921_(LootPoolSingletonContainer.java:129) ~[server-1.20.1-20230612.114412-srg.jar%23467!/:?]
	at net.minecraft.world.level.storage.loot.entries.LootPoolEntryContainer$Serializer.m_7561_(LootPoolEntryContainer.java:86) ~[server-1.20.1-20230612.114412-srg.jar%23467!/:?]
	at net.minecraft.world.level.storage.loot.entries.LootPoolEntryContainer$Serializer.m_7561_(LootPoolEntryContainer.java:74) ~[server-1.20.1-20230612.114412-srg.jar%23467!/:?]
	at net.minecraft.world.level.storage.loot.GsonAdapterFactory$JsonAdapter.deserialize(GsonAdapterFactory.java:102) ~[server-1.20.1-20230612.114412-srg.jar%23467!/:?]
	at com.google.gson.internal.bind.TreeTypeAdapter.read(TreeTypeAdapter.java:76) ~[gson-2.10.jar%2372!/:?]
	at com.google.gson.internal.bind.TypeAdapterRuntimeTypeWrapper.read(TypeAdapterRuntimeTypeWrapper.java:40) ~[gson-2.10.jar%2372!/:?]
	at com.google.gson.internal.bind.ArrayTypeAdapter.read(ArrayTypeAdapter.java:72) ~[gson-2.10.jar%2372!/:?]
	at com.google.gson.Gson.fromJson(Gson.java:1214) ~[gson-2.10.jar%2372!/:?]
	at com.google.gson.Gson.fromJson(Gson.java:1319) ~[gson-2.10.jar%2372!/:?]
	at com.google.gson.Gson.fromJson(Gson.java:1290) ~[gson-2.10.jar%2372!/:?]
	at com.google.gson.internal.bind.TreeTypeAdapter$GsonContextImpl.deserialize(TreeTypeAdapter.java:179) ~[gson-2.10.jar%2372!/:?]
	at net.minecraft.util.GsonHelper.m_13808_(GsonHelper.java:463) ~[server-1.20.1-20230612.114412-srg.jar%23467!/:?]
	at net.minecraft.util.GsonHelper.m_13836_(GsonHelper.java:471) ~[server-1.20.1-20230612.114412-srg.jar%23467!/:?]
	at net.minecraft.world.level.storage.loot.LootPool$Serializer.deserialize(LootPool.java:192) ~[server-1.20.1-20230612.114412-srg.jar%23467!/:?]
	at net.minecraft.world.level.storage.loot.LootPool$Serializer.deserialize(LootPool.java:189) ~[server-1.20.1-20230612.114412-srg.jar%23467!/:?]
	at com.google.gson.internal.bind.TreeTypeAdapter.read(TreeTypeAdapter.java:76) ~[gson-2.10.jar%2372!/:?]
	at com.google.gson.internal.bind.TypeAdapterRuntimeTypeWrapper.read(TypeAdapterRuntimeTypeWrapper.java:40) ~[gson-2.10.jar%2372!/:?]
	at com.google.gson.internal.bind.ArrayTypeAdapter.read(ArrayTypeAdapter.java:72) ~[gson-2.10.jar%2372!/:?]
	at com.google.gson.Gson.fromJson(Gson.java:1214) ~[gson-2.10.jar%2372!/:?]
	at com.google.gson.Gson.fromJson(Gson.java:1319) ~[gson-2.10.jar%2372!/:?]
	at com.google.gson.Gson.fromJson(Gson.java:1290) ~[gson-2.10.jar%2372!/:?]
	at com.google.gson.internal.bind.TreeTypeAdapter$GsonContextImpl.deserialize(TreeTypeAdapter.java:179) ~[gson-2.10.jar%2372!/:?]
	at net.minecraft.util.GsonHelper.m_13808_(GsonHelper.java:463) ~[server-1.20.1-20230612.114412-srg.jar%23467!/:?]
	at net.minecraft.util.GsonHelper.m_13845_(GsonHelper.java:481) ~[server-1.20.1-20230612.114412-srg.jar%23467!/:?]
	at net.minecraft.world.level.storage.loot.LootTable$Serializer.deserialize(LootTable.java:294) ~[server-1.20.1-20230612.114412-srg.jar%23467!/:?]
	at net.minecraft.world.level.storage.loot.LootTable$Serializer.deserialize(LootTable.java:291) ~[server-1.20.1-20230612.114412-srg.jar%23467!/:?]
	at com.google.gson.internal.bind.TreeTypeAdapter.read(TreeTypeAdapter.java:76) ~[gson-2.10.jar%2372!/:?]
	at com.google.gson.Gson.fromJson(Gson.java:1214) ~[gson-2.10.jar%2372!/:?]
	at com.google.gson.Gson.fromJson(Gson.java:1319) ~[gson-2.10.jar%2372!/:?]
	at com.google.gson.Gson.fromJson(Gson.java:1261) ~[gson-2.10.jar%2372!/:?]
	at net.minecraftforge.common.ForgeHooks.loadLootTable(ForgeHooks.java:871) ~[forge-1.20.1-47.3.7-universal.jar%23472!/:?]
	at net.minecraftforge.common.ForgeHooks.lambda$getLootTableDeserializer$3(ForgeHooks.java:848) ~[forge-1.20.1-47.3.7-universal.jar%23472!/:?]
	at net.minecraft.world.level.storage.loot.LootDataType.deserialize(LootDataType.java:45) ~[server-1.20.1-20230612.114412-srg.jar%23467!/:?]
	at net.minecraft.world.level.storage.loot.LootDataManager.lambda$scheduleElementParse$4(LootDataManager.java:56) ~[server-1.20.1-20230612.114412-srg.jar%23467!/:?]
	at java.util.HashMap.forEach(HashMap.java:1421) ~[?:?]
	at net.minecraft.world.level.storage.loot.LootDataManager.m_278660_(LootDataManager.java:55) ~[server-1.20.1-20230612.114412-srg.jar%23467!/:?]
	at java.util.concurrent.CompletableFuture$AsyncRun.run(CompletableFuture.java:1804) ~[?:?]
	at java.util.concurrent.CompletableFuture$AsyncRun.exec(CompletableFuture.java:1796) ~[?:?]
	at java.util.concurrent.ForkJoinTask.doExec(ForkJoinTask.java:373) ~[?:?]
	at java.util.concurrent.ForkJoinPool$WorkQueue.topLevelExec(ForkJoinPool.java:1182) ~[?:?]
	at java.util.concurrent.ForkJoinPool.scan(ForkJoinPool.java:1655) ~[?:?]
	at java.util.concurrent.ForkJoinPool.runWorker(ForkJoinPool.java:1622) ~[?:?]
	at java.util.concurrent.ForkJoinWorkerThread.run(ForkJoinWorkerThread.java:165) ~[?:?]
[23Apr2025 02:49:26.070] [main/WARN] [net.minecraft.world.level.storage.loot.LootDataManager/]: Found loot table element validation problem in {loot_tables:luminous_nether:entities/ghost}.pools[0].entries[0].functions[1]: Parameters [<parameter minecraft:tool>] are not provided in this context
[23Apr2025 02:49:26.070] [main/WARN] [net.minecraft.world.level.storage.loot.LootDataManager/]: Found loot table element validation problem in {loot_tables:luminous_nether:entities/piglin_ghost}.pools[0].entries[0].functions[1]: Parameters [<parameter minecraft:tool>] are not provided in this context
[23Apr2025 02:49:26.129] [main/INFO] [net.minecraft.world.item.crafting.RecipeManager/]: Skipping loading recipe epicsamurai:sculk_samruai_boots_smithing as it's serializer returned null
[23Apr2025 02:49:26.152] [main/ERROR] [net.minecraft.world.item.crafting.RecipeManager/]: Parsing error loading recipe revampedpiles:snow_bricks
com.google.gson.JsonSyntaxException: Pattern references symbol 'x' but it's not defined in the key
	at net.minecraft.world.item.crafting.ShapedRecipe.m_44202_(ShapedRecipe.java:166) ~[server-1.20.1-20230612.114412-srg.jar%23467!/:?]
	at net.minecraft.world.item.crafting.ShapedRecipe$Serializer.m_6729_(ShapedRecipe.java:310) ~[server-1.20.1-20230612.114412-srg.jar%23467!/:?]
	at net.minecraft.world.item.crafting.ShapedRecipe$Serializer.m_6729_(ShapedRecipe.java:301) ~[server-1.20.1-20230612.114412-srg.jar%23467!/:?]
	at net.minecraftforge.common.extensions.IForgeRecipeSerializer.fromJson(IForgeRecipeSerializer.java:23) ~[forge-1.20.1-47.3.7-universal.jar%23472!/:?]
	at net.minecraft.world.item.crafting.RecipeManager.fromJson(RecipeManager.java:171) ~[server-1.20.1-20230612.114412-srg.jar%23467!/:?]
	at net.minecraft.world.item.crafting.RecipeManager.m_5787_(RecipeManager.java:67) ~[server-1.20.1-20230612.114412-srg.jar%23467!/:?]
	at net.minecraft.world.item.crafting.RecipeManager.m_5787_(RecipeManager.java:34) ~[server-1.20.1-20230612.114412-srg.jar%23467!/:?]
	at net.minecraft.server.packs.resources.SimplePreparableReloadListener.m_10789_(SimplePreparableReloadListener.java:13) ~[server-1.20.1-20230612.114412-srg.jar%23467!/:?]
	at java.util.concurrent.CompletableFuture$UniAccept.tryFire(CompletableFuture.java:718) ~[?:?]
	at java.util.concurrent.CompletableFuture$Completion.run(CompletableFuture.java:482) ~[?:?]
	at net.minecraft.server.packs.resources.SimpleReloadInstance.m_143940_(SimpleReloadInstance.java:69) ~[server-1.20.1-20230612.114412-srg.jar%23467!/:?]
	at net.minecraft.Util.m_214652_(Util.java:783) ~[server-1.20.1-20230612.114412-srg.jar%23467!/:?]
	at net.minecraft.Util.m_214679_(Util.java:772) ~[server-1.20.1-20230612.114412-srg.jar%23467!/:?]
	at net.minecraft.server.Main.main(Main.java:166) ~[server-1.20.1-20230612.114412-srg.jar%23467!/:?]
	at jdk.internal.reflect.NativeMethodAccessorImpl.invoke0(Native Method) ~[?:?]
	at jdk.internal.reflect.NativeMethodAccessorImpl.invoke(NativeMethodAccessorImpl.java:77) ~[?:?]
	at jdk.internal.reflect.DelegatingMethodAccessorImpl.invoke(DelegatingMethodAccessorImpl.java:43) ~[?:?]
	at java.lang.reflect.Method.invoke(Method.java:569) ~[?:?]
	at net.minecraftforge.fml.loading.targets.CommonLaunchHandler.runTarget(CommonLaunchHandler.java:111) ~[fmlloader-1.20.1-47.3.7.jar%2369!/:?]
	at net.minecraftforge.fml.loading.targets.CommonLaunchHandler.serverService(CommonLaunchHandler.java:103) ~[fmlloader-1.20.1-47.3.7.jar%2369!/:?]
	at net.minecraftforge.fml.loading.targets.CommonServerLaunchHandler.lambda$makeService$0(CommonServerLaunchHandler.java:27) ~[fmlloader-1.20.1-47.3.7.jar%2369!/:?]
	at cpw.mods.modlauncher.LaunchServiceHandlerDecorator.launch(LaunchServiceHandlerDecorator.java:30) ~[modlauncher-10.0.9.jar%2355!/:?]
	at cpw.mods.modlauncher.LaunchServiceHandler.launch(LaunchServiceHandler.java:53) ~[modlauncher-10.0.9.jar%2355!/:?]
	at cpw.mods.modlauncher.LaunchServiceHandler.launch(LaunchServiceHandler.java:71) ~[modlauncher-10.0.9.jar%2355!/:?]
	at cpw.mods.modlauncher.Launcher.run(Launcher.java:108) ~[modlauncher-10.0.9.jar%2355!/:?]
	at cpw.mods.modlauncher.Launcher.main(Launcher.java:78) ~[modlauncher-10.0.9.jar%2355!/:?]
	at cpw.mods.modlauncher.BootstrapLaunchConsumer.accept(BootstrapLaunchConsumer.java:26) ~[modlauncher-10.0.9.jar%2355!/:?]
	at cpw.mods.modlauncher.BootstrapLaunchConsumer.accept(BootstrapLaunchConsumer.java:23) ~[modlauncher-10.0.9.jar%2355!/:?]
	at cpw.mods.bootstraplauncher.BootstrapLauncher.main(BootstrapLauncher.java:141) ~[bootstraplauncher-1.1.2.jar:?]
[23Apr2025 02:49:26.155] [main/INFO] [net.minecraft.world.item.crafting.RecipeManager/]: Skipping loading recipe epicsamurai:dye_ars_nouveau_helmet as it's serializer returned null
[23Apr2025 02:49:26.155] [main/ERROR] [net.minecraft.world.item.crafting.RecipeManager/]: Parsing error loading recipe epicsamurai:mask_quartz_samurai_helmet
com.google.gson.JsonSyntaxException: Unknown item 'epicsamurai:mask_quartz_samurai_helmet'
	at net.minecraftforge.common.crafting.CraftingHelper.getItem(CraftingHelper.java:160) ~[forge-1.20.1-47.3.7-universal.jar%23472!/:?]
	at net.minecraftforge.common.crafting.CraftingHelper.getItemStack(CraftingHelper.java:186) ~[forge-1.20.1-47.3.7-universal.jar%23472!/:?]
	at net.minecraft.world.item.crafting.ShapedRecipe.m_151274_(ShapedRecipe.java:286) ~[server-1.20.1-20230612.114412-srg.jar%23467!/:?]
	at net.minecraft.world.item.crafting.ShapelessRecipe$Serializer.m_6729_(ShapelessRecipe.java:95) ~[server-1.20.1-20230612.114412-srg.jar%23467!/:?]
	at net.minecraft.world.item.crafting.ShapelessRecipe$Serializer.m_6729_(ShapelessRecipe.java:84) ~[server-1.20.1-20230612.114412-srg.jar%23467!/:?]
	at net.minecraftforge.common.extensions.IForgeRecipeSerializer.fromJson(IForgeRecipeSerializer.java:23) ~[forge-1.20.1-47.3.7-universal.jar%23472!/:?]
	at net.minecraft.world.item.crafting.RecipeManager.fromJson(RecipeManager.java:171) ~[server-1.20.1-20230612.114412-srg.jar%23467!/:?]
	at net.minecraft.world.item.crafting.RecipeManager.m_5787_(RecipeManager.java:67) ~[server-1.20.1-20230612.114412-srg.jar%23467!/:?]
	at net.minecraft.world.item.crafting.RecipeManager.m_5787_(RecipeManager.java:34) ~[server-1.20.1-20230612.114412-srg.jar%23467!/:?]
	at net.minecraft.server.packs.resources.SimplePreparableReloadListener.m_10789_(SimplePreparableReloadListener.java:13) ~[server-1.20.1-20230612.114412-srg.jar%23467!/:?]
	at java.util.concurrent.CompletableFuture$UniAccept.tryFire(CompletableFuture.java:718) ~[?:?]
	at java.util.concurrent.CompletableFuture$Completion.run(CompletableFuture.java:482) ~[?:?]
	at net.minecraft.server.packs.resources.SimpleReloadInstance.m_143940_(SimpleReloadInstance.java:69) ~[server-1.20.1-20230612.114412-srg.jar%23467!/:?]
	at net.minecraft.Util.m_214652_(Util.java:783) ~[server-1.20.1-20230612.114412-srg.jar%23467!/:?]
	at net.minecraft.Util.m_214679_(Util.java:772) ~[server-1.20.1-20230612.114412-srg.jar%23467!/:?]
	at net.minecraft.server.Main.main(Main.java:166) ~[server-1.20.1-20230612.114412-srg.jar%23467!/:?]
	at jdk.internal.reflect.NativeMethodAccessorImpl.invoke0(Native Method) ~[?:?]
	at jdk.internal.reflect.NativeMethodAccessorImpl.invoke(NativeMethodAccessorImpl.java:77) ~[?:?]
	at jdk.internal.reflect.DelegatingMethodAccessorImpl.invoke(DelegatingMethodAccessorImpl.java:43) ~[?:?]
	at java.lang.reflect.Method.invoke(Method.java:569) ~[?:?]
	at net.minecraftforge.fml.loading.targets.CommonLaunchHandler.runTarget(CommonLaunchHandler.java:111) ~[fmlloader-1.20.1-47.3.7.jar%2369!/:?]
	at net.minecraftforge.fml.loading.targets.CommonLaunchHandler.serverService(CommonLaunchHandler.java:103) ~[fmlloader-1.20.1-47.3.7.jar%2369!/:?]
	at net.minecraftforge.fml.loading.targets.CommonServerLaunchHandler.lambda$makeService$0(CommonServerLaunchHandler.java:27) ~[fmlloader-1.20.1-47.3.7.jar%2369!/:?]
	at cpw.mods.modlauncher.LaunchServiceHandlerDecorator.launch(LaunchServiceHandlerDecorator.java:30) ~[modlauncher-10.0.9.jar%2355!/:?]
	at cpw.mods.modlauncher.LaunchServiceHandler.launch(LaunchServiceHandler.java:53) ~[modlauncher-10.0.9.jar%2355!/:?]
	at cpw.mods.modlauncher.LaunchServiceHandler.launch(LaunchServiceHandler.java:71) ~[modlauncher-10.0.9.jar%2355!/:?]
	at cpw.mods.modlauncher.Launcher.run(Launcher.java:108) ~[modlauncher-10.0.9.jar%2355!/:?]
	at cpw.mods.modlauncher.Launcher.main(Launcher.java:78) ~[modlauncher-10.0.9.jar%2355!/:?]
	at cpw.mods.modlauncher.BootstrapLaunchConsumer.accept(BootstrapLaunchConsumer.java:26) ~[modlauncher-10.0.9.jar%2355!/:?]
	at cpw.mods.modlauncher.BootstrapLaunchConsumer.accept(BootstrapLaunchConsumer.java:23) ~[modlauncher-10.0.9.jar%2355!/:?]
	at cpw.mods.bootstraplauncher.BootstrapLauncher.main(BootstrapLauncher.java:141) ~[bootstraplauncher-1.1.2.jar:?]
[23Apr2025 02:49:26.177] [main/INFO] [net.minecraft.world.item.crafting.RecipeManager/]: Skipping loading recipe epicsamurai:dye_ars_nouveau_leggings as it's serializer returned null
[23Apr2025 02:49:26.197] [main/ERROR] [net.minecraft.world.item.crafting.RecipeManager/]: Parsing error loading recipe rpgsmw:bk
com.google.gson.JsonSyntaxException: Unknown item 'rpgsmw:deleted_mod_element'
	at net.minecraftforge.common.crafting.CraftingHelper.getItem(CraftingHelper.java:160) ~[forge-1.20.1-47.3.7-universal.jar%23472!/:?]
	at net.minecraftforge.common.crafting.CraftingHelper.getItemStack(CraftingHelper.java:186) ~[forge-1.20.1-47.3.7-universal.jar%23472!/:?]
	at net.minecraft.world.item.crafting.ShapedRecipe.m_151274_(ShapedRecipe.java:286) ~[server-1.20.1-20230612.114412-srg.jar%23467!/:?]
	at net.minecraft.world.item.crafting.ShapedRecipe$Serializer.m_6729_(ShapedRecipe.java:311) ~[server-1.20.1-20230612.114412-srg.jar%23467!/:?]
	at net.minecraft.world.item.crafting.ShapedRecipe$Serializer.m_6729_(ShapedRecipe.java:301) ~[server-1.20.1-20230612.114412-srg.jar%23467!/:?]
	at net.minecraftforge.common.extensions.IForgeRecipeSerializer.fromJson(IForgeRecipeSerializer.java:23) ~[forge-1.20.1-47.3.7-universal.jar%23472!/:?]
	at net.minecraft.world.item.crafting.RecipeManager.fromJson(RecipeManager.java:171) ~[server-1.20.1-20230612.114412-srg.jar%23467!/:?]
	at net.minecraft.world.item.crafting.RecipeManager.m_5787_(RecipeManager.java:67) ~[server-1.20.1-20230612.114412-srg.jar%23467!/:?]
	at net.minecraft.world.item.crafting.RecipeManager.m_5787_(RecipeManager.java:34) ~[server-1.20.1-20230612.114412-srg.jar%23467!/:?]
	at net.minecraft.server.packs.resources.SimplePreparableReloadListener.m_10789_(SimplePreparableReloadListener.java:13) ~[server-1.20.1-20230612.114412-srg.jar%23467!/:?]
	at java.util.concurrent.CompletableFuture$UniAccept.tryFire(CompletableFuture.java:718) ~[?:?]
	at java.util.concurrent.CompletableFuture$Completion.run(CompletableFuture.java:482) ~[?:?]
	at net.minecraft.server.packs.resources.SimpleReloadInstance.m_143940_(SimpleReloadInstance.java:69) ~[server-1.20.1-20230612.114412-srg.jar%23467!/:?]
	at net.minecraft.Util.m_214652_(Util.java:783) ~[server-1.20.1-20230612.114412-srg.jar%23467!/:?]
	at net.minecraft.Util.m_214679_(Util.java:772) ~[server-1.20.1-20230612.114412-srg.jar%23467!/:?]
	at net.minecraft.server.Main.main(Main.java:166) ~[server-1.20.1-20230612.114412-srg.jar%23467!/:?]
	at jdk.internal.reflect.NativeMethodAccessorImpl.invoke0(Native Method) ~[?:?]
	at jdk.internal.reflect.NativeMethodAccessorImpl.invoke(NativeMethodAccessorImpl.java:77) ~[?:?]
	at jdk.internal.reflect.DelegatingMethodAccessorImpl.invoke(DelegatingMethodAccessorImpl.java:43) ~[?:?]
	at java.lang.reflect.Method.invoke(Method.java:569) ~[?:?]
	at net.minecraftforge.fml.loading.targets.CommonLaunchHandler.runTarget(CommonLaunchHandler.java:111) ~[fmlloader-1.20.1-47.3.7.jar%2369!/:?]
	at net.minecraftforge.fml.loading.targets.CommonLaunchHandler.serverService(CommonLaunchHandler.java:103) ~[fmlloader-1.20.1-47.3.7.jar%2369!/:?]
	at net.minecraftforge.fml.loading.targets.CommonServerLaunchHandler.lambda$makeService$0(CommonServerLaunchHandler.java:27) ~[fmlloader-1.20.1-47.3.7.jar%2369!/:?]
	at cpw.mods.modlauncher.LaunchServiceHandlerDecorator.launch(LaunchServiceHandlerDecorator.java:30) ~[modlauncher-10.0.9.jar%2355!/:?]
	at cpw.mods.modlauncher.LaunchServiceHandler.launch(LaunchServiceHandler.java:53) ~[modlauncher-10.0.9.jar%2355!/:?]
	at cpw.mods.modlauncher.LaunchServiceHandler.launch(LaunchServiceHandler.java:71) ~[modlauncher-10.0.9.jar%2355!/:?]
	at cpw.mods.modlauncher.Launcher.run(Launcher.java:108) ~[modlauncher-10.0.9.jar%2355!/:?]
	at cpw.mods.modlauncher.Launcher.main(Launcher.java:78) ~[modlauncher-10.0.9.jar%2355!/:?]
	at cpw.mods.modlauncher.BootstrapLaunchConsumer.accept(BootstrapLaunchConsumer.java:26) ~[modlauncher-10.0.9.jar%2355!/:?]
	at cpw.mods.modlauncher.BootstrapLaunchConsumer.accept(BootstrapLaunchConsumer.java:23) ~[modlauncher-10.0.9.jar%2355!/:?]
	at cpw.mods.bootstraplauncher.BootstrapLauncher.main(BootstrapLauncher.java:141) ~[bootstraplauncher-1.1.2.jar:?]
[23Apr2025 02:49:26.303] [main/INFO] [net.minecraft.world.item.crafting.RecipeManager/]: Skipping loading recipe epicsamurai:source_gem_samruai_helmet_ritual as it's serializer returned null
[23Apr2025 02:49:26.304] [main/INFO] [net.minecraft.world.item.crafting.RecipeManager/]: Skipping loading recipe epicsamurai:brass_samruai_helmet_mechanical_crafting as it's serializer returned null
[23Apr2025 02:49:26.328] [main/INFO] [net.minecraft.world.item.crafting.RecipeManager/]: Skipping loading recipe epicsamurai:brass_samruai_chestplate_mechanical_crafting as it's serializer returned null
[23Apr2025 02:49:26.342] [main/INFO] [net.minecraft.world.item.crafting.RecipeManager/]: Skipping loading recipe twilightforest:jeed/frosted as it's serializer returned null
[23Apr2025 02:49:26.345] [main/ERROR] [net.minecraft.world.item.crafting.RecipeManager/]: Parsing error loading recipe rpgsmw:pb
com.google.gson.JsonSyntaxException: Unknown item 'rpgsmw:deleted_mod_element'
	at net.minecraftforge.common.crafting.CraftingHelper.getItem(CraftingHelper.java:160) ~[forge-1.20.1-47.3.7-universal.jar%23472!/:?]
	at net.minecraftforge.common.crafting.CraftingHelper.getItemStack(CraftingHelper.java:186) ~[forge-1.20.1-47.3.7-universal.jar%23472!/:?]
	at net.minecraft.world.item.crafting.ShapedRecipe.m_151274_(ShapedRecipe.java:286) ~[server-1.20.1-20230612.114412-srg.jar%23467!/:?]
	at net.minecraft.world.item.crafting.ShapedRecipe$Serializer.m_6729_(ShapedRecipe.java:311) ~[server-1.20.1-20230612.114412-srg.jar%23467!/:?]
	at net.minecraft.world.item.crafting.ShapedRecipe$Serializer.m_6729_(ShapedRecipe.java:301) ~[server-1.20.1-20230612.114412-srg.jar%23467!/:?]
	at net.minecraftforge.common.extensions.IForgeRecipeSerializer.fromJson(IForgeRecipeSerializer.java:23) ~[forge-1.20.1-47.3.7-universal.jar%23472!/:?]
	at net.minecraft.world.item.crafting.RecipeManager.fromJson(RecipeManager.java:171) ~[server-1.20.1-20230612.114412-srg.jar%23467!/:?]
	at net.minecraft.world.item.crafting.RecipeManager.m_5787_(RecipeManager.java:67) ~[server-1.20.1-20230612.114412-srg.jar%23467!/:?]
	at net.minecraft.world.item.crafting.RecipeManager.m_5787_(RecipeManager.java:34) ~[server-1.20.1-20230612.114412-srg.jar%23467!/:?]
	at net.minecraft.server.packs.resources.SimplePreparableReloadListener.m_10789_(SimplePreparableReloadListener.java:13) ~[server-1.20.1-20230612.114412-srg.jar%23467!/:?]
	at java.util.concurrent.CompletableFuture$UniAccept.tryFire(CompletableFuture.java:718) ~[?:?]
	at java.util.concurrent.CompletableFuture$Completion.run(CompletableFuture.java:482) ~[?:?]
	at net.minecraft.server.packs.resources.SimpleReloadInstance.m_143940_(SimpleReloadInstance.java:69) ~[server-1.20.1-20230612.114412-srg.jar%23467!/:?]
	at net.minecraft.Util.m_214652_(Util.java:783) ~[server-1.20.1-20230612.114412-srg.jar%23467!/:?]
	at net.minecraft.Util.m_214679_(Util.java:772) ~[server-1.20.1-20230612.114412-srg.jar%23467!/:?]
	at net.minecraft.server.Main.main(Main.java:166) ~[server-1.20.1-20230612.114412-srg.jar%23467!/:?]
	at jdk.internal.reflect.NativeMethodAccessorImpl.invoke0(Native Method) ~[?:?]
	at jdk.internal.reflect.NativeMethodAccessorImpl.invoke(NativeMethodAccessorImpl.java:77) ~[?:?]
	at jdk.internal.reflect.DelegatingMethodAccessorImpl.invoke(DelegatingMethodAccessorImpl.java:43) ~[?:?]
	at java.lang.reflect.Method.invoke(Method.java:569) ~[?:?]
	at net.minecraftforge.fml.loading.targets.CommonLaunchHandler.runTarget(CommonLaunchHandler.java:111) ~[fmlloader-1.20.1-47.3.7.jar%2369!/:?]
	at net.minecraftforge.fml.loading.targets.CommonLaunchHandler.serverService(CommonLaunchHandler.java:103) ~[fmlloader-1.20.1-47.3.7.jar%2369!/:?]
	at net.minecraftforge.fml.loading.targets.CommonServerLaunchHandler.lambda$makeService$0(CommonServerLaunchHandler.java:27) ~[fmlloader-1.20.1-47.3.7.jar%2369!/:?]
	at cpw.mods.modlauncher.LaunchServiceHandlerDecorator.launch(LaunchServiceHandlerDecorator.java:30) ~[modlauncher-10.0.9.jar%2355!/:?]
	at cpw.mods.modlauncher.LaunchServiceHandler.launch(LaunchServiceHandler.java:53) ~[modlauncher-10.0.9.jar%2355!/:?]
	at cpw.mods.modlauncher.LaunchServiceHandler.launch(LaunchServiceHandler.java:71) ~[modlauncher-10.0.9.jar%2355!/:?]
	at cpw.mods.modlauncher.Launcher.run(Launcher.java:108) ~[modlauncher-10.0.9.jar%2355!/:?]
	at cpw.mods.modlauncher.Launcher.main(Launcher.java:78) ~[modlauncher-10.0.9.jar%2355!/:?]
	at cpw.mods.modlauncher.BootstrapLaunchConsumer.accept(BootstrapLaunchConsumer.java:26) ~[modlauncher-10.0.9.jar%2355!/:?]
	at cpw.mods.modlauncher.BootstrapLaunchConsumer.accept(BootstrapLaunchConsumer.java:23) ~[modlauncher-10.0.9.jar%2355!/:?]
	at cpw.mods.bootstraplauncher.BootstrapLauncher.main(BootstrapLauncher.java:141) ~[bootstraplauncher-1.1.2.jar:?]
[23Apr2025 02:49:26.346] [main/INFO] [net.minecraft.world.item.crafting.RecipeManager/]: Skipping loading recipe epicsamurai:neptunium_samurai_boots as it's serializer returned null
[23Apr2025 02:49:26.352] [main/INFO] [net.minecraft.world.item.crafting.RecipeManager/]: Skipping loading recipe epicsamurai:draco_samurai_boots as it's serializer returned null
[23Apr2025 02:49:26.356] [main/INFO] [net.minecraft.world.item.crafting.RecipeManager/]: Skipping loading recipe epicsamurai:tyr_samurai_leggings as it's serializer returned null
[23Apr2025 02:49:26.361] [main/INFO] [net.minecraft.world.item.crafting.RecipeManager/]: Skipping loading recipe epicsamurai:etyrite_samruai_chestplate_smithing as it's serializer returned null
[23Apr2025 02:49:26.361] [main/ERROR] [net.minecraft.world.item.crafting.RecipeManager/]: Parsing error loading recipe cozy_home:drawer_quartz_recipe
com.google.gson.JsonSyntaxException: Unknown item 'cozy_home:deleted_mod_element'
	at net.minecraftforge.common.crafting.CraftingHelper.getItem(CraftingHelper.java:160) ~[forge-1.20.1-47.3.7-universal.jar%23472!/:?]
	at net.minecraftforge.common.crafting.CraftingHelper.getItemStack(CraftingHelper.java:186) ~[forge-1.20.1-47.3.7-universal.jar%23472!/:?]
	at net.minecraft.world.item.crafting.ShapedRecipe.m_151274_(ShapedRecipe.java:286) ~[server-1.20.1-20230612.114412-srg.jar%23467!/:?]
	at net.minecraft.world.item.crafting.ShapedRecipe$Serializer.m_6729_(ShapedRecipe.java:311) ~[server-1.20.1-20230612.114412-srg.jar%23467!/:?]
	at net.minecraft.world.item.crafting.ShapedRecipe$Serializer.m_6729_(ShapedRecipe.java:301) ~[server-1.20.1-20230612.114412-srg.jar%23467!/:?]
	at net.minecraftforge.common.extensions.IForgeRecipeSerializer.fromJson(IForgeRecipeSerializer.java:23) ~[forge-1.20.1-47.3.7-universal.jar%23472!/:?]
	at net.minecraft.world.item.crafting.RecipeManager.fromJson(RecipeManager.java:171) ~[server-1.20.1-20230612.114412-srg.jar%23467!/:?]
	at net.minecraft.world.item.crafting.RecipeManager.m_5787_(RecipeManager.java:67) ~[server-1.20.1-20230612.114412-srg.jar%23467!/:?]
	at net.minecraft.world.item.crafting.RecipeManager.m_5787_(RecipeManager.java:34) ~[server-1.20.1-20230612.114412-srg.jar%23467!/:?]
	at net.minecraft.server.packs.resources.SimplePreparableReloadListener.m_10789_(SimplePreparableReloadListener.java:13) ~[server-1.20.1-20230612.114412-srg.jar%23467!/:?]
	at java.util.concurrent.CompletableFuture$UniAccept.tryFire(CompletableFuture.java:718) ~[?:?]
	at java.util.concurrent.CompletableFuture$Completion.run(CompletableFuture.java:482) ~[?:?]
	at net.minecraft.server.packs.resources.SimpleReloadInstance.m_143940_(SimpleReloadInstance.java:69) ~[server-1.20.1-20230612.114412-srg.jar%23467!/:?]
	at net.minecraft.Util.m_214652_(Util.java:783) ~[server-1.20.1-20230612.114412-srg.jar%23467!/:?]
	at net.minecraft.Util.m_214679_(Util.java:772) ~[server-1.20.1-20230612.114412-srg.jar%23467!/:?]
	at net.minecraft.server.Main.main(Main.java:166) ~[server-1.20.1-20230612.114412-srg.jar%23467!/:?]
	at jdk.internal.reflect.NativeMethodAccessorImpl.invoke0(Native Method) ~[?:?]
	at jdk.internal.reflect.NativeMethodAccessorImpl.invoke(NativeMethodAccessorImpl.java:77) ~[?:?]
	at jdk.internal.reflect.DelegatingMethodAccessorImpl.invoke(DelegatingMethodAccessorImpl.java:43) ~[?:?]
	at java.lang.reflect.Method.invoke(Method.java:569) ~[?:?]
	at net.minecraftforge.fml.loading.targets.CommonLaunchHandler.runTarget(CommonLaunchHandler.java:111) ~[fmlloader-1.20.1-47.3.7.jar%2369!/:?]
	at net.minecraftforge.fml.loading.targets.CommonLaunchHandler.serverService(CommonLaunchHandler.java:103) ~[fmlloader-1.20.1-47.3.7.jar%2369!/:?]
	at net.minecraftforge.fml.loading.targets.CommonServerLaunchHandler.lambda$makeService$0(CommonServerLaunchHandler.java:27) ~[fmlloader-1.20.1-47.3.7.jar%2369!/:?]
	at cpw.mods.modlauncher.LaunchServiceHandlerDecorator.launch(LaunchServiceHandlerDecorator.java:30) ~[modlauncher-10.0.9.jar%2355!/:?]
	at cpw.mods.modlauncher.LaunchServiceHandler.launch(LaunchServiceHandler.java:53) ~[modlauncher-10.0.9.jar%2355!/:?]
	at cpw.mods.modlauncher.LaunchServiceHandler.launch(LaunchServiceHandler.java:71) ~[modlauncher-10.0.9.jar%2355!/:?]
	at cpw.mods.modlauncher.Launcher.run(Launcher.java:108) ~[modlauncher-10.0.9.jar%2355!/:?]
	at cpw.mods.modlauncher.Launcher.main(Launcher.java:78) ~[modlauncher-10.0.9.jar%2355!/:?]
	at cpw.mods.modlauncher.BootstrapLaunchConsumer.accept(BootstrapLaunchConsumer.java:26) ~[modlauncher-10.0.9.jar%2355!/:?]
	at cpw.mods.modlauncher.BootstrapLaunchConsumer.accept(BootstrapLaunchConsumer.java:23) ~[modlauncher-10.0.9.jar%2355!/:?]
	at cpw.mods.bootstraplauncher.BootstrapLauncher.main(BootstrapLauncher.java:141) ~[bootstraplauncher-1.1.2.jar:?]
[23Apr2025 02:49:26.363] [main/INFO] [net.minecraft.world.item.crafting.RecipeManager/]: Skipping loading recipe epicsamurai:neptunium_samurai_chestplate as it's serializer returned null
[23Apr2025 02:49:26.364] [main/INFO] [net.minecraft.world.item.crafting.RecipeManager/]: Skipping loading recipe twilightforest:jeed/hunger as it's serializer returned null
[23Apr2025 02:49:26.365] [main/INFO] [net.minecraft.world.item.crafting.RecipeManager/]: Skipping loading recipe epicsamurai:draco_samurai_leggings as it's serializer returned null
[23Apr2025 02:49:26.366] [main/INFO] [net.minecraft.world.item.crafting.RecipeManager/]: Skipping loading recipe epicsamurai:neptunium_samurai_leggings as it's serializer returned null
[23Apr2025 02:49:26.366] [main/INFO] [net.minecraft.world.item.crafting.RecipeManager/]: Skipping loading recipe epicsamurai:neptunium_samurai_helmet as it's serializer returned null
[23Apr2025 02:49:26.367] [main/ERROR] [net.minecraft.world.item.crafting.RecipeManager/]: Parsing error loading recipe lookinsharp:vitalium_sword
com.google.gson.JsonSyntaxException: Unknown item 'lookinsharp:vitalium_ingot'
	at net.minecraft.world.item.crafting.ShapedRecipe.m_151280_(ShapedRecipe.java:292) ~[server-1.20.1-20230612.114412-srg.jar%23467!/:?]
	at java.util.Optional.orElseThrow(Optional.java:403) ~[?:?]
	at net.minecraft.world.item.crafting.ShapedRecipe.m_151278_(ShapedRecipe.java:291) ~[server-1.20.1-20230612.114412-srg.jar%23467!/:?]
	at net.minecraft.world.item.crafting.Ingredient.m_43919_(Ingredient.java:219) ~[server-1.20.1-20230612.114412-srg.jar%23467!/:?]
	at net.minecraftforge.common.crafting.VanillaIngredientSerializer.parse(VanillaIngredientSerializer.java:27) ~[forge-1.20.1-47.3.7-universal.jar%23472!/:?]
	at net.minecraftforge.common.crafting.CraftingHelper.getIngredient(CraftingHelper.java:148) ~[forge-1.20.1-47.3.7-universal.jar%23472!/:?]
	at net.minecraft.world.item.crafting.Ingredient.m_288218_(Ingredient.java:194) ~[server-1.20.1-20230612.114412-srg.jar%23467!/:?]
	at net.minecraft.world.item.crafting.ShapedRecipe.m_44210_(ShapedRecipe.java:278) ~[server-1.20.1-20230612.114412-srg.jar%23467!/:?]
	at net.minecraft.world.item.crafting.ShapedRecipe$Serializer.m_6729_(ShapedRecipe.java:306) ~[server-1.20.1-20230612.114412-srg.jar%23467!/:?]
	at net.minecraft.world.item.crafting.ShapedRecipe$Serializer.m_6729_(ShapedRecipe.java:301) ~[server-1.20.1-20230612.114412-srg.jar%23467!/:?]
	at net.minecraftforge.common.extensions.IForgeRecipeSerializer.fromJson(IForgeRecipeSerializer.java:23) ~[forge-1.20.1-47.3.7-universal.jar%23472!/:?]
	at net.minecraft.world.item.crafting.RecipeManager.fromJson(RecipeManager.java:171) ~[server-1.20.1-20230612.114412-srg.jar%23467!/:?]
	at net.minecraft.world.item.crafting.RecipeManager.m_5787_(RecipeManager.java:67) ~[server-1.20.1-20230612.114412-srg.jar%23467!/:?]
	at net.minecraft.world.item.crafting.RecipeManager.m_5787_(RecipeManager.java:34) ~[server-1.20.1-20230612.114412-srg.jar%23467!/:?]
	at net.minecraft.server.packs.resources.SimplePreparableReloadListener.m_10789_(SimplePreparableReloadListener.java:13) ~[server-1.20.1-20230612.114412-srg.jar%23467!/:?]
	at java.util.concurrent.CompletableFuture$UniAccept.tryFire(CompletableFuture.java:718) ~[?:?]
	at java.util.concurrent.CompletableFuture$Completion.run(CompletableFuture.java:482) ~[?:?]
	at net.minecraft.server.packs.resources.SimpleReloadInstance.m_143940_(SimpleReloadInstance.java:69) ~[server-1.20.1-20230612.114412-srg.jar%23467!/:?]
	at net.minecraft.Util.m_214652_(Util.java:783) ~[server-1.20.1-20230612.114412-srg.jar%23467!/:?]
	at net.minecraft.Util.m_214679_(Util.java:772) ~[server-1.20.1-20230612.114412-srg.jar%23467!/:?]
	at net.minecraft.server.Main.main(Main.java:166) ~[server-1.20.1-20230612.114412-srg.jar%23467!/:?]
	at jdk.internal.reflect.NativeMethodAccessorImpl.invoke0(Native Method) ~[?:?]
	at jdk.internal.reflect.NativeMethodAccessorImpl.invoke(NativeMethodAccessorImpl.java:77) ~[?:?]
	at jdk.internal.reflect.DelegatingMethodAccessorImpl.invoke(DelegatingMethodAccessorImpl.java:43) ~[?:?]
	at java.lang.reflect.Method.invoke(Method.java:569) ~[?:?]
	at net.minecraftforge.fml.loading.targets.CommonLaunchHandler.runTarget(CommonLaunchHandler.java:111) ~[fmlloader-1.20.1-47.3.7.jar%2369!/:?]
	at net.minecraftforge.fml.loading.targets.CommonLaunchHandler.serverService(CommonLaunchHandler.java:103) ~[fmlloader-1.20.1-47.3.7.jar%2369!/:?]
	at net.minecraftforge.fml.loading.targets.CommonServerLaunchHandler.lambda$makeService$0(CommonServerLaunchHandler.java:27) ~[fmlloader-1.20.1-47.3.7.jar%2369!/:?]
	at cpw.mods.modlauncher.LaunchServiceHandlerDecorator.launch(LaunchServiceHandlerDecorator.java:30) ~[modlauncher-10.0.9.jar%2355!/:?]
	at cpw.mods.modlauncher.LaunchServiceHandler.launch(LaunchServiceHandler.java:53) ~[modlauncher-10.0.9.jar%2355!/:?]
	at cpw.mods.modlauncher.LaunchServiceHandler.launch(LaunchServiceHandler.java:71) ~[modlauncher-10.0.9.jar%2355!/:?]
	at cpw.mods.modlauncher.Launcher.run(Launcher.java:108) ~[modlauncher-10.0.9.jar%2355!/:?]
	at cpw.mods.modlauncher.Launcher.main(Launcher.java:78) ~[modlauncher-10.0.9.jar%2355!/:?]
	at cpw.mods.modlauncher.BootstrapLaunchConsumer.accept(BootstrapLaunchConsumer.java:26) ~[modlauncher-10.0.9.jar%2355!/:?]
	at cpw.mods.modlauncher.BootstrapLaunchConsumer.accept(BootstrapLaunchConsumer.java:23) ~[modlauncher-10.0.9.jar%2355!/:?]
	at cpw.mods.bootstraplauncher.BootstrapLauncher.main(BootstrapLauncher.java:141) ~[bootstraplauncher-1.1.2.jar:?]
[23Apr2025 02:49:26.404] [main/INFO] [net.minecraft.world.item.crafting.RecipeManager/]: Skipping loading recipe epicsamurai:brass_repair_kit_mechanical_crafting as it's serializer returned null
[23Apr2025 02:49:26.419] [main/ERROR] [net.minecraft.world.item.crafting.RecipeManager/]: Parsing error loading recipe revampedpiles:sand_bricks
com.google.gson.JsonSyntaxException: Pattern references symbol 'x' but it's not defined in the key
	at net.minecraft.world.item.crafting.ShapedRecipe.m_44202_(ShapedRecipe.java:166) ~[server-1.20.1-20230612.114412-srg.jar%23467!/:?]
	at net.minecraft.world.item.crafting.ShapedRecipe$Serializer.m_6729_(ShapedRecipe.java:310) ~[server-1.20.1-20230612.114412-srg.jar%23467!/:?]
	at net.minecraft.world.item.crafting.ShapedRecipe$Serializer.m_6729_(ShapedRecipe.java:301) ~[server-1.20.1-20230612.114412-srg.jar%23467!/:?]
	at net.minecraftforge.common.extensions.IForgeRecipeSerializer.fromJson(IForgeRecipeSerializer.java:23) ~[forge-1.20.1-47.3.7-universal.jar%23472!/:?]
	at net.minecraft.world.item.crafting.RecipeManager.fromJson(RecipeManager.java:171) ~[server-1.20.1-20230612.114412-srg.jar%23467!/:?]
	at net.minecraft.world.item.crafting.RecipeManager.m_5787_(RecipeManager.java:67) ~[server-1.20.1-20230612.114412-srg.jar%23467!/:?]
	at net.minecraft.world.item.crafting.RecipeManager.m_5787_(RecipeManager.java:34) ~[server-1.20.1-20230612.114412-srg.jar%23467!/:?]
	at net.minecraft.server.packs.resources.SimplePreparableReloadListener.m_10789_(SimplePreparableReloadListener.java:13) ~[server-1.20.1-20230612.114412-srg.jar%23467!/:?]
	at java.util.concurrent.CompletableFuture$UniAccept.tryFire(CompletableFuture.java:718) ~[?:?]
	at java.util.concurrent.CompletableFuture$Completion.run(CompletableFuture.java:482) ~[?:?]
	at net.minecraft.server.packs.resources.SimpleReloadInstance.m_143940_(SimpleReloadInstance.java:69) ~[server-1.20.1-20230612.114412-srg.jar%23467!/:?]
	at net.minecraft.Util.m_214652_(Util.java:783) ~[server-1.20.1-20230612.114412-srg.jar%23467!/:?]
	at net.minecraft.Util.m_214679_(Util.java:772) ~[server-1.20.1-20230612.114412-srg.jar%23467!/:?]
	at net.minecraft.server.Main.main(Main.java:166) ~[server-1.20.1-20230612.114412-srg.jar%23467!/:?]
	at jdk.internal.reflect.NativeMethodAccessorImpl.invoke0(Native Method) ~[?:?]
	at jdk.internal.reflect.NativeMethodAccessorImpl.invoke(NativeMethodAccessorImpl.java:77) ~[?:?]
	at jdk.internal.reflect.DelegatingMethodAccessorImpl.invoke(DelegatingMethodAccessorImpl.java:43) ~[?:?]
	at java.lang.reflect.Method.invoke(Method.java:569) ~[?:?]
	at net.minecraftforge.fml.loading.targets.CommonLaunchHandler.runTarget(CommonLaunchHandler.java:111) ~[fmlloader-1.20.1-47.3.7.jar%2369!/:?]
	at net.minecraftforge.fml.loading.targets.CommonLaunchHandler.serverService(CommonLaunchHandler.java:103) ~[fmlloader-1.20.1-47.3.7.jar%2369!/:?]
	at net.minecraftforge.fml.loading.targets.CommonServerLaunchHandler.lambda$makeService$0(CommonServerLaunchHandler.java:27) ~[fmlloader-1.20.1-47.3.7.jar%2369!/:?]
	at cpw.mods.modlauncher.LaunchServiceHandlerDecorator.launch(LaunchServiceHandlerDecorator.java:30) ~[modlauncher-10.0.9.jar%2355!/:?]
	at cpw.mods.modlauncher.LaunchServiceHandler.launch(LaunchServiceHandler.java:53) ~[modlauncher-10.0.9.jar%2355!/:?]
	at cpw.mods.modlauncher.LaunchServiceHandler.launch(LaunchServiceHandler.java:71) ~[modlauncher-10.0.9.jar%2355!/:?]
	at cpw.mods.modlauncher.Launcher.run(Launcher.java:108) ~[modlauncher-10.0.9.jar%2355!/:?]
	at cpw.mods.modlauncher.Launcher.main(Launcher.java:78) ~[modlauncher-10.0.9.jar%2355!/:?]
	at cpw.mods.modlauncher.BootstrapLaunchConsumer.accept(BootstrapLaunchConsumer.java:26) ~[modlauncher-10.0.9.jar%2355!/:?]
	at cpw.mods.modlauncher.BootstrapLaunchConsumer.accept(BootstrapLaunchConsumer.java:23) ~[modlauncher-10.0.9.jar%2355!/:?]
	at cpw.mods.bootstraplauncher.BootstrapLauncher.main(BootstrapLauncher.java:141) ~[bootstraplauncher-1.1.2.jar:?]
[23Apr2025 02:49:26.420] [main/ERROR] [net.minecraft.world.item.crafting.RecipeManager/]: Parsing error loading recipe cozy_home:andesite_brick_to_block_recipe
com.google.gson.JsonSyntaxException: Unknown item 'cozy_home:andesite_brick'
	at net.minecraft.world.item.crafting.ShapedRecipe.m_151280_(ShapedRecipe.java:292) ~[server-1.20.1-20230612.114412-srg.jar%23467!/:?]
	at java.util.Optional.orElseThrow(Optional.java:403) ~[?:?]
	at net.minecraft.world.item.crafting.ShapedRecipe.m_151278_(ShapedRecipe.java:291) ~[server-1.20.1-20230612.114412-srg.jar%23467!/:?]
	at net.minecraft.world.item.crafting.Ingredient.m_43919_(Ingredient.java:219) ~[server-1.20.1-20230612.114412-srg.jar%23467!/:?]
	at net.minecraftforge.common.crafting.VanillaIngredientSerializer.parse(VanillaIngredientSerializer.java:27) ~[forge-1.20.1-47.3.7-universal.jar%23472!/:?]
	at net.minecraftforge.common.crafting.CraftingHelper.getIngredient(CraftingHelper.java:148) ~[forge-1.20.1-47.3.7-universal.jar%23472!/:?]
	at net.minecraft.world.item.crafting.Ingredient.m_288218_(Ingredient.java:194) ~[server-1.20.1-20230612.114412-srg.jar%23467!/:?]
	at net.minecraft.world.item.crafting.ShapedRecipe.m_44210_(ShapedRecipe.java:278) ~[server-1.20.1-20230612.114412-srg.jar%23467!/:?]
	at net.minecraft.world.item.crafting.ShapedRecipe$Serializer.m_6729_(ShapedRecipe.java:306) ~[server-1.20.1-20230612.114412-srg.jar%23467!/:?]
	at net.minecraft.world.item.crafting.ShapedRecipe$Serializer.m_6729_(ShapedRecipe.java:301) ~[server-1.20.1-20230612.114412-srg.jar%23467!/:?]
	at net.minecraftforge.common.extensions.IForgeRecipeSerializer.fromJson(IForgeRecipeSerializer.java:23) ~[forge-1.20.1-47.3.7-universal.jar%23472!/:?]
	at net.minecraft.world.item.crafting.RecipeManager.fromJson(RecipeManager.java:171) ~[server-1.20.1-20230612.114412-srg.jar%23467!/:?]
	at net.minecraft.world.item.crafting.RecipeManager.m_5787_(RecipeManager.java:67) ~[server-1.20.1-20230612.114412-srg.jar%23467!/:?]
	at net.minecraft.world.item.crafting.RecipeManager.m_5787_(RecipeManager.java:34) ~[server-1.20.1-20230612.114412-srg.jar%23467!/:?]
	at net.minecraft.server.packs.resources.SimplePreparableReloadListener.m_10789_(SimplePreparableReloadListener.java:13) ~[server-1.20.1-20230612.114412-srg.jar%23467!/:?]
	at java.util.concurrent.CompletableFuture$UniAccept.tryFire(CompletableFuture.java:718) ~[?:?]
	at java.util.concurrent.CompletableFuture$Completion.run(CompletableFuture.java:482) ~[?:?]
	at net.minecraft.server.packs.resources.SimpleReloadInstance.m_143940_(SimpleReloadInstance.java:69) ~[server-1.20.1-20230612.114412-srg.jar%23467!/:?]
	at net.minecraft.Util.m_214652_(Util.java:783) ~[server-1.20.1-20230612.114412-srg.jar%23467!/:?]
	at net.minecraft.Util.m_214679_(Util.java:772) ~[server-1.20.1-20230612.114412-srg.jar%23467!/:?]
	at net.minecraft.server.Main.main(Main.java:166) ~[server-1.20.1-20230612.114412-srg.jar%23467!/:?]
	at jdk.internal.reflect.NativeMethodAccessorImpl.invoke0(Native Method) ~[?:?]
	at jdk.internal.reflect.NativeMethodAccessorImpl.invoke(NativeMethodAccessorImpl.java:77) ~[?:?]
	at jdk.internal.reflect.DelegatingMethodAccessorImpl.invoke(DelegatingMethodAccessorImpl.java:43) ~[?:?]
	at java.lang.reflect.Method.invoke(Method.java:569) ~[?:?]
	at net.minecraftforge.fml.loading.targets.CommonLaunchHandler.runTarget(CommonLaunchHandler.java:111) ~[fmlloader-1.20.1-47.3.7.jar%2369!/:?]
	at net.minecraftforge.fml.loading.targets.CommonLaunchHandler.serverService(CommonLaunchHandler.java:103) ~[fmlloader-1.20.1-47.3.7.jar%2369!/:?]
	at net.minecraftforge.fml.loading.targets.CommonServerLaunchHandler.lambda$makeService$0(CommonServerLaunchHandler.java:27) ~[fmlloader-1.20.1-47.3.7.jar%2369!/:?]
	at cpw.mods.modlauncher.LaunchServiceHandlerDecorator.launch(LaunchServiceHandlerDecorator.java:30) ~[modlauncher-10.0.9.jar%2355!/:?]
	at cpw.mods.modlauncher.LaunchServiceHandler.launch(LaunchServiceHandler.java:53) ~[modlauncher-10.0.9.jar%2355!/:?]
	at cpw.mods.modlauncher.LaunchServiceHandler.launch(LaunchServiceHandler.java:71) ~[modlauncher-10.0.9.jar%2355!/:?]
	at cpw.mods.modlauncher.Launcher.run(Launcher.java:108) ~[modlauncher-10.0.9.jar%2355!/:?]
	at cpw.mods.modlauncher.Launcher.main(Launcher.java:78) ~[modlauncher-10.0.9.jar%2355!/:?]
	at cpw.mods.modlauncher.BootstrapLaunchConsumer.accept(BootstrapLaunchConsumer.java:26) ~[modlauncher-10.0.9.jar%2355!/:?]
	at cpw.mods.modlauncher.BootstrapLaunchConsumer.accept(BootstrapLaunchConsumer.java:23) ~[modlauncher-10.0.9.jar%2355!/:?]
	at cpw.mods.bootstraplauncher.BootstrapLauncher.main(BootstrapLauncher.java:141) ~[bootstraplauncher-1.1.2.jar:?]
[23Apr2025 02:49:26.421] [main/INFO] [net.minecraft.world.item.crafting.RecipeManager/]: Skipping loading recipe epicsamurai:living_samruai_boots_array as it's serializer returned null
[23Apr2025 02:49:26.421] [main/INFO] [net.minecraft.world.item.crafting.RecipeManager/]: Skipping loading recipe epicsamurai:living_samruai_boots_helmet as it's serializer returned null
[23Apr2025 02:49:26.425] [main/INFO] [net.minecraft.world.item.crafting.RecipeManager/]: Skipping loading recipe epicsamurai:etyrite_samruai_leggings_smithing as it's serializer returned null
[23Apr2025 02:49:26.435] [main/ERROR] [net.minecraft.world.item.crafting.RecipeManager/]: Parsing error loading recipe magistuarmory:ceremonialarmet
com.google.gson.JsonSyntaxException: Unknown item 'magistuarmory:ceremonial_armet'
	at net.minecraftforge.common.crafting.CraftingHelper.getItem(CraftingHelper.java:160) ~[forge-1.20.1-47.3.7-universal.jar%23472!/:?]
	at net.minecraftforge.common.crafting.CraftingHelper.getItemStack(CraftingHelper.java:186) ~[forge-1.20.1-47.3.7-universal.jar%23472!/:?]
	at net.minecraft.world.item.crafting.ShapedRecipe.m_151274_(ShapedRecipe.java:286) ~[server-1.20.1-20230612.114412-srg.jar%23467!/:?]
	at net.minecraft.world.item.crafting.SmithingTransformRecipe$Serializer.m_6729_(SmithingTransformRecipe.java:76) ~[server-1.20.1-20230612.114412-srg.jar%23467!/:?]
	at net.minecraft.world.item.crafting.SmithingTransformRecipe$Serializer.m_6729_(SmithingTransformRecipe.java:71) ~[server-1.20.1-20230612.114412-srg.jar%23467!/:?]
	at net.minecraftforge.common.extensions.IForgeRecipeSerializer.fromJson(IForgeRecipeSerializer.java:23) ~[forge-1.20.1-47.3.7-universal.jar%23472!/:?]
	at net.minecraft.world.item.crafting.RecipeManager.fromJson(RecipeManager.java:171) ~[server-1.20.1-20230612.114412-srg.jar%23467!/:?]
	at net.minecraft.world.item.crafting.RecipeManager.m_5787_(RecipeManager.java:67) ~[server-1.20.1-20230612.114412-srg.jar%23467!/:?]
	at net.minecraft.world.item.crafting.RecipeManager.m_5787_(RecipeManager.java:34) ~[server-1.20.1-20230612.114412-srg.jar%23467!/:?]
	at net.minecraft.server.packs.resources.SimplePreparableReloadListener.m_10789_(SimplePreparableReloadListener.java:13) ~[server-1.20.1-20230612.114412-srg.jar%23467!/:?]
	at java.util.concurrent.CompletableFuture$UniAccept.tryFire(CompletableFuture.java:718) ~[?:?]
	at java.util.concurrent.CompletableFuture$Completion.run(CompletableFuture.java:482) ~[?:?]
	at net.minecraft.server.packs.resources.SimpleReloadInstance.m_143940_(SimpleReloadInstance.java:69) ~[server-1.20.1-20230612.114412-srg.jar%23467!/:?]
	at net.minecraft.Util.m_214652_(Util.java:783) ~[server-1.20.1-20230612.114412-srg.jar%23467!/:?]
	at net.minecraft.Util.m_214679_(Util.java:772) ~[server-1.20.1-20230612.114412-srg.jar%23467!/:?]
	at net.minecraft.server.Main.main(Main.java:166) ~[server-1.20.1-20230612.114412-srg.jar%23467!/:?]
	at jdk.internal.reflect.NativeMethodAccessorImpl.invoke0(Native Method) ~[?:?]
	at jdk.internal.reflect.NativeMethodAccessorImpl.invoke(NativeMethodAccessorImpl.java:77) ~[?:?]
	at jdk.internal.reflect.DelegatingMethodAccessorImpl.invoke(DelegatingMethodAccessorImpl.java:43) ~[?:?]
	at java.lang.reflect.Method.invoke(Method.java:569) ~[?:?]
	at net.minecraftforge.fml.loading.targets.CommonLaunchHandler.runTarget(CommonLaunchHandler.java:111) ~[fmlloader-1.20.1-47.3.7.jar%2369!/:?]
	at net.minecraftforge.fml.loading.targets.CommonLaunchHandler.serverService(CommonLaunchHandler.java:103) ~[fmlloader-1.20.1-47.3.7.jar%2369!/:?]
	at net.minecraftforge.fml.loading.targets.CommonServerLaunchHandler.lambda$makeService$0(CommonServerLaunchHandler.java:27) ~[fmlloader-1.20.1-47.3.7.jar%2369!/:?]
	at cpw.mods.modlauncher.LaunchServiceHandlerDecorator.launch(LaunchServiceHandlerDecorator.java:30) ~[modlauncher-10.0.9.jar%2355!/:?]
	at cpw.mods.modlauncher.LaunchServiceHandler.launch(LaunchServiceHandler.java:53) ~[modlauncher-10.0.9.jar%2355!/:?]
	at cpw.mods.modlauncher.LaunchServiceHandler.launch(LaunchServiceHandler.java:71) ~[modlauncher-10.0.9.jar%2355!/:?]
	at cpw.mods.modlauncher.Launcher.run(Launcher.java:108) ~[modlauncher-10.0.9.jar%2355!/:?]
	at cpw.mods.modlauncher.Launcher.main(Launcher.java:78) ~[modlauncher-10.0.9.jar%2355!/:?]
	at cpw.mods.modlauncher.BootstrapLaunchConsumer.accept(BootstrapLaunchConsumer.java:26) ~[modlauncher-10.0.9.jar%2355!/:?]
	at cpw.mods.modlauncher.BootstrapLaunchConsumer.accept(BootstrapLaunchConsumer.java:23) ~[modlauncher-10.0.9.jar%2355!/:?]
	at cpw.mods.bootstraplauncher.BootstrapLauncher.main(BootstrapLauncher.java:141) ~[bootstraplauncher-1.1.2.jar:?]
[23Apr2025 02:49:26.439] [main/INFO] [net.minecraft.world.item.crafting.RecipeManager/]: Skipping loading recipe epicsamurai:source_gem_samruai_leggings_ritual as it's serializer returned null
[23Apr2025 02:49:26.440] [main/INFO] [net.minecraft.world.item.crafting.RecipeManager/]: Skipping loading recipe epicsamurai:dye_ars_nouveau_boots as it's serializer returned null
[23Apr2025 02:49:26.448] [main/ERROR] [net.minecraft.world.item.crafting.RecipeManager/]: Parsing error loading recipe cozy_home:spruce_fireplace_recipe
com.google.gson.JsonSyntaxException: Unknown item 'cozy_home:plank_spruce_0'
	at net.minecraft.world.item.crafting.ShapedRecipe.m_151280_(ShapedRecipe.java:292) ~[server-1.20.1-20230612.114412-srg.jar%23467!/:?]
	at java.util.Optional.orElseThrow(Optional.java:403) ~[?:?]
	at net.minecraft.world.item.crafting.ShapedRecipe.m_151278_(ShapedRecipe.java:291) ~[server-1.20.1-20230612.114412-srg.jar%23467!/:?]
	at net.minecraft.world.item.crafting.Ingredient.m_43919_(Ingredient.java:219) ~[server-1.20.1-20230612.114412-srg.jar%23467!/:?]
	at net.minecraftforge.common.crafting.VanillaIngredientSerializer.parse(VanillaIngredientSerializer.java:27) ~[forge-1.20.1-47.3.7-universal.jar%23472!/:?]
	at net.minecraftforge.common.crafting.CraftingHelper.getIngredient(CraftingHelper.java:148) ~[forge-1.20.1-47.3.7-universal.jar%23472!/:?]
	at net.minecraft.world.item.crafting.Ingredient.m_288218_(Ingredient.java:194) ~[server-1.20.1-20230612.114412-srg.jar%23467!/:?]
	at net.minecraft.world.item.crafting.ShapedRecipe.m_44210_(ShapedRecipe.java:278) ~[server-1.20.1-20230612.114412-srg.jar%23467!/:?]
	at net.minecraft.world.item.crafting.ShapedRecipe$Serializer.m_6729_(ShapedRecipe.java:306) ~[server-1.20.1-20230612.114412-srg.jar%23467!/:?]
	at net.minecraft.world.item.crafting.ShapedRecipe$Serializer.m_6729_(ShapedRecipe.java:301) ~[server-1.20.1-20230612.114412-srg.jar%23467!/:?]
	at net.minecraftforge.common.extensions.IForgeRecipeSerializer.fromJson(IForgeRecipeSerializer.java:23) ~[forge-1.20.1-47.3.7-universal.jar%23472!/:?]
	at net.minecraft.world.item.crafting.RecipeManager.fromJson(RecipeManager.java:171) ~[server-1.20.1-20230612.114412-srg.jar%23467!/:?]
	at net.minecraft.world.item.crafting.RecipeManager.m_5787_(RecipeManager.java:67) ~[server-1.20.1-20230612.114412-srg.jar%23467!/:?]
	at net.minecraft.world.item.crafting.RecipeManager.m_5787_(RecipeManager.java:34) ~[server-1.20.1-20230612.114412-srg.jar%23467!/:?]
	at net.minecraft.server.packs.resources.SimplePreparableReloadListener.m_10789_(SimplePreparableReloadListener.java:13) ~[server-1.20.1-20230612.114412-srg.jar%23467!/:?]
	at java.util.concurrent.CompletableFuture$UniAccept.tryFire(CompletableFuture.java:718) ~[?:?]
	at java.util.concurrent.CompletableFuture$Completion.run(CompletableFuture.java:482) ~[?:?]
	at net.minecraft.server.packs.resources.SimpleReloadInstance.m_143940_(SimpleReloadInstance.java:69) ~[server-1.20.1-20230612.114412-srg.jar%23467!/:?]
	at net.minecraft.Util.m_214652_(Util.java:783) ~[server-1.20.1-20230612.114412-srg.jar%23467!/:?]
	at net.minecraft.Util.m_214679_(Util.java:772) ~[server-1.20.1-20230612.114412-srg.jar%23467!/:?]
	at net.minecraft.server.Main.main(Main.java:166) ~[server-1.20.1-20230612.114412-srg.jar%23467!/:?]
	at jdk.internal.reflect.NativeMethodAccessorImpl.invoke0(Native Method) ~[?:?]
	at jdk.internal.reflect.NativeMethodAccessorImpl.invoke(NativeMethodAccessorImpl.java:77) ~[?:?]
	at jdk.internal.reflect.DelegatingMethodAccessorImpl.invoke(DelegatingMethodAccessorImpl.java:43) ~[?:?]
	at java.lang.reflect.Method.invoke(Method.java:569) ~[?:?]
	at net.minecraftforge.fml.loading.targets.CommonLaunchHandler.runTarget(CommonLaunchHandler.java:111) ~[fmlloader-1.20.1-47.3.7.jar%2369!/:?]
	at net.minecraftforge.fml.loading.targets.CommonLaunchHandler.serverService(CommonLaunchHandler.java:103) ~[fmlloader-1.20.1-47.3.7.jar%2369!/:?]
	at net.minecraftforge.fml.loading.targets.CommonServerLaunchHandler.lambda$makeService$0(CommonServerLaunchHandler.java:27) ~[fmlloader-1.20.1-47.3.7.jar%2369!/:?]
	at cpw.mods.modlauncher.LaunchServiceHandlerDecorator.launch(LaunchServiceHandlerDecorator.java:30) ~[modlauncher-10.0.9.jar%2355!/:?]
	at cpw.mods.modlauncher.LaunchServiceHandler.launch(LaunchServiceHandler.java:53) ~[modlauncher-10.0.9.jar%2355!/:?]
	at cpw.mods.modlauncher.LaunchServiceHandler.launch(LaunchServiceHandler.java:71) ~[modlauncher-10.0.9.jar%2355!/:?]
	at cpw.mods.modlauncher.Launcher.run(Launcher.java:108) ~[modlauncher-10.0.9.jar%2355!/:?]
	at cpw.mods.modlauncher.Launcher.main(Launcher.java:78) ~[modlauncher-10.0.9.jar%2355!/:?]
	at cpw.mods.modlauncher.BootstrapLaunchConsumer.accept(BootstrapLaunchConsumer.java:26) ~[modlauncher-10.0.9.jar%2355!/:?]
	at cpw.mods.modlauncher.BootstrapLaunchConsumer.accept(BootstrapLaunchConsumer.java:23) ~[modlauncher-10.0.9.jar%2355!/:?]
	at cpw.mods.bootstraplauncher.BootstrapLauncher.main(BootstrapLauncher.java:141) ~[bootstraplauncher-1.1.2.jar:?]
[23Apr2025 02:49:26.451] [main/ERROR] [net.minecraft.world.item.crafting.RecipeManager/]: Parsing error loading recipe epicsamurai:mask_amethyst_samurai_helmet
com.google.gson.JsonSyntaxException: Unknown item 'epicsamurai:mask_amethyst_samurai_helmet'
	at net.minecraftforge.common.crafting.CraftingHelper.getItem(CraftingHelper.java:160) ~[forge-1.20.1-47.3.7-universal.jar%23472!/:?]
	at net.minecraftforge.common.crafting.CraftingHelper.getItemStack(CraftingHelper.java:186) ~[forge-1.20.1-47.3.7-universal.jar%23472!/:?]
	at net.minecraft.world.item.crafting.ShapedRecipe.m_151274_(ShapedRecipe.java:286) ~[server-1.20.1-20230612.114412-srg.jar%23467!/:?]
	at net.minecraft.world.item.crafting.ShapelessRecipe$Serializer.m_6729_(ShapelessRecipe.java:95) ~[server-1.20.1-20230612.114412-srg.jar%23467!/:?]
	at net.minecraft.world.item.crafting.ShapelessRecipe$Serializer.m_6729_(ShapelessRecipe.java:84) ~[server-1.20.1-20230612.114412-srg.jar%23467!/:?]
	at net.minecraftforge.common.extensions.IForgeRecipeSerializer.fromJson(IForgeRecipeSerializer.java:23) ~[forge-1.20.1-47.3.7-universal.jar%23472!/:?]
	at net.minecraft.world.item.crafting.RecipeManager.fromJson(RecipeManager.java:171) ~[server-1.20.1-20230612.114412-srg.jar%23467!/:?]
	at net.minecraft.world.item.crafting.RecipeManager.m_5787_(RecipeManager.java:67) ~[server-1.20.1-20230612.114412-srg.jar%23467!/:?]
	at net.minecraft.world.item.crafting.RecipeManager.m_5787_(RecipeManager.java:34) ~[server-1.20.1-20230612.114412-srg.jar%23467!/:?]
	at net.minecraft.server.packs.resources.SimplePreparableReloadListener.m_10789_(SimplePreparableReloadListener.java:13) ~[server-1.20.1-20230612.114412-srg.jar%23467!/:?]
	at java.util.concurrent.CompletableFuture$UniAccept.tryFire(CompletableFuture.java:718) ~[?:?]
	at java.util.concurrent.CompletableFuture$Completion.run(CompletableFuture.java:482) ~[?:?]
	at net.minecraft.server.packs.resources.SimpleReloadInstance.m_143940_(SimpleReloadInstance.java:69) ~[server-1.20.1-20230612.114412-srg.jar%23467!/:?]
	at net.minecraft.Util.m_214652_(Util.java:783) ~[server-1.20.1-20230612.114412-srg.jar%23467!/:?]
	at net.minecraft.Util.m_214679_(Util.java:772) ~[server-1.20.1-20230612.114412-srg.jar%23467!/:?]
	at net.minecraft.server.Main.main(Main.java:166) ~[server-1.20.1-20230612.114412-srg.jar%23467!/:?]
	at jdk.internal.reflect.NativeMethodAccessorImpl.invoke0(Native Method) ~[?:?]
	at jdk.internal.reflect.NativeMethodAccessorImpl.invoke(NativeMethodAccessorImpl.java:77) ~[?:?]
	at jdk.internal.reflect.DelegatingMethodAccessorImpl.invoke(DelegatingMethodAccessorImpl.java:43) ~[?:?]
	at java.lang.reflect.Method.invoke(Method.java:569) ~[?:?]
	at net.minecraftforge.fml.loading.targets.CommonLaunchHandler.runTarget(CommonLaunchHandler.java:111) ~[fmlloader-1.20.1-47.3.7.jar%2369!/:?]
	at net.minecraftforge.fml.loading.targets.CommonLaunchHandler.serverService(CommonLaunchHandler.java:103) ~[fmlloader-1.20.1-47.3.7.jar%2369!/:?]
	at net.minecraftforge.fml.loading.targets.CommonServerLaunchHandler.lambda$makeService$0(CommonServerLaunchHandler.java:27) ~[fmlloader-1.20.1-47.3.7.jar%2369!/:?]
	at cpw.mods.modlauncher.LaunchServiceHandlerDecorator.launch(LaunchServiceHandlerDecorator.java:30) ~[modlauncher-10.0.9.jar%2355!/:?]
	at cpw.mods.modlauncher.LaunchServiceHandler.launch(LaunchServiceHandler.java:53) ~[modlauncher-10.0.9.jar%2355!/:?]
	at cpw.mods.modlauncher.LaunchServiceHandler.launch(LaunchServiceHandler.java:71) ~[modlauncher-10.0.9.jar%2355!/:?]
	at cpw.mods.modlauncher.Launcher.run(Launcher.java:108) ~[modlauncher-10.0.9.jar%2355!/:?]
	at cpw.mods.modlauncher.Launcher.main(Launcher.java:78) ~[modlauncher-10.0.9.jar%2355!/:?]
	at cpw.mods.modlauncher.BootstrapLaunchConsumer.accept(BootstrapLaunchConsumer.java:26) ~[modlauncher-10.0.9.jar%2355!/:?]
	at cpw.mods.modlauncher.BootstrapLaunchConsumer.accept(BootstrapLaunchConsumer.java:23) ~[modlauncher-10.0.9.jar%2355!/:?]
	at cpw.mods.bootstraplauncher.BootstrapLauncher.main(BootstrapLauncher.java:141) ~[bootstraplauncher-1.1.2.jar:?]
[23Apr2025 02:49:29.938] [main/INFO] [net.minecraft.world.item.crafting.RecipeManager/]: Skipping loading recipe epicsamurai:sculk_samruai_chestplate_smithing as it's serializer returned null
[23Apr2025 02:49:29.945] [main/ERROR] [net.minecraft.world.item.crafting.RecipeManager/]: Parsing error loading recipe lookinsharp:forging/vitalium_swords
com.google.gson.JsonSyntaxException: Unknown item 'lookinsharp:vitalium_sword'
	at net.minecraft.world.item.crafting.ShapedRecipe.m_151280_(ShapedRecipe.java:292) ~[server-1.20.1-20230612.114412-srg.jar%23467!/:?]
	at java.util.Optional.orElseThrow(Optional.java:403) ~[?:?]
	at net.minecraft.world.item.crafting.ShapedRecipe.m_151278_(ShapedRecipe.java:291) ~[server-1.20.1-20230612.114412-srg.jar%23467!/:?]
	at net.minecraft.world.item.crafting.Ingredient.m_43919_(Ingredient.java:219) ~[server-1.20.1-20230612.114412-srg.jar%23467!/:?]
	at net.minecraftforge.common.crafting.VanillaIngredientSerializer.parse(VanillaIngredientSerializer.java:27) ~[forge-1.20.1-47.3.7-universal.jar%23472!/:?]
	at net.minecraftforge.common.crafting.CraftingHelper.getIngredient(CraftingHelper.java:148) ~[forge-1.20.1-47.3.7-universal.jar%23472!/:?]
	at net.minecraft.world.item.crafting.Ingredient.m_288218_(Ingredient.java:194) ~[server-1.20.1-20230612.114412-srg.jar%23467!/:?]
	at net.minecraft.world.item.crafting.Ingredient.m_43917_(Ingredient.java:189) ~[server-1.20.1-20230612.114412-srg.jar%23467!/:?]
	at com.teamresourceful.resourcefullib.common.codecs.recipes.IngredientCodec.decodeIngredient(IngredientCodec.java:29) ~[resourcefullib-forge-1.20.1-2.1.29.jar%23423!/:?]
	at com.mojang.serialization.Decoder$1.lambda$decode$1(Decoder.java:49) ~[datafixerupper-6.0.8.jar%2377!/:?]
	at com.mojang.serialization.DataResult.lambda$flatMap$11(DataResult.java:139) ~[datafixerupper-6.0.8.jar%2377!/:?]
	at com.mojang.datafixers.util.Either$Left.map(Either.java:38) ~[datafixerupper-6.0.8.jar%2377!/:?]
	at com.mojang.serialization.DataResult.flatMap(DataResult.java:137) ~[datafixerupper-6.0.8.jar%2377!/:?]
	at com.mojang.serialization.Decoder$1.decode(Decoder.java:49) ~[datafixerupper-6.0.8.jar%2377!/:?]
	at com.mojang.serialization.Codec$2.decode(Codec.java:71) ~[datafixerupper-6.0.8.jar%2377!/:?]
	at com.mojang.serialization.Decoder.parse(Decoder.java:18) ~[datafixerupper-6.0.8.jar%2377!/:?]
	at com.mojang.serialization.codecs.FieldDecoder.decode(FieldDecoder.java:29) ~[datafixerupper-6.0.8.jar%2377!/:?]
	at com.mojang.serialization.MapCodec$1.decode(MapCodec.java:34) ~[datafixerupper-6.0.8.jar%2377!/:?]
	at com.mojang.serialization.codecs.RecordCodecBuilder$Instance$5.decode(RecordCodecBuilder.java:324) ~[datafixerupper-6.0.8.jar%2377!/:?]
	at com.mojang.serialization.codecs.RecordCodecBuilder$2.decode(RecordCodecBuilder.java:107) ~[datafixerupper-6.0.8.jar%2377!/:?]
	at com.mojang.serialization.MapDecoder.lambda$compressedDecode$1(MapDecoder.java:52) ~[datafixerupper-6.0.8.jar%2377!/:?]
	at com.mojang.serialization.DataResult.lambda$flatMap$11(DataResult.java:139) ~[datafixerupper-6.0.8.jar%2377!/:?]
	at com.mojang.datafixers.util.Either$Left.map(Either.java:38) ~[datafixerupper-6.0.8.jar%2377!/:?]
	at com.mojang.serialization.DataResult.flatMap(DataResult.java:137) ~[datafixerupper-6.0.8.jar%2377!/:?]
	at com.mojang.serialization.MapDecoder.compressedDecode(MapDecoder.java:52) ~[datafixerupper-6.0.8.jar%2377!/:?]
	at com.mojang.serialization.MapCodec$MapCodecCodec.decode(MapCodec.java:91) ~[datafixerupper-6.0.8.jar%2377!/:?]
	at com.mojang.serialization.Decoder.parse(Decoder.java:18) ~[datafixerupper-6.0.8.jar%2377!/:?]
	at com.teamresourceful.resourcefullib.common.recipe.CodecRecipeSerializer.m_6729_(CodecRecipeSerializer.java:35) ~[resourcefullib-forge-1.20.1-2.1.29.jar%23423!/:?]
	at net.minecraftforge.common.extensions.IForgeRecipeSerializer.fromJson(IForgeRecipeSerializer.java:23) ~[forge-1.20.1-47.3.7-universal.jar%23472!/:?]
	at net.minecraft.world.item.crafting.RecipeManager.fromJson(RecipeManager.java:171) ~[server-1.20.1-20230612.114412-srg.jar%23467!/:?]
	at net.minecraft.world.item.crafting.RecipeManager.m_5787_(RecipeManager.java:67) ~[server-1.20.1-20230612.114412-srg.jar%23467!/:?]
	at net.minecraft.world.item.crafting.RecipeManager.m_5787_(RecipeManager.java:34) ~[server-1.20.1-20230612.114412-srg.jar%23467!/:?]
	at net.minecraft.server.packs.resources.SimplePreparableReloadListener.m_10789_(SimplePreparableReloadListener.java:13) ~[server-1.20.1-20230612.114412-srg.jar%23467!/:?]
	at java.util.concurrent.CompletableFuture$UniAccept.tryFire(CompletableFuture.java:718) ~[?:?]
	at java.util.concurrent.CompletableFuture$Completion.run(CompletableFuture.java:482) ~[?:?]
	at net.minecraft.server.packs.resources.SimpleReloadInstance.m_143940_(SimpleReloadInstance.java:69) ~[server-1.20.1-20230612.114412-srg.jar%23467!/:?]
	at net.minecraft.Util.m_214652_(Util.java:783) ~[server-1.20.1-20230612.114412-srg.jar%23467!/:?]
	at net.minecraft.Util.m_214679_(Util.java:772) ~[server-1.20.1-20230612.114412-srg.jar%23467!/:?]
	at net.minecraft.server.Main.main(Main.java:166) ~[server-1.20.1-20230612.114412-srg.jar%23467!/:?]
	at jdk.internal.reflect.NativeMethodAccessorImpl.invoke0(Native Method) ~[?:?]
	at jdk.internal.reflect.NativeMethodAccessorImpl.invoke(NativeMethodAccessorImpl.java:77) ~[?:?]
	at jdk.internal.reflect.DelegatingMethodAccessorImpl.invoke(DelegatingMethodAccessorImpl.java:43) ~[?:?]
	at java.lang.reflect.Method.invoke(Method.java:569) ~[?:?]
	at net.minecraftforge.fml.loading.targets.CommonLaunchHandler.runTarget(CommonLaunchHandler.java:111) ~[fmlloader-1.20.1-47.3.7.jar%2369!/:?]
	at net.minecraftforge.fml.loading.targets.CommonLaunchHandler.serverService(CommonLaunchHandler.java:103) ~[fmlloader-1.20.1-47.3.7.jar%2369!/:?]
	at net.minecraftforge.fml.loading.targets.CommonServerLaunchHandler.lambda$makeService$0(CommonServerLaunchHandler.java:27) ~[fmlloader-1.20.1-47.3.7.jar%2369!/:?]
	at cpw.mods.modlauncher.LaunchServiceHandlerDecorator.launch(LaunchServiceHandlerDecorator.java:30) ~[modlauncher-10.0.9.jar%2355!/:?]
	at cpw.mods.modlauncher.LaunchServiceHandler.launch(LaunchServiceHandler.java:53) ~[modlauncher-10.0.9.jar%2355!/:?]
	at cpw.mods.modlauncher.LaunchServiceHandler.launch(LaunchServiceHandler.java:71) ~[modlauncher-10.0.9.jar%2355!/:?]
	at cpw.mods.modlauncher.Launcher.run(Launcher.java:108) ~[modlauncher-10.0.9.jar%2355!/:?]
	at cpw.mods.modlauncher.Launcher.main(Launcher.java:78) ~[modlauncher-10.0.9.jar%2355!/:?]
	at cpw.mods.modlauncher.BootstrapLaunchConsumer.accept(BootstrapLaunchConsumer.java:26) ~[modlauncher-10.0.9.jar%2355!/:?]
	at cpw.mods.modlauncher.BootstrapLaunchConsumer.accept(BootstrapLaunchConsumer.java:23) ~[modlauncher-10.0.9.jar%2355!/:?]
	at cpw.mods.bootstraplauncher.BootstrapLauncher.main(BootstrapLauncher.java:141) ~[bootstraplauncher-1.1.2.jar:?]
[23Apr2025 02:49:29.948] [main/INFO] [net.minecraft.world.item.crafting.RecipeManager/]: Skipping loading recipe twilightforest:jeed/blindness as it's serializer returned null
[23Apr2025 02:49:29.949] [main/INFO] [net.minecraft.world.item.crafting.RecipeManager/]: Skipping loading recipe epicsamurai:brass_samruai_leggings_mechanical_crafting as it's serializer returned null
[23Apr2025 02:49:29.987] [main/INFO] [net.minecraft.world.item.crafting.RecipeManager/]: Skipping loading recipe epicsamurai:source_gem_samruai_boots_ritual as it's serializer returned null
[23Apr2025 02:49:29.989] [main/ERROR] [net.minecraft.world.item.crafting.RecipeManager/]: Parsing error loading recipe rpgsmw:b
com.google.gson.JsonSyntaxException: Unknown item 'rpgsmw:deleted_mod_element'
	at net.minecraftforge.common.crafting.CraftingHelper.getItem(CraftingHelper.java:160) ~[forge-1.20.1-47.3.7-universal.jar%23472!/:?]
	at net.minecraftforge.common.crafting.CraftingHelper.getItemStack(CraftingHelper.java:186) ~[forge-1.20.1-47.3.7-universal.jar%23472!/:?]
	at net.minecraft.world.item.crafting.ShapedRecipe.m_151274_(ShapedRecipe.java:286) ~[server-1.20.1-20230612.114412-srg.jar%23467!/:?]
	at net.minecraft.world.item.crafting.ShapelessRecipe$Serializer.m_6729_(ShapelessRecipe.java:95) ~[server-1.20.1-20230612.114412-srg.jar%23467!/:?]
	at net.minecraft.world.item.crafting.ShapelessRecipe$Serializer.m_6729_(ShapelessRecipe.java:84) ~[server-1.20.1-20230612.114412-srg.jar%23467!/:?]
	at net.minecraftforge.common.extensions.IForgeRecipeSerializer.fromJson(IForgeRecipeSerializer.java:23) ~[forge-1.20.1-47.3.7-universal.jar%23472!/:?]
	at net.minecraft.world.item.crafting.RecipeManager.fromJson(RecipeManager.java:171) ~[server-1.20.1-20230612.114412-srg.jar%23467!/:?]
	at net.minecraft.world.item.crafting.RecipeManager.m_5787_(RecipeManager.java:67) ~[server-1.20.1-20230612.114412-srg.jar%23467!/:?]
	at net.minecraft.world.item.crafting.RecipeManager.m_5787_(RecipeManager.java:34) ~[server-1.20.1-20230612.114412-srg.jar%23467!/:?]
	at net.minecraft.server.packs.resources.SimplePreparableReloadListener.m_10789_(SimplePreparableReloadListener.java:13) ~[server-1.20.1-20230612.114412-srg.jar%23467!/:?]
	at java.util.concurrent.CompletableFuture$UniAccept.tryFire(CompletableFuture.java:718) ~[?:?]
	at java.util.concurrent.CompletableFuture$Completion.run(CompletableFuture.java:482) ~[?:?]
	at net.minecraft.server.packs.resources.SimpleReloadInstance.m_143940_(SimpleReloadInstance.java:69) ~[server-1.20.1-20230612.114412-srg.jar%23467!/:?]
	at net.minecraft.Util.m_214652_(Util.java:783) ~[server-1.20.1-20230612.114412-srg.jar%23467!/:?]
	at net.minecraft.Util.m_214679_(Util.java:772) ~[server-1.20.1-20230612.114412-srg.jar%23467!/:?]
	at net.minecraft.server.Main.main(Main.java:166) ~[server-1.20.1-20230612.114412-srg.jar%23467!/:?]
	at jdk.internal.reflect.NativeMethodAccessorImpl.invoke0(Native Method) ~[?:?]
	at jdk.internal.reflect.NativeMethodAccessorImpl.invoke(NativeMethodAccessorImpl.java:77) ~[?:?]
	at jdk.internal.reflect.DelegatingMethodAccessorImpl.invoke(DelegatingMethodAccessorImpl.java:43) ~[?:?]
	at java.lang.reflect.Method.invoke(Method.java:569) ~[?:?]
	at net.minecraftforge.fml.loading.targets.CommonLaunchHandler.runTarget(CommonLaunchHandler.java:111) ~[fmlloader-1.20.1-47.3.7.jar%2369!/:?]
	at net.minecraftforge.fml.loading.targets.CommonLaunchHandler.serverService(CommonLaunchHandler.java:103) ~[fmlloader-1.20.1-47.3.7.jar%2369!/:?]
	at net.minecraftforge.fml.loading.targets.CommonServerLaunchHandler.lambda$makeService$0(CommonServerLaunchHandler.java:27) ~[fmlloader-1.20.1-47.3.7.jar%2369!/:?]
	at cpw.mods.modlauncher.LaunchServiceHandlerDecorator.launch(LaunchServiceHandlerDecorator.java:30) ~[modlauncher-10.0.9.jar%2355!/:?]
	at cpw.mods.modlauncher.LaunchServiceHandler.launch(LaunchServiceHandler.java:53) ~[modlauncher-10.0.9.jar%2355!/:?]
	at cpw.mods.modlauncher.LaunchServiceHandler.launch(LaunchServiceHandler.java:71) ~[modlauncher-10.0.9.jar%2355!/:?]
	at cpw.mods.modlauncher.Launcher.run(Launcher.java:108) ~[modlauncher-10.0.9.jar%2355!/:?]
	at cpw.mods.modlauncher.Launcher.main(Launcher.java:78) ~[modlauncher-10.0.9.jar%2355!/:?]
	at cpw.mods.modlauncher.BootstrapLaunchConsumer.accept(BootstrapLaunchConsumer.java:26) ~[modlauncher-10.0.9.jar%2355!/:?]
	at cpw.mods.modlauncher.BootstrapLaunchConsumer.accept(BootstrapLaunchConsumer.java:23) ~[modlauncher-10.0.9.jar%2355!/:?]
	at cpw.mods.bootstraplauncher.BootstrapLauncher.main(BootstrapLauncher.java:141) ~[bootstraplauncher-1.1.2.jar:?]
[23Apr2025 02:49:29.994] [main/INFO] [net.minecraft.world.item.crafting.RecipeManager/]: Skipping loading recipe twilightforest:jeed/poison as it's serializer returned null
[23Apr2025 02:49:29.995] [main/ERROR] [net.minecraft.world.item.crafting.RecipeManager/]: Parsing error loading recipe revampedpiles:desert_cartographer_desk
com.google.gson.JsonSyntaxException: Invalid pattern: each row must be the same width
	at net.minecraft.world.item.crafting.ShapedRecipe.m_44196_(ShapedRecipe.java:256) ~[server-1.20.1-20230612.114412-srg.jar%23467!/:?]
	at net.minecraft.world.item.crafting.ShapedRecipe$Serializer.m_6729_(ShapedRecipe.java:307) ~[server-1.20.1-20230612.114412-srg.jar%23467!/:?]
	at net.minecraft.world.item.crafting.ShapedRecipe$Serializer.m_6729_(ShapedRecipe.java:301) ~[server-1.20.1-20230612.114412-srg.jar%23467!/:?]
	at net.minecraftforge.common.extensions.IForgeRecipeSerializer.fromJson(IForgeRecipeSerializer.java:23) ~[forge-1.20.1-47.3.7-universal.jar%23472!/:?]
	at net.minecraft.world.item.crafting.RecipeManager.fromJson(RecipeManager.java:171) ~[server-1.20.1-20230612.114412-srg.jar%23467!/:?]
	at net.minecraft.world.item.crafting.RecipeManager.m_5787_(RecipeManager.java:67) ~[server-1.20.1-20230612.114412-srg.jar%23467!/:?]
	at net.minecraft.world.item.crafting.RecipeManager.m_5787_(RecipeManager.java:34) ~[server-1.20.1-20230612.114412-srg.jar%23467!/:?]
	at net.minecraft.server.packs.resources.SimplePreparableReloadListener.m_10789_(SimplePreparableReloadListener.java:13) ~[server-1.20.1-20230612.114412-srg.jar%23467!/:?]
	at java.util.concurrent.CompletableFuture$UniAccept.tryFire(CompletableFuture.java:718) ~[?:?]
	at java.util.concurrent.CompletableFuture$Completion.run(CompletableFuture.java:482) ~[?:?]
	at net.minecraft.server.packs.resources.SimpleReloadInstance.m_143940_(SimpleReloadInstance.java:69) ~[server-1.20.1-20230612.114412-srg.jar%23467!/:?]
	at net.minecraft.Util.m_214652_(Util.java:783) ~[server-1.20.1-20230612.114412-srg.jar%23467!/:?]
	at net.minecraft.Util.m_214679_(Util.java:772) ~[server-1.20.1-20230612.114412-srg.jar%23467!/:?]
	at net.minecraft.server.Main.main(Main.java:166) ~[server-1.20.1-20230612.114412-srg.jar%23467!/:?]
	at jdk.internal.reflect.NativeMethodAccessorImpl.invoke0(Native Method) ~[?:?]
	at jdk.internal.reflect.NativeMethodAccessorImpl.invoke(NativeMethodAccessorImpl.java:77) ~[?:?]
	at jdk.internal.reflect.DelegatingMethodAccessorImpl.invoke(DelegatingMethodAccessorImpl.java:43) ~[?:?]
	at java.lang.reflect.Method.invoke(Method.java:569) ~[?:?]
	at net.minecraftforge.fml.loading.targets.CommonLaunchHandler.runTarget(CommonLaunchHandler.java:111) ~[fmlloader-1.20.1-47.3.7.jar%2369!/:?]
	at net.minecraftforge.fml.loading.targets.CommonLaunchHandler.serverService(CommonLaunchHandler.java:103) ~[fmlloader-1.20.1-47.3.7.jar%2369!/:?]
	at net.minecraftforge.fml.loading.targets.CommonServerLaunchHandler.lambda$makeService$0(CommonServerLaunchHandler.java:27) ~[fmlloader-1.20.1-47.3.7.jar%2369!/:?]
	at cpw.mods.modlauncher.LaunchServiceHandlerDecorator.launch(LaunchServiceHandlerDecorator.java:30) ~[modlauncher-10.0.9.jar%2355!/:?]
	at cpw.mods.modlauncher.LaunchServiceHandler.launch(LaunchServiceHandler.java:53) ~[modlauncher-10.0.9.jar%2355!/:?]
	at cpw.mods.modlauncher.LaunchServiceHandler.launch(LaunchServiceHandler.java:71) ~[modlauncher-10.0.9.jar%2355!/:?]
	at cpw.mods.modlauncher.Launcher.run(Launcher.java:108) ~[modlauncher-10.0.9.jar%2355!/:?]
	at cpw.mods.modlauncher.Launcher.main(Launcher.java:78) ~[modlauncher-10.0.9.jar%2355!/:?]
	at cpw.mods.modlauncher.BootstrapLaunchConsumer.accept(BootstrapLaunchConsumer.java:26) ~[modlauncher-10.0.9.jar%2355!/:?]
	at cpw.mods.modlauncher.BootstrapLaunchConsumer.accept(BootstrapLaunchConsumer.java:23) ~[modlauncher-10.0.9.jar%2355!/:?]
	at cpw.mods.bootstraplauncher.BootstrapLauncher.main(BootstrapLauncher.java:141) ~[bootstraplauncher-1.1.2.jar:?]
[23Apr2025 02:49:30.012] [main/INFO] [net.minecraft.world.item.crafting.RecipeManager/]: Skipping loading recipe epicsamurai:living_samruai_leggings_array as it's serializer returned null
[23Apr2025 02:49:30.013] [main/ERROR] [net.minecraft.world.item.crafting.RecipeManager/]: Parsing error loading recipe epicsamurai:mask_netherite_samurai_helmet
com.google.gson.JsonSyntaxException: Unknown item 'epicsamurai:mask_netherite_samurai_helmet'
	at net.minecraftforge.common.crafting.CraftingHelper.getItem(CraftingHelper.java:160) ~[forge-1.20.1-47.3.7-universal.jar%23472!/:?]
	at net.minecraftforge.common.crafting.CraftingHelper.getItemStack(CraftingHelper.java:186) ~[forge-1.20.1-47.3.7-universal.jar%23472!/:?]
	at net.minecraft.world.item.crafting.ShapedRecipe.m_151274_(ShapedRecipe.java:286) ~[server-1.20.1-20230612.114412-srg.jar%23467!/:?]
	at net.minecraft.world.item.crafting.ShapelessRecipe$Serializer.m_6729_(ShapelessRecipe.java:95) ~[server-1.20.1-20230612.114412-srg.jar%23467!/:?]
	at net.minecraft.world.item.crafting.ShapelessRecipe$Serializer.m_6729_(ShapelessRecipe.java:84) ~[server-1.20.1-20230612.114412-srg.jar%23467!/:?]
	at net.minecraftforge.common.extensions.IForgeRecipeSerializer.fromJson(IForgeRecipeSerializer.java:23) ~[forge-1.20.1-47.3.7-universal.jar%23472!/:?]
	at net.minecraft.world.item.crafting.RecipeManager.fromJson(RecipeManager.java:171) ~[server-1.20.1-20230612.114412-srg.jar%23467!/:?]
	at net.minecraft.world.item.crafting.RecipeManager.m_5787_(RecipeManager.java:67) ~[server-1.20.1-20230612.114412-srg.jar%23467!/:?]
	at net.minecraft.world.item.crafting.RecipeManager.m_5787_(RecipeManager.java:34) ~[server-1.20.1-20230612.114412-srg.jar%23467!/:?]
	at net.minecraft.server.packs.resources.SimplePreparableReloadListener.m_10789_(SimplePreparableReloadListener.java:13) ~[server-1.20.1-20230612.114412-srg.jar%23467!/:?]
	at java.util.concurrent.CompletableFuture$UniAccept.tryFire(CompletableFuture.java:718) ~[?:?]
	at java.util.concurrent.CompletableFuture$Completion.run(CompletableFuture.java:482) ~[?:?]
	at net.minecraft.server.packs.resources.SimpleReloadInstance.m_143940_(SimpleReloadInstance.java:69) ~[server-1.20.1-20230612.114412-srg.jar%23467!/:?]
	at net.minecraft.Util.m_214652_(Util.java:783) ~[server-1.20.1-20230612.114412-srg.jar%23467!/:?]
	at net.minecraft.Util.m_214679_(Util.java:772) ~[server-1.20.1-20230612.114412-srg.jar%23467!/:?]
	at net.minecraft.server.Main.main(Main.java:166) ~[server-1.20.1-20230612.114412-srg.jar%23467!/:?]
	at jdk.internal.reflect.NativeMethodAccessorImpl.invoke0(Native Method) ~[?:?]
	at jdk.internal.reflect.NativeMethodAccessorImpl.invoke(NativeMethodAccessorImpl.java:77) ~[?:?]
	at jdk.internal.reflect.DelegatingMethodAccessorImpl.invoke(DelegatingMethodAccessorImpl.java:43) ~[?:?]
	at java.lang.reflect.Method.invoke(Method.java:569) ~[?:?]
	at net.minecraftforge.fml.loading.targets.CommonLaunchHandler.runTarget(CommonLaunchHandler.java:111) ~[fmlloader-1.20.1-47.3.7.jar%2369!/:?]
	at net.minecraftforge.fml.loading.targets.CommonLaunchHandler.serverService(CommonLaunchHandler.java:103) ~[fmlloader-1.20.1-47.3.7.jar%2369!/:?]
	at net.minecraftforge.fml.loading.targets.CommonServerLaunchHandler.lambda$makeService$0(CommonServerLaunchHandler.java:27) ~[fmlloader-1.20.1-47.3.7.jar%2369!/:?]
	at cpw.mods.modlauncher.LaunchServiceHandlerDecorator.launch(LaunchServiceHandlerDecorator.java:30) ~[modlauncher-10.0.9.jar%2355!/:?]
	at cpw.mods.modlauncher.LaunchServiceHandler.launch(LaunchServiceHandler.java:53) ~[modlauncher-10.0.9.jar%2355!/:?]
	at cpw.mods.modlauncher.LaunchServiceHandler.launch(LaunchServiceHandler.java:71) ~[modlauncher-10.0.9.jar%2355!/:?]
	at cpw.mods.modlauncher.Launcher.run(Launcher.java:108) ~[modlauncher-10.0.9.jar%2355!/:?]
	at cpw.mods.modlauncher.Launcher.main(Launcher.java:78) ~[modlauncher-10.0.9.jar%2355!/:?]
	at cpw.mods.modlauncher.BootstrapLaunchConsumer.accept(BootstrapLaunchConsumer.java:26) ~[modlauncher-10.0.9.jar%2355!/:?]
	at cpw.mods.modlauncher.BootstrapLaunchConsumer.accept(BootstrapLaunchConsumer.java:23) ~[modlauncher-10.0.9.jar%2355!/:?]
	at cpw.mods.bootstraplauncher.BootstrapLauncher.main(BootstrapLauncher.java:141) ~[bootstraplauncher-1.1.2.jar:?]
[23Apr2025 02:49:30.014] [main/ERROR] [net.minecraft.world.item.crafting.RecipeManager/]: Parsing error loading recipe luminous_nether:supplementaries_ash_block
com.google.gson.JsonSyntaxException: Unknown item 'supplementaries:ash'
	at net.minecraft.world.item.crafting.ShapedRecipe.m_151280_(ShapedRecipe.java:292) ~[server-1.20.1-20230612.114412-srg.jar%23467!/:?]
	at java.util.Optional.orElseThrow(Optional.java:403) ~[?:?]
	at net.minecraft.world.item.crafting.ShapedRecipe.m_151278_(ShapedRecipe.java:291) ~[server-1.20.1-20230612.114412-srg.jar%23467!/:?]
	at net.minecraft.world.item.crafting.Ingredient.m_43919_(Ingredient.java:219) ~[server-1.20.1-20230612.114412-srg.jar%23467!/:?]
	at net.minecraftforge.common.crafting.VanillaIngredientSerializer.parse(VanillaIngredientSerializer.java:27) ~[forge-1.20.1-47.3.7-universal.jar%23472!/:?]
	at net.minecraftforge.common.crafting.CraftingHelper.getIngredient(CraftingHelper.java:148) ~[forge-1.20.1-47.3.7-universal.jar%23472!/:?]
	at net.minecraft.world.item.crafting.Ingredient.m_288218_(Ingredient.java:194) ~[server-1.20.1-20230612.114412-srg.jar%23467!/:?]
	at net.minecraft.world.item.crafting.ShapedRecipe.m_44210_(ShapedRecipe.java:278) ~[server-1.20.1-20230612.114412-srg.jar%23467!/:?]
	at net.minecraft.world.item.crafting.ShapedRecipe$Serializer.m_6729_(ShapedRecipe.java:306) ~[server-1.20.1-20230612.114412-srg.jar%23467!/:?]
	at net.minecraft.world.item.crafting.ShapedRecipe$Serializer.m_6729_(ShapedRecipe.java:301) ~[server-1.20.1-20230612.114412-srg.jar%23467!/:?]
	at net.minecraftforge.common.extensions.IForgeRecipeSerializer.fromJson(IForgeRecipeSerializer.java:23) ~[forge-1.20.1-47.3.7-universal.jar%23472!/:?]
	at net.minecraft.world.item.crafting.RecipeManager.fromJson(RecipeManager.java:171) ~[server-1.20.1-20230612.114412-srg.jar%23467!/:?]
	at net.minecraft.world.item.crafting.RecipeManager.m_5787_(RecipeManager.java:67) ~[server-1.20.1-20230612.114412-srg.jar%23467!/:?]
	at net.minecraft.world.item.crafting.RecipeManager.m_5787_(RecipeManager.java:34) ~[server-1.20.1-20230612.114412-srg.jar%23467!/:?]
	at net.minecraft.server.packs.resources.SimplePreparableReloadListener.m_10789_(SimplePreparableReloadListener.java:13) ~[server-1.20.1-20230612.114412-srg.jar%23467!/:?]
	at java.util.concurrent.CompletableFuture$UniAccept.tryFire(CompletableFuture.java:718) ~[?:?]
	at java.util.concurrent.CompletableFuture$Completion.run(CompletableFuture.java:482) ~[?:?]
	at net.minecraft.server.packs.resources.SimpleReloadInstance.m_143940_(SimpleReloadInstance.java:69) ~[server-1.20.1-20230612.114412-srg.jar%23467!/:?]
	at net.minecraft.Util.m_214652_(Util.java:783) ~[server-1.20.1-20230612.114412-srg.jar%23467!/:?]
	at net.minecraft.Util.m_214679_(Util.java:772) ~[server-1.20.1-20230612.114412-srg.jar%23467!/:?]
	at net.minecraft.server.Main.main(Main.java:166) ~[server-1.20.1-20230612.114412-srg.jar%23467!/:?]
	at jdk.internal.reflect.NativeMethodAccessorImpl.invoke0(Native Method) ~[?:?]
	at jdk.internal.reflect.NativeMethodAccessorImpl.invoke(NativeMethodAccessorImpl.java:77) ~[?:?]
	at jdk.internal.reflect.DelegatingMethodAccessorImpl.invoke(DelegatingMethodAccessorImpl.java:43) ~[?:?]
	at java.lang.reflect.Method.invoke(Method.java:569) ~[?:?]
	at net.minecraftforge.fml.loading.targets.CommonLaunchHandler.runTarget(CommonLaunchHandler.java:111) ~[fmlloader-1.20.1-47.3.7.jar%2369!/:?]
	at net.minecraftforge.fml.loading.targets.CommonLaunchHandler.serverService(CommonLaunchHandler.java:103) ~[fmlloader-1.20.1-47.3.7.jar%2369!/:?]
	at net.minecraftforge.fml.loading.targets.CommonServerLaunchHandler.lambda$makeService$0(CommonServerLaunchHandler.java:27) ~[fmlloader-1.20.1-47.3.7.jar%2369!/:?]
	at cpw.mods.modlauncher.LaunchServiceHandlerDecorator.launch(LaunchServiceHandlerDecorator.java:30) ~[modlauncher-10.0.9.jar%2355!/:?]
	at cpw.mods.modlauncher.LaunchServiceHandler.launch(LaunchServiceHandler.java:53) ~[modlauncher-10.0.9.jar%2355!/:?]
	at cpw.mods.modlauncher.LaunchServiceHandler.launch(LaunchServiceHandler.java:71) ~[modlauncher-10.0.9.jar%2355!/:?]
	at cpw.mods.modlauncher.Launcher.run(Launcher.java:108) ~[modlauncher-10.0.9.jar%2355!/:?]
	at cpw.mods.modlauncher.Launcher.main(Launcher.java:78) ~[modlauncher-10.0.9.jar%2355!/:?]
	at cpw.mods.modlauncher.BootstrapLaunchConsumer.accept(BootstrapLaunchConsumer.java:26) ~[modlauncher-10.0.9.jar%2355!/:?]
	at cpw.mods.modlauncher.BootstrapLaunchConsumer.accept(BootstrapLaunchConsumer.java:23) ~[modlauncher-10.0.9.jar%2355!/:?]
	at cpw.mods.bootstraplauncher.BootstrapLauncher.main(BootstrapLauncher.java:141) ~[bootstraplauncher-1.1.2.jar:?]
[23Apr2025 02:49:30.031] [main/ERROR] [net.minecraft.world.item.crafting.RecipeManager/]: Parsing error loading recipe epicsamurai:samurai_guide
com.google.gson.JsonSyntaxException: Unknown item 'patchouli:guide_book'
	at net.minecraftforge.common.crafting.CraftingHelper.getItem(CraftingHelper.java:160) ~[forge-1.20.1-47.3.7-universal.jar%23472!/:?]
	at net.minecraftforge.common.crafting.CraftingHelper.getItemStack(CraftingHelper.java:186) ~[forge-1.20.1-47.3.7-universal.jar%23472!/:?]
	at net.minecraft.world.item.crafting.ShapedRecipe.m_151274_(ShapedRecipe.java:286) ~[server-1.20.1-20230612.114412-srg.jar%23467!/:?]
	at net.minecraft.world.item.crafting.ShapedRecipe$Serializer.m_6729_(ShapedRecipe.java:311) ~[server-1.20.1-20230612.114412-srg.jar%23467!/:?]
	at net.minecraft.world.item.crafting.ShapedRecipe$Serializer.m_6729_(ShapedRecipe.java:301) ~[server-1.20.1-20230612.114412-srg.jar%23467!/:?]
	at net.minecraftforge.common.extensions.IForgeRecipeSerializer.fromJson(IForgeRecipeSerializer.java:23) ~[forge-1.20.1-47.3.7-universal.jar%23472!/:?]
	at net.minecraft.world.item.crafting.RecipeManager.fromJson(RecipeManager.java:171) ~[server-1.20.1-20230612.114412-srg.jar%23467!/:?]
	at net.minecraft.world.item.crafting.RecipeManager.m_5787_(RecipeManager.java:67) ~[server-1.20.1-20230612.114412-srg.jar%23467!/:?]
	at net.minecraft.world.item.crafting.RecipeManager.m_5787_(RecipeManager.java:34) ~[server-1.20.1-20230612.114412-srg.jar%23467!/:?]
	at net.minecraft.server.packs.resources.SimplePreparableReloadListener.m_10789_(SimplePreparableReloadListener.java:13) ~[server-1.20.1-20230612.114412-srg.jar%23467!/:?]
	at java.util.concurrent.CompletableFuture$UniAccept.tryFire(CompletableFuture.java:718) ~[?:?]
	at java.util.concurrent.CompletableFuture$Completion.run(CompletableFuture.java:482) ~[?:?]
	at net.minecraft.server.packs.resources.SimpleReloadInstance.m_143940_(SimpleReloadInstance.java:69) ~[server-1.20.1-20230612.114412-srg.jar%23467!/:?]
	at net.minecraft.Util.m_214652_(Util.java:783) ~[server-1.20.1-20230612.114412-srg.jar%23467!/:?]
	at net.minecraft.Util.m_214679_(Util.java:772) ~[server-1.20.1-20230612.114412-srg.jar%23467!/:?]
	at net.minecraft.server.Main.main(Main.java:166) ~[server-1.20.1-20230612.114412-srg.jar%23467!/:?]
	at jdk.internal.reflect.NativeMethodAccessorImpl.invoke0(Native Method) ~[?:?]
	at jdk.internal.reflect.NativeMethodAccessorImpl.invoke(NativeMethodAccessorImpl.java:77) ~[?:?]
	at jdk.internal.reflect.DelegatingMethodAccessorImpl.invoke(DelegatingMethodAccessorImpl.java:43) ~[?:?]
	at java.lang.reflect.Method.invoke(Method.java:569) ~[?:?]
	at net.minecraftforge.fml.loading.targets.CommonLaunchHandler.runTarget(CommonLaunchHandler.java:111) ~[fmlloader-1.20.1-47.3.7.jar%2369!/:?]
	at net.minecraftforge.fml.loading.targets.CommonLaunchHandler.serverService(CommonLaunchHandler.java:103) ~[fmlloader-1.20.1-47.3.7.jar%2369!/:?]
	at net.minecraftforge.fml.loading.targets.CommonServerLaunchHandler.lambda$makeService$0(CommonServerLaunchHandler.java:27) ~[fmlloader-1.20.1-47.3.7.jar%2369!/:?]
	at cpw.mods.modlauncher.LaunchServiceHandlerDecorator.launch(LaunchServiceHandlerDecorator.java:30) ~[modlauncher-10.0.9.jar%2355!/:?]
	at cpw.mods.modlauncher.LaunchServiceHandler.launch(LaunchServiceHandler.java:53) ~[modlauncher-10.0.9.jar%2355!/:?]
	at cpw.mods.modlauncher.LaunchServiceHandler.launch(LaunchServiceHandler.java:71) ~[modlauncher-10.0.9.jar%2355!/:?]
	at cpw.mods.modlauncher.Launcher.run(Launcher.java:108) ~[modlauncher-10.0.9.jar%2355!/:?]
	at cpw.mods.modlauncher.Launcher.main(Launcher.java:78) ~[modlauncher-10.0.9.jar%2355!/:?]
	at cpw.mods.modlauncher.BootstrapLaunchConsumer.accept(BootstrapLaunchConsumer.java:26) ~[modlauncher-10.0.9.jar%2355!/:?]
	at cpw.mods.modlauncher.BootstrapLaunchConsumer.accept(BootstrapLaunchConsumer.java:23) ~[modlauncher-10.0.9.jar%2355!/:?]
	at cpw.mods.bootstraplauncher.BootstrapLauncher.main(BootstrapLauncher.java:141) ~[bootstraplauncher-1.1.2.jar:?]
[23Apr2025 02:49:30.040] [main/ERROR] [net.minecraft.world.item.crafting.RecipeManager/]: Parsing error loading recipe rpgsmw:nca
com.google.gson.JsonSyntaxException: Unknown item 'rpgsmw:deleted_mod_element'
	at net.minecraftforge.common.crafting.CraftingHelper.getItem(CraftingHelper.java:160) ~[forge-1.20.1-47.3.7-universal.jar%23472!/:?]
	at net.minecraftforge.common.crafting.CraftingHelper.getItemStack(CraftingHelper.java:186) ~[forge-1.20.1-47.3.7-universal.jar%23472!/:?]
	at net.minecraft.world.item.crafting.ShapedRecipe.m_151274_(ShapedRecipe.java:286) ~[server-1.20.1-20230612.114412-srg.jar%23467!/:?]
	at net.minecraft.world.item.crafting.ShapedRecipe$Serializer.m_6729_(ShapedRecipe.java:311) ~[server-1.20.1-20230612.114412-srg.jar%23467!/:?]
	at net.minecraft.world.item.crafting.ShapedRecipe$Serializer.m_6729_(ShapedRecipe.java:301) ~[server-1.20.1-20230612.114412-srg.jar%23467!/:?]
	at net.minecraftforge.common.extensions.IForgeRecipeSerializer.fromJson(IForgeRecipeSerializer.java:23) ~[forge-1.20.1-47.3.7-universal.jar%23472!/:?]
	at net.minecraft.world.item.crafting.RecipeManager.fromJson(RecipeManager.java:171) ~[server-1.20.1-20230612.114412-srg.jar%23467!/:?]
	at net.minecraft.world.item.crafting.RecipeManager.m_5787_(RecipeManager.java:67) ~[server-1.20.1-20230612.114412-srg.jar%23467!/:?]
	at net.minecraft.world.item.crafting.RecipeManager.m_5787_(RecipeManager.java:34) ~[server-1.20.1-20230612.114412-srg.jar%23467!/:?]
	at net.minecraft.server.packs.resources.SimplePreparableReloadListener.m_10789_(SimplePreparableReloadListener.java:13) ~[server-1.20.1-20230612.114412-srg.jar%23467!/:?]
	at java.util.concurrent.CompletableFuture$UniAccept.tryFire(CompletableFuture.java:718) ~[?:?]
	at java.util.concurrent.CompletableFuture$Completion.run(CompletableFuture.java:482) ~[?:?]
	at net.minecraft.server.packs.resources.SimpleReloadInstance.m_143940_(SimpleReloadInstance.java:69) ~[server-1.20.1-20230612.114412-srg.jar%23467!/:?]
	at net.minecraft.Util.m_214652_(Util.java:783) ~[server-1.20.1-20230612.114412-srg.jar%23467!/:?]
	at net.minecraft.Util.m_214679_(Util.java:772) ~[server-1.20.1-20230612.114412-srg.jar%23467!/:?]
	at net.minecraft.server.Main.main(Main.java:166) ~[server-1.20.1-20230612.114412-srg.jar%23467!/:?]
	at jdk.internal.reflect.NativeMethodAccessorImpl.invoke0(Native Method) ~[?:?]
	at jdk.internal.reflect.NativeMethodAccessorImpl.invoke(NativeMethodAccessorImpl.java:77) ~[?:?]
	at jdk.internal.reflect.DelegatingMethodAccessorImpl.invoke(DelegatingMethodAccessorImpl.java:43) ~[?:?]
	at java.lang.reflect.Method.invoke(Method.java:569) ~[?:?]
	at net.minecraftforge.fml.loading.targets.CommonLaunchHandler.runTarget(CommonLaunchHandler.java:111) ~[fmlloader-1.20.1-47.3.7.jar%2369!/:?]
	at net.minecraftforge.fml.loading.targets.CommonLaunchHandler.serverService(CommonLaunchHandler.java:103) ~[fmlloader-1.20.1-47.3.7.jar%2369!/:?]
	at net.minecraftforge.fml.loading.targets.CommonServerLaunchHandler.lambda$makeService$0(CommonServerLaunchHandler.java:27) ~[fmlloader-1.20.1-47.3.7.jar%2369!/:?]
	at cpw.mods.modlauncher.LaunchServiceHandlerDecorator.launch(LaunchServiceHandlerDecorator.java:30) ~[modlauncher-10.0.9.jar%2355!/:?]
	at cpw.mods.modlauncher.LaunchServiceHandler.launch(LaunchServiceHandler.java:53) ~[modlauncher-10.0.9.jar%2355!/:?]
	at cpw.mods.modlauncher.LaunchServiceHandler.launch(LaunchServiceHandler.java:71) ~[modlauncher-10.0.9.jar%2355!/:?]
	at cpw.mods.modlauncher.Launcher.run(Launcher.java:108) ~[modlauncher-10.0.9.jar%2355!/:?]
	at cpw.mods.modlauncher.Launcher.main(Launcher.java:78) ~[modlauncher-10.0.9.jar%2355!/:?]
	at cpw.mods.modlauncher.BootstrapLaunchConsumer.accept(BootstrapLaunchConsumer.java:26) ~[modlauncher-10.0.9.jar%2355!/:?]
	at cpw.mods.modlauncher.BootstrapLaunchConsumer.accept(BootstrapLaunchConsumer.java:23) ~[modlauncher-10.0.9.jar%2355!/:?]
	at cpw.mods.bootstraplauncher.BootstrapLauncher.main(BootstrapLauncher.java:141) ~[bootstraplauncher-1.1.2.jar:?]
[23Apr2025 02:49:30.041] [main/ERROR] [net.minecraft.world.item.crafting.RecipeManager/]: Parsing error loading recipe rpgsmw:ncc
com.google.gson.JsonSyntaxException: Unknown item 'rpgsmw:deleted_mod_element'
	at net.minecraftforge.common.crafting.CraftingHelper.getItem(CraftingHelper.java:160) ~[forge-1.20.1-47.3.7-universal.jar%23472!/:?]
	at net.minecraftforge.common.crafting.CraftingHelper.getItemStack(CraftingHelper.java:186) ~[forge-1.20.1-47.3.7-universal.jar%23472!/:?]
	at net.minecraft.world.item.crafting.ShapedRecipe.m_151274_(ShapedRecipe.java:286) ~[server-1.20.1-20230612.114412-srg.jar%23467!/:?]
	at net.minecraft.world.item.crafting.ShapedRecipe$Serializer.m_6729_(ShapedRecipe.java:311) ~[server-1.20.1-20230612.114412-srg.jar%23467!/:?]
	at net.minecraft.world.item.crafting.ShapedRecipe$Serializer.m_6729_(ShapedRecipe.java:301) ~[server-1.20.1-20230612.114412-srg.jar%23467!/:?]
	at net.minecraftforge.common.extensions.IForgeRecipeSerializer.fromJson(IForgeRecipeSerializer.java:23) ~[forge-1.20.1-47.3.7-universal.jar%23472!/:?]
	at net.minecraft.world.item.crafting.RecipeManager.fromJson(RecipeManager.java:171) ~[server-1.20.1-20230612.114412-srg.jar%23467!/:?]
	at net.minecraft.world.item.crafting.RecipeManager.m_5787_(RecipeManager.java:67) ~[server-1.20.1-20230612.114412-srg.jar%23467!/:?]
	at net.minecraft.world.item.crafting.RecipeManager.m_5787_(RecipeManager.java:34) ~[server-1.20.1-20230612.114412-srg.jar%23467!/:?]
	at net.minecraft.server.packs.resources.SimplePreparableReloadListener.m_10789_(SimplePreparableReloadListener.java:13) ~[server-1.20.1-20230612.114412-srg.jar%23467!/:?]
	at java.util.concurrent.CompletableFuture$UniAccept.tryFire(CompletableFuture.java:718) ~[?:?]
	at java.util.concurrent.CompletableFuture$Completion.run(CompletableFuture.java:482) ~[?:?]
	at net.minecraft.server.packs.resources.SimpleReloadInstance.m_143940_(SimpleReloadInstance.java:69) ~[server-1.20.1-20230612.114412-srg.jar%23467!/:?]
	at net.minecraft.Util.m_214652_(Util.java:783) ~[server-1.20.1-20230612.114412-srg.jar%23467!/:?]
	at net.minecraft.Util.m_214679_(Util.java:772) ~[server-1.20.1-20230612.114412-srg.jar%23467!/:?]
	at net.minecraft.server.Main.main(Main.java:166) ~[server-1.20.1-20230612.114412-srg.jar%23467!/:?]
	at jdk.internal.reflect.NativeMethodAccessorImpl.invoke0(Native Method) ~[?:?]
	at jdk.internal.reflect.NativeMethodAccessorImpl.invoke(NativeMethodAccessorImpl.java:77) ~[?:?]
	at jdk.internal.reflect.DelegatingMethodAccessorImpl.invoke(DelegatingMethodAccessorImpl.java:43) ~[?:?]
	at java.lang.reflect.Method.invoke(Method.java:569) ~[?:?]
	at net.minecraftforge.fml.loading.targets.CommonLaunchHandler.runTarget(CommonLaunchHandler.java:111) ~[fmlloader-1.20.1-47.3.7.jar%2369!/:?]
	at net.minecraftforge.fml.loading.targets.CommonLaunchHandler.serverService(CommonLaunchHandler.java:103) ~[fmlloader-1.20.1-47.3.7.jar%2369!/:?]
	at net.minecraftforge.fml.loading.targets.CommonServerLaunchHandler.lambda$makeService$0(CommonServerLaunchHandler.java:27) ~[fmlloader-1.20.1-47.3.7.jar%2369!/:?]
	at cpw.mods.modlauncher.LaunchServiceHandlerDecorator.launch(LaunchServiceHandlerDecorator.java:30) ~[modlauncher-10.0.9.jar%2355!/:?]
	at cpw.mods.modlauncher.LaunchServiceHandler.launch(LaunchServiceHandler.java:53) ~[modlauncher-10.0.9.jar%2355!/:?]
	at cpw.mods.modlauncher.LaunchServiceHandler.launch(LaunchServiceHandler.java:71) ~[modlauncher-10.0.9.jar%2355!/:?]
	at cpw.mods.modlauncher.Launcher.run(Launcher.java:108) ~[modlauncher-10.0.9.jar%2355!/:?]
	at cpw.mods.modlauncher.Launcher.main(Launcher.java:78) ~[modlauncher-10.0.9.jar%2355!/:?]
	at cpw.mods.modlauncher.BootstrapLaunchConsumer.accept(BootstrapLaunchConsumer.java:26) ~[modlauncher-10.0.9.jar%2355!/:?]
	at cpw.mods.modlauncher.BootstrapLaunchConsumer.accept(BootstrapLaunchConsumer.java:23) ~[modlauncher-10.0.9.jar%2355!/:?]
	at cpw.mods.bootstraplauncher.BootstrapLauncher.main(BootstrapLauncher.java:141) ~[bootstraplauncher-1.1.2.jar:?]
[23Apr2025 02:49:30.061] [main/INFO] [net.minecraft.world.item.crafting.RecipeManager/]: Skipping loading recipe epicsamurai:sculk_samruai_helmet_smithing as it's serializer returned null
[23Apr2025 02:49:30.062] [main/INFO] [net.minecraft.world.item.crafting.RecipeManager/]: Skipping loading recipe epicsamurai:tyr_samurai_chestplate as it's serializer returned null
[23Apr2025 02:49:30.067] [main/INFO] [net.minecraft.world.item.crafting.RecipeManager/]: Skipping loading recipe epicsamurai:tyr_samurai_boots as it's serializer returned null
[23Apr2025 02:49:30.084] [main/ERROR] [net.minecraft.world.item.crafting.RecipeManager/]: Parsing error loading recipe lookinsharp:vitalium_ingot
com.google.gson.JsonSyntaxException: Unknown item 'lookinsharp:vitalium_ingot'
	at net.minecraftforge.common.crafting.CraftingHelper.getItem(CraftingHelper.java:160) ~[forge-1.20.1-47.3.7-universal.jar%23472!/:?]
	at net.minecraftforge.common.crafting.CraftingHelper.getItemStack(CraftingHelper.java:186) ~[forge-1.20.1-47.3.7-universal.jar%23472!/:?]
	at net.minecraft.world.item.crafting.ShapedRecipe.m_151274_(ShapedRecipe.java:286) ~[server-1.20.1-20230612.114412-srg.jar%23467!/:?]
	at net.minecraft.world.item.crafting.ShapelessRecipe$Serializer.m_6729_(ShapelessRecipe.java:95) ~[server-1.20.1-20230612.114412-srg.jar%23467!/:?]
	at net.minecraft.world.item.crafting.ShapelessRecipe$Serializer.m_6729_(ShapelessRecipe.java:84) ~[server-1.20.1-20230612.114412-srg.jar%23467!/:?]
	at net.minecraftforge.common.extensions.IForgeRecipeSerializer.fromJson(IForgeRecipeSerializer.java:23) ~[forge-1.20.1-47.3.7-universal.jar%23472!/:?]
	at net.minecraft.world.item.crafting.RecipeManager.fromJson(RecipeManager.java:171) ~[server-1.20.1-20230612.114412-srg.jar%23467!/:?]
	at net.minecraft.world.item.crafting.RecipeManager.m_5787_(RecipeManager.java:67) ~[server-1.20.1-20230612.114412-srg.jar%23467!/:?]
	at net.minecraft.world.item.crafting.RecipeManager.m_5787_(RecipeManager.java:34) ~[server-1.20.1-20230612.114412-srg.jar%23467!/:?]
	at net.minecraft.server.packs.resources.SimplePreparableReloadListener.m_10789_(SimplePreparableReloadListener.java:13) ~[server-1.20.1-20230612.114412-srg.jar%23467!/:?]
	at java.util.concurrent.CompletableFuture$UniAccept.tryFire(CompletableFuture.java:718) ~[?:?]
	at java.util.concurrent.CompletableFuture$Completion.run(CompletableFuture.java:482) ~[?:?]
	at net.minecraft.server.packs.resources.SimpleReloadInstance.m_143940_(SimpleReloadInstance.java:69) ~[server-1.20.1-20230612.114412-srg.jar%23467!/:?]
	at net.minecraft.Util.m_214652_(Util.java:783) ~[server-1.20.1-20230612.114412-srg.jar%23467!/:?]
	at net.minecraft.Util.m_214679_(Util.java:772) ~[server-1.20.1-20230612.114412-srg.jar%23467!/:?]
	at net.minecraft.server.Main.main(Main.java:166) ~[server-1.20.1-20230612.114412-srg.jar%23467!/:?]
	at jdk.internal.reflect.NativeMethodAccessorImpl.invoke0(Native Method) ~[?:?]
	at jdk.internal.reflect.NativeMethodAccessorImpl.invoke(NativeMethodAccessorImpl.java:77) ~[?:?]
	at jdk.internal.reflect.DelegatingMethodAccessorImpl.invoke(DelegatingMethodAccessorImpl.java:43) ~[?:?]
	at java.lang.reflect.Method.invoke(Method.java:569) ~[?:?]
	at net.minecraftforge.fml.loading.targets.CommonLaunchHandler.runTarget(CommonLaunchHandler.java:111) ~[fmlloader-1.20.1-47.3.7.jar%2369!/:?]
	at net.minecraftforge.fml.loading.targets.CommonLaunchHandler.serverService(CommonLaunchHandler.java:103) ~[fmlloader-1.20.1-47.3.7.jar%2369!/:?]
	at net.minecraftforge.fml.loading.targets.CommonServerLaunchHandler.lambda$makeService$0(CommonServerLaunchHandler.java:27) ~[fmlloader-1.20.1-47.3.7.jar%2369!/:?]
	at cpw.mods.modlauncher.LaunchServiceHandlerDecorator.launch(LaunchServiceHandlerDecorator.java:30) ~[modlauncher-10.0.9.jar%2355!/:?]
	at cpw.mods.modlauncher.LaunchServiceHandler.launch(LaunchServiceHandler.java:53) ~[modlauncher-10.0.9.jar%2355!/:?]
	at cpw.mods.modlauncher.LaunchServiceHandler.launch(LaunchServiceHandler.java:71) ~[modlauncher-10.0.9.jar%2355!/:?]
	at cpw.mods.modlauncher.Launcher.run(Launcher.java:108) ~[modlauncher-10.0.9.jar%2355!/:?]
	at cpw.mods.modlauncher.Launcher.main(Launcher.java:78) ~[modlauncher-10.0.9.jar%2355!/:?]
	at cpw.mods.modlauncher.BootstrapLaunchConsumer.accept(BootstrapLaunchConsumer.java:26) ~[modlauncher-10.0.9.jar%2355!/:?]
	at cpw.mods.modlauncher.BootstrapLaunchConsumer.accept(BootstrapLaunchConsumer.java:23) ~[modlauncher-10.0.9.jar%2355!/:?]
	at cpw.mods.bootstraplauncher.BootstrapLauncher.main(BootstrapLauncher.java:141) ~[bootstraplauncher-1.1.2.jar:?]
[23Apr2025 02:49:30.093] [main/ERROR] [net.minecraft.world.item.crafting.RecipeManager/]: Parsing error loading recipe revampedpiles:plains_cartographer_desk
com.google.gson.JsonSyntaxException: Invalid pattern: each row must be the same width
	at net.minecraft.world.item.crafting.ShapedRecipe.m_44196_(ShapedRecipe.java:256) ~[server-1.20.1-20230612.114412-srg.jar%23467!/:?]
	at net.minecraft.world.item.crafting.ShapedRecipe$Serializer.m_6729_(ShapedRecipe.java:307) ~[server-1.20.1-20230612.114412-srg.jar%23467!/:?]
	at net.minecraft.world.item.crafting.ShapedRecipe$Serializer.m_6729_(ShapedRecipe.java:301) ~[server-1.20.1-20230612.114412-srg.jar%23467!/:?]
	at net.minecraftforge.common.extensions.IForgeRecipeSerializer.fromJson(IForgeRecipeSerializer.java:23) ~[forge-1.20.1-47.3.7-universal.jar%23472!/:?]
	at net.minecraft.world.item.crafting.RecipeManager.fromJson(RecipeManager.java:171) ~[server-1.20.1-20230612.114412-srg.jar%23467!/:?]
	at net.minecraft.world.item.crafting.RecipeManager.m_5787_(RecipeManager.java:67) ~[server-1.20.1-20230612.114412-srg.jar%23467!/:?]
	at net.minecraft.world.item.crafting.RecipeManager.m_5787_(RecipeManager.java:34) ~[server-1.20.1-20230612.114412-srg.jar%23467!/:?]
	at net.minecraft.server.packs.resources.SimplePreparableReloadListener.m_10789_(SimplePreparableReloadListener.java:13) ~[server-1.20.1-20230612.114412-srg.jar%23467!/:?]
	at java.util.concurrent.CompletableFuture$UniAccept.tryFire(CompletableFuture.java:718) ~[?:?]
	at java.util.concurrent.CompletableFuture$Completion.run(CompletableFuture.java:482) ~[?:?]
	at net.minecraft.server.packs.resources.SimpleReloadInstance.m_143940_(SimpleReloadInstance.java:69) ~[server-1.20.1-20230612.114412-srg.jar%23467!/:?]
	at net.minecraft.Util.m_214652_(Util.java:783) ~[server-1.20.1-20230612.114412-srg.jar%23467!/:?]
	at net.minecraft.Util.m_214679_(Util.java:772) ~[server-1.20.1-20230612.114412-srg.jar%23467!/:?]
	at net.minecraft.server.Main.main(Main.java:166) ~[server-1.20.1-20230612.114412-srg.jar%23467!/:?]
	at jdk.internal.reflect.NativeMethodAccessorImpl.invoke0(Native Method) ~[?:?]
	at jdk.internal.reflect.NativeMethodAccessorImpl.invoke(NativeMethodAccessorImpl.java:77) ~[?:?]
	at jdk.internal.reflect.DelegatingMethodAccessorImpl.invoke(DelegatingMethodAccessorImpl.java:43) ~[?:?]
	at java.lang.reflect.Method.invoke(Method.java:569) ~[?:?]
	at net.minecraftforge.fml.loading.targets.CommonLaunchHandler.runTarget(CommonLaunchHandler.java:111) ~[fmlloader-1.20.1-47.3.7.jar%2369!/:?]
	at net.minecraftforge.fml.loading.targets.CommonLaunchHandler.serverService(CommonLaunchHandler.java:103) ~[fmlloader-1.20.1-47.3.7.jar%2369!/:?]
	at net.minecraftforge.fml.loading.targets.CommonServerLaunchHandler.lambda$makeService$0(CommonServerLaunchHandler.java:27) ~[fmlloader-1.20.1-47.3.7.jar%2369!/:?]
	at cpw.mods.modlauncher.LaunchServiceHandlerDecorator.launch(LaunchServiceHandlerDecorator.java:30) ~[modlauncher-10.0.9.jar%2355!/:?]
	at cpw.mods.modlauncher.LaunchServiceHandler.launch(LaunchServiceHandler.java:53) ~[modlauncher-10.0.9.jar%2355!/:?]
	at cpw.mods.modlauncher.LaunchServiceHandler.launch(LaunchServiceHandler.java:71) ~[modlauncher-10.0.9.jar%2355!/:?]
	at cpw.mods.modlauncher.Launcher.run(Launcher.java:108) ~[modlauncher-10.0.9.jar%2355!/:?]
	at cpw.mods.modlauncher.Launcher.main(Launcher.java:78) ~[modlauncher-10.0.9.jar%2355!/:?]
	at cpw.mods.modlauncher.BootstrapLaunchConsumer.accept(BootstrapLaunchConsumer.java:26) ~[modlauncher-10.0.9.jar%2355!/:?]
	at cpw.mods.modlauncher.BootstrapLaunchConsumer.accept(BootstrapLaunchConsumer.java:23) ~[modlauncher-10.0.9.jar%2355!/:?]
	at cpw.mods.bootstraplauncher.BootstrapLauncher.main(BootstrapLauncher.java:141) ~[bootstraplauncher-1.1.2.jar:?]
[23Apr2025 02:49:30.117] [main/INFO] [net.minecraft.world.item.crafting.RecipeManager/]: Skipping loading recipe epicsamurai:living_samruai_chestplate_array as it's serializer returned null
[23Apr2025 02:49:30.124] [main/INFO] [net.minecraft.world.item.crafting.RecipeManager/]: Skipping loading recipe twilightforest:jeed/resistance as it's serializer returned null
[23Apr2025 02:49:30.127] [main/INFO] [net.minecraft.world.item.crafting.RecipeManager/]: Skipping loading recipe epicsamurai:etyrite_samruai_helmet_smithing as it's serializer returned null
[23Apr2025 02:49:30.165] [main/INFO] [net.minecraft.world.item.crafting.RecipeManager/]: Skipping loading recipe epicsamurai:draco_samurai_chestplate as it's serializer returned null
[23Apr2025 02:49:30.187] [main/INFO] [net.minecraft.world.item.crafting.RecipeManager/]: Skipping loading recipe epicsamurai:draco_samurai_helmet as it's serializer returned null
[23Apr2025 02:49:30.192] [main/INFO] [net.minecraft.world.item.crafting.RecipeManager/]: Skipping loading recipe epicsamurai:source_gem_samruai_chestplate_ritual as it's serializer returned null
[23Apr2025 02:49:30.203] [main/INFO] [net.minecraft.world.item.crafting.RecipeManager/]: Skipping loading recipe epicsamurai:dye_ars_nouveau_chestplate as it's serializer returned null
[23Apr2025 02:49:30.204] [main/INFO] [net.minecraft.world.item.crafting.RecipeManager/]: Skipping loading recipe epicsamurai:sculk_samruai_leggings_smithing as it's serializer returned null
[23Apr2025 02:49:30.213] [main/INFO] [net.minecraft.world.item.crafting.RecipeManager/]: Skipping loading recipe epicsamurai:brass_samruai_boots_mechanical_crafting as it's serializer returned null
[23Apr2025 02:49:30.217] [main/INFO] [net.minecraft.world.item.crafting.RecipeManager/]: Skipping loading recipe twilightforest:jeed/regeneration as it's serializer returned null
[23Apr2025 02:49:30.223] [main/INFO] [net.minecraft.world.item.crafting.RecipeManager/]: Skipping loading recipe twilightforest:jeed/slowness as it's serializer returned null
[23Apr2025 02:49:30.232] [main/INFO] [net.minecraft.world.item.crafting.RecipeManager/]: Skipping loading recipe epicsamurai:tyr_samurai_helmet as it's serializer returned null
[23Apr2025 02:49:30.237] [main/INFO] [net.minecraft.world.item.crafting.RecipeManager/]: Skipping loading recipe epicsamurai:etyrite_samruai_boots_smithing as it's serializer returned null
[23Apr2025 02:49:30.241] [main/INFO] [net.minecraft.world.item.crafting.RecipeManager/]: Skipping loading recipe twilightforest:jeed/fire_resistance as it's serializer returned null
[23Apr2025 02:49:30.242] [main/ERROR] [net.minecraft.world.item.crafting.RecipeManager/]: Parsing error loading recipe epicsamurai:mask_straw_hat
com.google.gson.JsonSyntaxException: Unknown item 'epicsamurai:mask_straw_hat'
	at net.minecraftforge.common.crafting.CraftingHelper.getItem(CraftingHelper.java:160) ~[forge-1.20.1-47.3.7-universal.jar%23472!/:?]
	at net.minecraftforge.common.crafting.CraftingHelper.getItemStack(CraftingHelper.java:186) ~[forge-1.20.1-47.3.7-universal.jar%23472!/:?]
	at net.minecraft.world.item.crafting.ShapedRecipe.m_151274_(ShapedRecipe.java:286) ~[server-1.20.1-20230612.114412-srg.jar%23467!/:?]
	at net.minecraft.world.item.crafting.ShapelessRecipe$Serializer.m_6729_(ShapelessRecipe.java:95) ~[server-1.20.1-20230612.114412-srg.jar%23467!/:?]
	at net.minecraft.world.item.crafting.ShapelessRecipe$Serializer.m_6729_(ShapelessRecipe.java:84) ~[server-1.20.1-20230612.114412-srg.jar%23467!/:?]
	at net.minecraftforge.common.extensions.IForgeRecipeSerializer.fromJson(IForgeRecipeSerializer.java:23) ~[forge-1.20.1-47.3.7-universal.jar%23472!/:?]
	at net.minecraft.world.item.crafting.RecipeManager.fromJson(RecipeManager.java:171) ~[server-1.20.1-20230612.114412-srg.jar%23467!/:?]
	at net.minecraft.world.item.crafting.RecipeManager.m_5787_(RecipeManager.java:67) ~[server-1.20.1-20230612.114412-srg.jar%23467!/:?]
	at net.minecraft.world.item.crafting.RecipeManager.m_5787_(RecipeManager.java:34) ~[server-1.20.1-20230612.114412-srg.jar%23467!/:?]
	at net.minecraft.server.packs.resources.SimplePreparableReloadListener.m_10789_(SimplePreparableReloadListener.java:13) ~[server-1.20.1-20230612.114412-srg.jar%23467!/:?]
	at java.util.concurrent.CompletableFuture$UniAccept.tryFire(CompletableFuture.java:718) ~[?:?]
	at java.util.concurrent.CompletableFuture$Completion.run(CompletableFuture.java:482) ~[?:?]
	at net.minecraft.server.packs.resources.SimpleReloadInstance.m_143940_(SimpleReloadInstance.java:69) ~[server-1.20.1-20230612.114412-srg.jar%23467!/:?]
	at net.minecraft.Util.m_214652_(Util.java:783) ~[server-1.20.1-20230612.114412-srg.jar%23467!/:?]
	at net.minecraft.Util.m_214679_(Util.java:772) ~[server-1.20.1-20230612.114412-srg.jar%23467!/:?]
	at net.minecraft.server.Main.main(Main.java:166) ~[server-1.20.1-20230612.114412-srg.jar%23467!/:?]
	at jdk.internal.reflect.NativeMethodAccessorImpl.invoke0(Native Method) ~[?:?]
	at jdk.internal.reflect.NativeMethodAccessorImpl.invoke(NativeMethodAccessorImpl.java:77) ~[?:?]
	at jdk.internal.reflect.DelegatingMethodAccessorImpl.invoke(DelegatingMethodAccessorImpl.java:43) ~[?:?]
	at java.lang.reflect.Method.invoke(Method.java:569) ~[?:?]
	at net.minecraftforge.fml.loading.targets.CommonLaunchHandler.runTarget(CommonLaunchHandler.java:111) ~[fmlloader-1.20.1-47.3.7.jar%2369!/:?]
	at net.minecraftforge.fml.loading.targets.CommonLaunchHandler.serverService(CommonLaunchHandler.java:103) ~[fmlloader-1.20.1-47.3.7.jar%2369!/:?]
	at net.minecraftforge.fml.loading.targets.CommonServerLaunchHandler.lambda$makeService$0(CommonServerLaunchHandler.java:27) ~[fmlloader-1.20.1-47.3.7.jar%2369!/:?]
	at cpw.mods.modlauncher.LaunchServiceHandlerDecorator.launch(LaunchServiceHandlerDecorator.java:30) ~[modlauncher-10.0.9.jar%2355!/:?]
	at cpw.mods.modlauncher.LaunchServiceHandler.launch(LaunchServiceHandler.java:53) ~[modlauncher-10.0.9.jar%2355!/:?]
	at cpw.mods.modlauncher.LaunchServiceHandler.launch(LaunchServiceHandler.java:71) ~[modlauncher-10.0.9.jar%2355!/:?]
	at cpw.mods.modlauncher.Launcher.run(Launcher.java:108) ~[modlauncher-10.0.9.jar%2355!/:?]
	at cpw.mods.modlauncher.Launcher.main(Launcher.java:78) ~[modlauncher-10.0.9.jar%2355!/:?]
	at cpw.mods.modlauncher.BootstrapLaunchConsumer.accept(BootstrapLaunchConsumer.java:26) ~[modlauncher-10.0.9.jar%2355!/:?]
	at cpw.mods.modlauncher.BootstrapLaunchConsumer.accept(BootstrapLaunchConsumer.java:23) ~[modlauncher-10.0.9.jar%2355!/:?]
	at cpw.mods.bootstraplauncher.BootstrapLauncher.main(BootstrapLauncher.java:141) ~[bootstraplauncher-1.1.2.jar:?]
[23Apr2025 02:49:30.257] [main/INFO] [net.minecraft.world.item.crafting.RecipeManager/]: Loaded 22 recipes
[23Apr2025 02:49:30.258] [main/ERROR] [net.minecraft.server.ServerFunctionLibrary/]: Failed to load function cavernous:secrets/items/ancient_armor/remove_health
java.util.concurrent.CompletionException: java.lang.IllegalArgumentException: Whilst parsing command on line 2: Unknown or incomplete command, see below for error at position 0: <--[HERE]
	at java.util.concurrent.CompletableFuture.encodeThrowable(CompletableFuture.java:315) ~[?:?]
	at java.util.concurrent.CompletableFuture.completeThrowable(CompletableFuture.java:320) ~[?:?]
	at java.util.concurrent.CompletableFuture$AsyncSupply.run(CompletableFuture.java:1770) ~[?:?]
	at java.util.concurrent.CompletableFuture$AsyncSupply.exec(CompletableFuture.java:1760) ~[?:?]
	at java.util.concurrent.ForkJoinTask.doExec(ForkJoinTask.java:373) ~[?:?]
	at java.util.concurrent.ForkJoinPool$WorkQueue.topLevelExec(ForkJoinPool.java:1182) ~[?:?]
	at java.util.concurrent.ForkJoinPool.scan(ForkJoinPool.java:1655) ~[?:?]
	at java.util.concurrent.ForkJoinPool.runWorker(ForkJoinPool.java:1622) ~[?:?]
	at java.util.concurrent.ForkJoinWorkerThread.run(ForkJoinWorkerThread.java:165) ~[?:?]
Caused by: java.lang.IllegalArgumentException: Whilst parsing command on line 2: Unknown or incomplete command, see below for error at position 0: <--[HERE]
	at net.minecraft.commands.CommandFunction.m_77984_(CommandFunction.java:63) ~[server-1.20.1-20230612.114412-srg.jar%23467!/:?]
	at net.minecraft.server.ServerFunctionLibrary.m_214320_(ServerFunctionLibrary.java:83) ~[server-1.20.1-20230612.114412-srg.jar%23467!/:?]
	at java.util.concurrent.CompletableFuture$AsyncSupply.run(CompletableFuture.java:1768) ~[?:?]
	... 6 more
[23Apr2025 02:49:30.259] [main/ERROR] [net.minecraft.server.ServerFunctionLibrary/]: Failed to load function epiceldenring:rennala
java.util.concurrent.CompletionException: java.lang.IllegalArgumentException: Whilst parsing command on line 1: Invalid or unknown entity type 'epiceldenring:rennala' at position 19: ...t @e[type=<--[HERE]
	at java.util.concurrent.CompletableFuture.encodeThrowable(CompletableFuture.java:315) ~[?:?]
	at java.util.concurrent.CompletableFuture.completeThrowable(CompletableFuture.java:320) ~[?:?]
	at java.util.concurrent.CompletableFuture$AsyncSupply.run(CompletableFuture.java:1770) ~[?:?]
	at java.util.concurrent.CompletableFuture$AsyncSupply.exec(CompletableFuture.java:1760) ~[?:?]
	at java.util.concurrent.ForkJoinTask.doExec(ForkJoinTask.java:373) ~[?:?]
	at java.util.concurrent.ForkJoinPool$WorkQueue.topLevelExec(ForkJoinPool.java:1182) ~[?:?]
	at java.util.concurrent.ForkJoinPool.scan(ForkJoinPool.java:1655) ~[?:?]
	at java.util.concurrent.ForkJoinPool.runWorker(ForkJoinPool.java:1622) ~[?:?]
	at java.util.concurrent.ForkJoinWorkerThread.run(ForkJoinWorkerThread.java:165) ~[?:?]
Caused by: java.lang.IllegalArgumentException: Whilst parsing command on line 1: Invalid or unknown entity type 'epiceldenring:rennala' at position 19: ...t @e[type=<--[HERE]
	at net.minecraft.commands.CommandFunction.m_77984_(CommandFunction.java:63) ~[server-1.20.1-20230612.114412-srg.jar%23467!/:?]
	at net.minecraft.server.ServerFunctionLibrary.m_214320_(ServerFunctionLibrary.java:83) ~[server-1.20.1-20230612.114412-srg.jar%23467!/:?]
	at java.util.concurrent.CompletableFuture$AsyncSupply.run(CompletableFuture.java:1768) ~[?:?]
	... 6 more
[23Apr2025 02:49:30.261] [main/ERROR] [net.minecraft.server.ServerFunctionLibrary/]: Failed to load function cavernous:myst/arena/through_return_portal
java.util.concurrent.CompletionException: java.lang.IllegalArgumentException: Whilst parsing command on line 9: Incorrect argument for command at position 39: .../teleport <--[HERE]
	at java.util.concurrent.CompletableFuture.encodeThrowable(CompletableFuture.java:315) ~[?:?]
	at java.util.concurrent.CompletableFuture.completeThrowable(CompletableFuture.java:320) ~[?:?]
	at java.util.concurrent.CompletableFuture$AsyncSupply.run(CompletableFuture.java:1770) ~[?:?]
	at java.util.concurrent.CompletableFuture$AsyncSupply.exec(CompletableFuture.java:1760) ~[?:?]
	at java.util.concurrent.ForkJoinTask.doExec(ForkJoinTask.java:373) ~[?:?]
	at java.util.concurrent.ForkJoinPool$WorkQueue.topLevelExec(ForkJoinPool.java:1182) ~[?:?]
	at java.util.concurrent.ForkJoinPool.scan(ForkJoinPool.java:1655) ~[?:?]
	at java.util.concurrent.ForkJoinPool.runWorker(ForkJoinPool.java:1622) ~[?:?]
	at java.util.concurrent.ForkJoinWorkerThread.run(ForkJoinWorkerThread.java:165) ~[?:?]
Caused by: java.lang.IllegalArgumentException: Whilst parsing command on line 9: Incorrect argument for command at position 39: .../teleport <--[HERE]
	at net.minecraft.commands.CommandFunction.m_77984_(CommandFunction.java:63) ~[server-1.20.1-20230612.114412-srg.jar%23467!/:?]
	at net.minecraft.server.ServerFunctionLibrary.m_214320_(ServerFunctionLibrary.java:83) ~[server-1.20.1-20230612.114412-srg.jar%23467!/:?]
	at java.util.concurrent.CompletableFuture$AsyncSupply.run(CompletableFuture.java:1768) ~[?:?]
	... 6 more
[23Apr2025 02:49:30.261] [main/ERROR] [net.minecraft.server.ServerFunctionLibrary/]: Failed to load function epiceldenring:cricle
java.util.concurrent.CompletionException: java.lang.IllegalArgumentException: Whilst parsing command on line 4: Invalid integer '0.01' at position 121: ...0.15 0.15 <--[HERE]
	at java.util.concurrent.CompletableFuture.encodeThrowable(CompletableFuture.java:315) ~[?:?]
	at java.util.concurrent.CompletableFuture.completeThrowable(CompletableFuture.java:320) ~[?:?]
	at java.util.concurrent.CompletableFuture$AsyncSupply.run(CompletableFuture.java:1770) ~[?:?]
	at java.util.concurrent.CompletableFuture$AsyncSupply.exec(CompletableFuture.java:1760) ~[?:?]
	at java.util.concurrent.ForkJoinTask.doExec(ForkJoinTask.java:373) ~[?:?]
	at java.util.concurrent.ForkJoinPool$WorkQueue.topLevelExec(ForkJoinPool.java:1182) ~[?:?]
	at java.util.concurrent.ForkJoinPool.scan(ForkJoinPool.java:1655) ~[?:?]
	at java.util.concurrent.ForkJoinPool.runWorker(ForkJoinPool.java:1622) ~[?:?]
	at java.util.concurrent.ForkJoinWorkerThread.run(ForkJoinWorkerThread.java:165) ~[?:?]
Caused by: java.lang.IllegalArgumentException: Whilst parsing command on line 4: Invalid integer '0.01' at position 121: ...0.15 0.15 <--[HERE]
	at net.minecraft.commands.CommandFunction.m_77984_(CommandFunction.java:63) ~[server-1.20.1-20230612.114412-srg.jar%23467!/:?]
	at net.minecraft.server.ServerFunctionLibrary.m_214320_(ServerFunctionLibrary.java:83) ~[server-1.20.1-20230612.114412-srg.jar%23467!/:?]
	at java.util.concurrent.CompletableFuture$AsyncSupply.run(CompletableFuture.java:1768) ~[?:?]
	... 6 more
[23Apr2025 02:49:30.262] [main/ERROR] [net.minecraft.server.ServerFunctionLibrary/]: Failed to load function cavernous:myst/arena/teleport
java.util.concurrent.CompletionException: java.lang.IllegalArgumentException: Whilst parsing command on line 1: Unknown or incomplete command, see below for error at position 0: <--[HERE]
	at java.util.concurrent.CompletableFuture.encodeThrowable(CompletableFuture.java:315) ~[?:?]
	at java.util.concurrent.CompletableFuture.completeThrowable(CompletableFuture.java:320) ~[?:?]
	at java.util.concurrent.CompletableFuture$AsyncSupply.run(CompletableFuture.java:1770) ~[?:?]
	at java.util.concurrent.CompletableFuture$AsyncSupply.exec(CompletableFuture.java:1760) ~[?:?]
	at java.util.concurrent.ForkJoinTask.doExec(ForkJoinTask.java:373) ~[?:?]
	at java.util.concurrent.ForkJoinPool$WorkQueue.topLevelExec(ForkJoinPool.java:1182) ~[?:?]
	at java.util.concurrent.ForkJoinPool.scan(ForkJoinPool.java:1655) ~[?:?]
	at java.util.concurrent.ForkJoinPool.runWorker(ForkJoinPool.java:1622) ~[?:?]
	at java.util.concurrent.ForkJoinWorkerThread.run(ForkJoinWorkerThread.java:165) ~[?:?]
Caused by: java.lang.IllegalArgumentException: Whilst parsing command on line 1: Unknown or incomplete command, see below for error at position 0: <--[HERE]
	at net.minecraft.commands.CommandFunction.m_77984_(CommandFunction.java:63) ~[server-1.20.1-20230612.114412-srg.jar%23467!/:?]
	at net.minecraft.server.ServerFunctionLibrary.m_214320_(ServerFunctionLibrary.java:83) ~[server-1.20.1-20230612.114412-srg.jar%23467!/:?]
	at java.util.concurrent.CompletableFuture$AsyncSupply.run(CompletableFuture.java:1768) ~[?:?]
	... 6 more
[23Apr2025 02:49:30.262] [main/ERROR] [net.minecraft.server.ServerFunctionLibrary/]: Failed to load function cavernous:secrets/items/ancient_armor/calc
java.util.concurrent.CompletionException: java.lang.IllegalArgumentException: Whilst parsing command on line 32: Incorrect argument for command at position 61: ...ve_health <--[HERE]
	at java.util.concurrent.CompletableFuture.encodeThrowable(CompletableFuture.java:315) ~[?:?]
	at java.util.concurrent.CompletableFuture.completeThrowable(CompletableFuture.java:320) ~[?:?]
	at java.util.concurrent.CompletableFuture$AsyncSupply.run(CompletableFuture.java:1770) ~[?:?]
	at java.util.concurrent.CompletableFuture$AsyncSupply.exec(CompletableFuture.java:1760) ~[?:?]
	at java.util.concurrent.ForkJoinTask.doExec(ForkJoinTask.java:373) ~[?:?]
	at java.util.concurrent.ForkJoinPool$WorkQueue.topLevelExec(ForkJoinPool.java:1182) ~[?:?]
	at java.util.concurrent.ForkJoinPool.scan(ForkJoinPool.java:1655) ~[?:?]
	at java.util.concurrent.ForkJoinPool.runWorker(ForkJoinPool.java:1622) ~[?:?]
	at java.util.concurrent.ForkJoinWorkerThread.run(ForkJoinWorkerThread.java:165) ~[?:?]
Caused by: java.lang.IllegalArgumentException: Whilst parsing command on line 32: Incorrect argument for command at position 61: ...ve_health <--[HERE]
	at net.minecraft.commands.CommandFunction.m_77984_(CommandFunction.java:63) ~[server-1.20.1-20230612.114412-srg.jar%23467!/:?]
	at net.minecraft.server.ServerFunctionLibrary.m_214320_(ServerFunctionLibrary.java:83) ~[server-1.20.1-20230612.114412-srg.jar%23467!/:?]
	at java.util.concurrent.CompletableFuture$AsyncSupply.run(CompletableFuture.java:1768) ~[?:?]
	... 6 more
[23Apr2025 02:49:30.262] [main/ERROR] [net.minecraft.server.ServerFunctionLibrary/]: Failed to load function epiceldenring:rennala4
java.util.concurrent.CompletionException: java.lang.IllegalArgumentException: Whilst parsing command on line 1: Invalid or unknown entity type 'epiceldenring:rennala' at position 19: ...t @e[type=<--[HERE]
	at java.util.concurrent.CompletableFuture.encodeThrowable(CompletableFuture.java:315) ~[?:?]
	at java.util.concurrent.CompletableFuture.completeThrowable(CompletableFuture.java:320) ~[?:?]
	at java.util.concurrent.CompletableFuture$AsyncSupply.run(CompletableFuture.java:1770) ~[?:?]
	at java.util.concurrent.CompletableFuture$AsyncSupply.exec(CompletableFuture.java:1760) ~[?:?]
	at java.util.concurrent.ForkJoinTask.doExec(ForkJoinTask.java:373) ~[?:?]
	at java.util.concurrent.ForkJoinPool$WorkQueue.topLevelExec(ForkJoinPool.java:1182) ~[?:?]
	at java.util.concurrent.ForkJoinPool.scan(ForkJoinPool.java:1655) ~[?:?]
	at java.util.concurrent.ForkJoinPool.runWorker(ForkJoinPool.java:1622) ~[?:?]
	at java.util.concurrent.ForkJoinWorkerThread.run(ForkJoinWorkerThread.java:165) ~[?:?]
Caused by: java.lang.IllegalArgumentException: Whilst parsing command on line 1: Invalid or unknown entity type 'epiceldenring:rennala' at position 19: ...t @e[type=<--[HERE]
	at net.minecraft.commands.CommandFunction.m_77984_(CommandFunction.java:63) ~[server-1.20.1-20230612.114412-srg.jar%23467!/:?]
	at net.minecraft.server.ServerFunctionLibrary.m_214320_(ServerFunctionLibrary.java:83) ~[server-1.20.1-20230612.114412-srg.jar%23467!/:?]
	at java.util.concurrent.CompletableFuture$AsyncSupply.run(CompletableFuture.java:1768) ~[?:?]
	... 6 more
[23Apr2025 02:49:30.263] [main/ERROR] [net.minecraft.server.ServerFunctionLibrary/]: Failed to load function epiceldenring:rennala2
java.util.concurrent.CompletionException: java.lang.IllegalArgumentException: Whilst parsing command on line 1: Invalid or unknown entity type 'epiceldenring:rennala' at position 19: ...t @e[type=<--[HERE]
	at java.util.concurrent.CompletableFuture.encodeThrowable(CompletableFuture.java:315) ~[?:?]
	at java.util.concurrent.CompletableFuture.completeThrowable(CompletableFuture.java:320) ~[?:?]
	at java.util.concurrent.CompletableFuture$AsyncSupply.run(CompletableFuture.java:1770) ~[?:?]
	at java.util.concurrent.CompletableFuture$AsyncSupply.exec(CompletableFuture.java:1760) ~[?:?]
	at java.util.concurrent.ForkJoinTask.doExec(ForkJoinTask.java:373) ~[?:?]
	at java.util.concurrent.ForkJoinPool$WorkQueue.topLevelExec(ForkJoinPool.java:1182) ~[?:?]
	at java.util.concurrent.ForkJoinPool.scan(ForkJoinPool.java:1655) ~[?:?]
	at java.util.concurrent.ForkJoinPool.runWorker(ForkJoinPool.java:1622) ~[?:?]
	at java.util.concurrent.ForkJoinWorkerThread.run(ForkJoinWorkerThread.java:165) ~[?:?]
Caused by: java.lang.IllegalArgumentException: Whilst parsing command on line 1: Invalid or unknown entity type 'epiceldenring:rennala' at position 19: ...t @e[type=<--[HERE]
	at net.minecraft.commands.CommandFunction.m_77984_(CommandFunction.java:63) ~[server-1.20.1-20230612.114412-srg.jar%23467!/:?]
	at net.minecraft.server.ServerFunctionLibrary.m_214320_(ServerFunctionLibrary.java:83) ~[server-1.20.1-20230612.114412-srg.jar%23467!/:?]
	at java.util.concurrent.CompletableFuture$AsyncSupply.run(CompletableFuture.java:1768) ~[?:?]
	... 6 more
[23Apr2025 02:49:30.264] [main/ERROR] [net.minecraft.tags.TagLoader/]: Couldn't load tag minecraft:tick as it is missing following references: geyser:tick_check (from Fantactic Biomes Cave 2.1.2 1.20+1.20.4-for+fab.jar)
[23Apr2025 02:49:30.264] [main/ERROR] [net.minecraft.tags.TagLoader/]: Couldn't load tag minecraft:load as it is missing following references: geyser:load (from Fantactic Biomes Cave 2.1.2 1.20+1.20.4-for+fab.jar)
[23Apr2025 02:49:30.281] [main/ERROR] [net.minecraft.server.ServerAdvancementManager/]: Parsing error loading custom advancement knightquest:recipes/misc/great_chalice: Missing criteria, expected to find a JsonObject
[23Apr2025 02:49:30.312] [main/ERROR] [net.minecraft.server.ServerAdvancementManager/]: Parsing error loading custom advancement knightquest:recipes/misc/totem_of_undying_to_small_essence: Missing criteria, expected to find a JsonObject
[23Apr2025 02:49:30.319] [main/ERROR] [net.minecraft.server.ServerAdvancementManager/]: Parsing error loading custom advancement overweight_farming:husbandry/peel_overweight_onion: Failed to parse 'location' field
[23Apr2025 02:49:30.333] [main/ERROR] [net.minecraft.server.ServerAdvancementManager/]: Parsing error loading custom advancement overweight_farming:husbandry/unpeel_vegetables: Failed to parse 'location' field
[23Apr2025 02:49:30.366] [main/ERROR] [net.minecraft.server.ServerAdvancementManager/]: Parsing error loading custom advancement knightquest:recipes/misc/nether_star_to_small_essence: Missing criteria, expected to find a JsonObject
[23Apr2025 02:49:30.380] [main/ERROR] [net.minecraft.server.ServerAdvancementManager/]: Parsing error loading custom advancement knightquest:recipes/misc/heart_of_the_sea_to_small_essence: Missing criteria, expected to find a JsonObject
[23Apr2025 02:49:30.383] [main/ERROR] [net.minecraft.server.ServerAdvancementManager/]: Parsing error loading custom advancement knightquest:recipes/misc/great_essence_to_small_essence: Missing criteria, expected to find a JsonObject
[23Apr2025 02:49:30.395] [main/ERROR] [net.minecraft.server.ServerAdvancementManager/]: Parsing error loading custom advancement knightquest:recipes/misc/empty_goblet: Missing criteria, expected to find a JsonObject
[23Apr2025 02:49:30.421] [main/ERROR] [net.minecraft.server.ServerAdvancementManager/]: Parsing error loading custom advancement knightquest:recipes/misc/small_essence_to_great_essence: Missing criteria, expected to find a JsonObject
[23Apr2025 02:49:30.431] [main/ERROR] [net.minecraft.server.ServerAdvancementManager/]: Parsing error loading custom advancement knightquest:recipes/misc/elytra_to_small_essence: Missing criteria, expected to find a JsonObject
[23Apr2025 02:49:30.433] [main/ERROR] [net.minecraft.server.ServerAdvancementManager/]: Parsing error loading custom advancement totw_modded:root: Expected item to be an item, was unknown string 'waystones:mossy_waystone'
[23Apr2025 02:49:30.501] [main/ERROR] [net.minecraft.advancements.AdvancementList/]: Couldn't load advancement totw_modded:regular_tower: Task Advancement{parentId=totw_modded:root, display=net.minecraft.advancements.DisplayInfo@27500c21, rewards=AdvancementRewards{experience=0, loot=[], recipes=[], function=net.minecraft.commands.CommandFunction$CacheableFunction@563c0578}, criteria={regular=net.minecraft.advancements.Criterion@44678d01}, requirements=[[regular]], sends_telemetry_event=false}
[23Apr2025 02:49:30.501] [main/ERROR] [net.minecraft.advancements.AdvancementList/]: Couldn't load advancement totw_modded:derelict_grass_tower: Task Advancement{parentId=totw_modded:root, display=net.minecraft.advancements.DisplayInfo@5ae30d1d, rewards=AdvancementRewards{experience=0, loot=[], recipes=[], function=net.minecraft.commands.CommandFunction$CacheableFunction@563c0578}, criteria={derelict_grass=net.minecraft.advancements.Criterion@22148cc5}, requirements=[[derelict_grass]], sends_telemetry_event=false}
[23Apr2025 02:49:30.501] [main/ERROR] [net.minecraft.advancements.AdvancementList/]: Couldn't load advancement totw_modded:derelict_tower: Task Advancement{parentId=totw_modded:root, display=net.minecraft.advancements.DisplayInfo@738c423a, rewards=AdvancementRewards{experience=0, loot=[], recipes=[], function=net.minecraft.commands.CommandFunction$CacheableFunction@563c0578}, criteria={derelict=net.minecraft.advancements.Criterion@75f89a2a}, requirements=[[derelict]], sends_telemetry_event=false}
[23Apr2025 02:49:30.501] [main/ERROR] [net.minecraft.advancements.AdvancementList/]: Couldn't load advancement totw_modded:ice_tower: Task Advancement{parentId=totw_modded:root, display=net.minecraft.advancements.DisplayInfo@502f079b, rewards=AdvancementRewards{experience=0, loot=[], recipes=[], function=net.minecraft.commands.CommandFunction$CacheableFunction@563c0578}, criteria={ice=net.minecraft.advancements.Criterion@61b7fe7e}, requirements=[[ice]], sends_telemetry_event=false}
[23Apr2025 02:49:30.501] [main/ERROR] [net.minecraft.advancements.AdvancementList/]: Couldn't load advancement totw_modded:jungle_tower: Task Advancement{parentId=totw_modded:root, display=net.minecraft.advancements.DisplayInfo@2d0e9cd, rewards=AdvancementRewards{experience=0, loot=[], recipes=[], function=net.minecraft.commands.CommandFunction$CacheableFunction@563c0578}, criteria={jungle=net.minecraft.advancements.Criterion@5c4ab3e7}, requirements=[[jungle]], sends_telemetry_event=false}
[23Apr2025 02:49:30.501] [main/INFO] [net.minecraft.advancements.AdvancementList/]: Loaded 5672 advancements
[23Apr2025 02:49:30.584] [main/INFO] [top.theillusivec4.curios.Curios/]: Loaded 11 curio slots
[23Apr2025 02:49:30.595] [main/INFO] [top.theillusivec4.curios.Curios/]: Loaded 1 curio entities
[23Apr2025 02:49:33.758] [main/WARN] [epicfight/]: Error while deserializing datapack for simplyswords:netherite_chakram
[23Apr2025 02:49:36.609] [main/WARN] [epicfight/]: Error while deserializing datapack for epicsoulsbosses:gaelgreatsworddd
[23Apr2025 02:49:39.206] [main/WARN] [epicfight/]: Error while deserializing datapack for simplyswords:tempest
[23Apr2025 02:49:39.966] [main/WARN] [epicfight/]: Error while deserializing datapack for simplyswords:runic_chakram
[23Apr2025 02:49:45.352] [main/WARN] [epicfight/]: Error while deserializing datapack for simplyswords:iron_chakram
[23Apr2025 02:49:46.038] [main/WARN] [epicfight/]: Error while deserializing datapack for simplyswords:gold_chakram
[23Apr2025 02:49:46.769] [main/WARN] [epicfight/]: Can't find a particle type epicfight:entity.hit.blade in epicfight:spgreatsword
[23Apr2025 02:49:46.949] [main/WARN] [epicfight/]: Error while deserializing datapack for magistuarmory:silver_morgenstern
[23Apr2025 02:49:46.951] [main/WARN] [epicfight/]: Error while deserializing datapack for simplyswords:diamond_chakram
[23Apr2025 02:49:47.226] [main/INFO] [rechiseled/]: Loaded 44 chiseling recipes
[23Apr2025 02:49:47.237] [main/WARN] [net.minecraftforge.common.loot.LootModifierManager/]: Could not decode GlobalLootModifier with json id lookinsharp:weakening_artifact - error: Not a JSON object: null
[23Apr2025 02:49:47.238] [main/INFO] [com.github.nyuppo.MoreMobVariants/]: Reloading config...
[23Apr2025 02:49:47.276] [main/INFO] [twilightforest/]: Loaded 9 Stalactite configs!
[23Apr2025 02:49:47.322] [main/WARN] [net.minecraftforge.registries.NamespacedWrapper/]: Not all defined tags for registry ResourceKey[minecraft:root / minecraft:block] are present in data pack: block_utils:v1.1/transparent, 
	c:bookshelves, 
	c:chests, 
	c:glass_blocks, 
	c:glass_panes, 
	c:ores, 
	c:quartz_ores, 
	cavernous:can_teleport_through, 
	cavernous:torch_replaceable, 
	minecraft:cauldons
[23Apr2025 02:49:47.344] [main/WARN] [net.minecraft.core.MappedRegistry/]: Not all defined tags for registry ResourceKey[minecraft:root / minecraft:worldgen/biome] are present in data pack: minecraft:is_mountains, totw_modded:has_structure/aether_tower, totw_modded:has_structure/everbright_tower, totw_modded:has_structure/everdawn_tower, totw_modded:has_structure/glacio_tower, totw_modded:has_structure/mars_tower, totw_modded:has_structure/mercury_tower, totw_modded:has_structure/moon_tower, totw_modded:has_structure/ratlantis_tower, totw_modded:has_structure/venus_tower
[23Apr2025 02:49:55.289] [Server thread/INFO] [net.minecraft.server.dedicated.DedicatedServer/]: Starting minecraft server version 1.20.1
[23Apr2025 02:49:55.290] [Server thread/INFO] [net.minecraft.server.dedicated.DedicatedServer/]: Loading properties
[23Apr2025 02:49:55.290] [Server thread/INFO] [net.minecraft.server.dedicated.DedicatedServer/]: Default game type: SURVIVAL
[23Apr2025 02:49:55.290] [Server thread/INFO] [net.minecraft.server.MinecraftServer/]: Generating keypair
[23Apr2025 02:49:55.365] [Server thread/INFO] [net.minecraft.server.dedicated.DedicatedServer/]: Starting Minecraft server on *:25565
[23Apr2025 02:49:55.405] [Server thread/INFO] [net.minecraft.server.network.ServerConnectionListener/]: Using epoll channel type
[23Apr2025 02:49:55.478] [Server thread/WARN] [net.minecraft.server.dedicated.DedicatedServer/]: **** SERVER IS RUNNING IN OFFLINE/INSECURE MODE!
[23Apr2025 02:49:55.479] [Server thread/WARN] [net.minecraft.server.dedicated.DedicatedServer/]: The server will make no attempt to authenticate usernames. Beware.
[23Apr2025 02:49:55.479] [Server thread/WARN] [net.minecraft.server.dedicated.DedicatedServer/]: While this makes the game possible to play without internet access, it also opens up the ability for hackers to connect with any username they choose.
[23Apr2025 02:49:55.479] [Server thread/WARN] [net.minecraft.server.dedicated.DedicatedServer/]: To change this, set "online-mode" to "true" in the server.properties file.
[23Apr2025 02:49:55.503] [Server thread/INFO] [Puzzles Lib/]: Loading server config for universalbonemeal
[23Apr2025 02:49:55.503] [Thread-3/INFO] [Puzzles Lib/]: Reloading server config for universalbonemeal
[23Apr2025 02:49:55.504] [Thread-3/INFO] [Puzzles Lib/]: Reloading server config for universalbonemeal
[23Apr2025 02:49:55.515] [Server thread/INFO] [Puzzles Lib/]: Loading server config for hangglider
[23Apr2025 02:49:55.516] [Thread-3/INFO] [Puzzles Lib/]: Reloading server config for hangglider
[23Apr2025 02:49:55.518] [Server thread/INFO] [Puzzles Lib/]: Loading server config for easymagic
[23Apr2025 02:49:55.518] [Thread-3/INFO] [Puzzles Lib/]: Reloading server config for hangglider
[23Apr2025 02:49:55.519] [Server thread/INFO] [journeymap/]: Loading JourneyMap Forge Configs
[23Apr2025 02:49:55.521] [Thread-3/INFO] [journeymap/]: Loading JourneyMap Forge Configs
[23Apr2025 02:49:56.471] [Server thread/INFO] [terrablender/]: Initialized TerraBlender biomes for level stem minecraft:the_nether
[23Apr2025 02:49:56.849] [Server thread/INFO] [terrablender/]: Initialized TerraBlender biomes for level stem minecraft:overworld
[23Apr2025 02:49:56.853] [Server thread/INFO] [net.minecraft.server.dedicated.DedicatedServer/]: Preparing level "Pandora"
[23Apr2025 02:50:01.036] [Server thread/INFO] [net.minecraft.server.MinecraftServer/]: Preparing start region for dimension minecraft:overworld
[23Apr2025 02:50:06.719] [Worker-Main-3/INFO] [net.minecraft.server.level.progress.LoggerChunkProgressListener/]: Preparing spawn area: 0%
[23Apr2025 02:50:06.766] [Worker-Main-3/INFO] [net.minecraft.server.level.progress.LoggerChunkProgressListener/]: Preparing spawn area: 0%
[23Apr2025 02:50:06.779] [Worker-Main-1/INFO] [net.minecraft.server.level.progress.LoggerChunkProgressListener/]: Preparing spawn area: 0%
[23Apr2025 02:50:06.827] [Worker-Main-1/INFO] [net.minecraft.server.level.progress.LoggerChunkProgressListener/]: Preparing spawn area: 0%
[23Apr2025 02:50:06.841] [Worker-Main-1/INFO] [net.minecraft.server.level.progress.LoggerChunkProgressListener/]: Preparing spawn area: 0%
[23Apr2025 02:50:06.848] [Worker-Main-2/INFO] [net.minecraft.server.level.progress.LoggerChunkProgressListener/]: Preparing spawn area: 0%
[23Apr2025 02:50:06.860] [Worker-Main-1/INFO] [net.minecraft.server.level.progress.LoggerChunkProgressListener/]: Preparing spawn area: 0%
[23Apr2025 02:50:06.876] [Worker-Main-2/INFO] [net.minecraft.server.level.progress.LoggerChunkProgressListener/]: Preparing spawn area: 0%
[23Apr2025 02:50:06.884] [Worker-Main-1/INFO] [net.minecraft.server.level.progress.LoggerChunkProgressListener/]: Preparing spawn area: 0%
[23Apr2025 02:50:06.965] [Worker-Main-2/INFO] [net.minecraft.server.level.progress.LoggerChunkProgressListener/]: Preparing spawn area: 0%
[23Apr2025 02:50:06.994] [Worker-Main-1/INFO] [net.minecraft.server.level.progress.LoggerChunkProgressListener/]: Preparing spawn area: 0%
[23Apr2025 02:50:07.050] [Worker-Main-1/INFO] [net.minecraft.server.level.progress.LoggerChunkProgressListener/]: Preparing spawn area: 0%
[23Apr2025 02:50:07.063] [Worker-Main-2/INFO] [net.minecraft.server.level.progress.LoggerChunkProgressListener/]: Preparing spawn area: 0%
[23Apr2025 02:50:07.544] [Worker-Main-1/INFO] [net.minecraft.server.level.progress.LoggerChunkProgressListener/]: Preparing spawn area: 0%
[23Apr2025 02:50:08.800] [Worker-Main-2/INFO] [net.minecraft.server.level.progress.LoggerChunkProgressListener/]: Preparing spawn area: 0%
[23Apr2025 02:50:08.802] [Worker-Main-1/INFO] [net.minecraft.server.level.progress.LoggerChunkProgressListener/]: Preparing spawn area: 0%
[23Apr2025 02:50:09.037] [Worker-Main-3/INFO] [net.minecraft.server.level.progress.LoggerChunkProgressListener/]: Preparing spawn area: 0%
[23Apr2025 02:50:09.537] [Worker-Main-1/INFO] [net.minecraft.server.level.progress.LoggerChunkProgressListener/]: Preparing spawn area: 57%
[23Apr2025 02:50:09.977] [Server thread/INFO] [net.minecraft.server.level.progress.LoggerChunkProgressListener/]: Time elapsed: 8941 ms
[23Apr2025 02:50:09.978] [Server thread/INFO] [net.minecraft.server.dedicated.DedicatedServer/]: Done (14.486s)! For help, type "help"
[23Apr2025 02:50:10.079] [Server thread/INFO] [net.minecraftforge.server.permission.PermissionAPI/]: Successfully initialized permission handler forge:default_handler
[23Apr2025 02:50:10.082] [Server thread/INFO] [corail_woodcutter/]: 217 woodcutting recipes loaded
[23Apr2025 02:50:10.082] [Server thread/INFO] [ring_of_teleport/]: RingOfTeleport server setup
[23Apr2025 02:50:10.082] [Server thread/INFO] [net.stardustlabs.incendium.Incendium/]: Thanks for choosing Incendium!
[23Apr2025 02:50:10.082] [Server thread/INFO] [com.becks.uniquedungeons.UniqueDungeons/]: HELLO from server starting
[23Apr2025 02:50:10.119] [Server thread/INFO] [net.stardustlabs.nullscape.Nullscape/]: Thanks for choosing Nullscape!
[23Apr2025 02:50:10.120] [Server thread/INFO] [com.github.alexthe666.iceandfire.IceAndFire/]: {iceandfire:fire_dragon_roost=true, iceandfire:fire_lily=true, iceandfire:spawn_dragon_skeleton_fire=true, iceandfire:lightning_dragon_roost=true, iceandfire:spawn_dragon_skeleton_lightning=true, iceandfire:ice_dragon_roost=true, iceandfire:ice_dragon_cave=true, iceandfire:lightning_dragon_cave=true, iceandfire:cyclops_cave=true, iceandfire:spawn_wandering_cyclops=true, iceandfire:spawn_sea_serpent=true, iceandfire:frost_lily=true, iceandfire:hydra_cave=true, iceandfire:lightning_lily=true, iceandfire:pixie_village=true, iceandfire:myrmex_hive_jungle=true, iceandfire:myrmex_hive_desert=true, iceandfire:silver_ore=true, iceandfire:siren_island=true, iceandfire:spawn_dragon_skeleton_ice=true, iceandfire:spawn_stymphalian_bird=true, iceandfire:fire_dragon_cave=true, iceandfire:sapphire_ore=true, iceandfire:spawn_hippocampus=true, iceandfire:spawn_death_worm=true}
[23Apr2025 02:50:10.121] [Server thread/INFO] [com.github.alexthe666.iceandfire.IceAndFire/]: {TROLL_S=true, HIPPOGRYPH=true, AMPHITHERE=true, COCKATRICE=true, TROLL_M=true, DREAD_LICH=true, TROLL_F=true}
[23Apr2025 02:51:48.381] [Server thread/INFO] [net.minecraft.server.players.PlayerList/]: Zeadra[/100.125.149.73:50598] logged in with entity id 165 at (73.66169831766912, 67.0625, 1266.946246261308)
[23Apr2025 02:51:48.489] [Server thread/INFO] [net.minecraft.server.MinecraftServer/]: Zeadra joined the game
[23Apr2025 02:51:48.646] [Server thread/INFO] [Jade/]: Syncing config to Zeadra (399e87d5-252f-3032-a0a3-9a1618a59020)
[23Apr2025 02:51:50.907] [Server thread/WARN] [net.minecraft.server.MinecraftServer/]: Can't keep up! Is the server overloaded? Running 2586ms or 51 ticks behind
[23Apr2025 02:52:15.346] [Server thread/INFO] [do_a_barrel_roll/]: Client of Zeadra accepted server config.
[23Apr2025 02:53:11.328] [Server thread/INFO] [net.minecraft.server.players.PlayerList/]: Angelitrona12[/100.103.253.57:50494] logged in with entity id 642 at (71.62818626620599, 67.0, 1265.501180716683)
[23Apr2025 02:53:11.355] [Server thread/INFO] [net.minecraft.server.MinecraftServer/]: Angelitrona12 joined the game
[23Apr2025 02:53:11.512] [Server thread/INFO] [Jade/]: Syncing config to Angelitrona12 (01f0612d-e314-32a0-89a0-b6e3fd6d644b)
[23Apr2025 02:53:27.520] [Server thread/INFO] [do_a_barrel_roll/]: Client of Angelitrona12 accepted server config.
[23Apr2025 02:54:04.573] [Server thread/WARN] [net.minecraft.server.level.ServerLevel/]: Tried to add entity ancient_elements:undead_miner but it was marked as removed already
[23Apr2025 02:54:04.574] [Server thread/WARN] [net.minecraft.server.level.ServerLevel/]: Tried to add entity ancient_elements:undead_miner but it was marked as removed already
[23Apr2025 02:54:43.224] [Server thread/WARN] [net.minecraft.server.level.ServerLevel/]: Tried to add entity ancient_elements:undead_miner but it was marked as removed already
